id,date,time,author_id,author,text,link
1,2025/4/3（週四） 17:11,17:11,501,501-0723486Mason,四月小作文-0050元大台灣50,https://1drv.ms/u/s!AoaAyZHt1qThgRnnZPjmjLXlpMal?e=QtBZG4
2,2025/4/3（週四） 17:13,17:13,502,⚡⭐502-0724579 Cowboy,四月小作文-來頡6799,https://drive.google.com/file/d/1RUl7XhxyJpxKO4RBX0AxeeyD4ABYPU_l/view?usp=sharing
3,2025/4/4（週五） 17:46,17:46,504,504-0718103Leo,四月小作文-精確3162,https://docs.google.com/document/d/16TkL54YmFAToS1UR26VdV_mYgr8bCAml/edit?tab=t.0
4,2025/4/4（週五） 17:48,17:48,505,505-0724540捲髮狼,四月小作文-5515建國,https://drive.google.com/file/d/1dwnVczcEvhIIj5TOXRHVow876da6zAGp/view?usp=drivesdk
5,2025/4/5（週六） 12:21,12:21,383,383-0488695 三寶,小作文-2424隴華,https://docs.google.com/document/d/10nDGa7nWuSZCLhU9qtR_VW8Cx-yQllk5/edit?usp=drive_link&ouid=105443695704290227678&rtpof=true&sd=true
6,2025/4/5（週六） 13:19,13:19,421,421-0299033青蛙狼,,https://docs.google.com/document/d/1-OeWOZfZ8-KQb2-S-QhfthC7k-UPb4KofyzmLiGT17Y/edit
7,2025/4/5（週六） 14:09,14:09,503,503-0551726千千,四月小作文-日月光投控 3711,https://drive.google.com/file/d/1ADg9NnB10z3qjnSZPOn6BLh_Fz8wjY9T/view?usp=sharing
8,2025/4/5（週六） 14:14,14:14,506,506-0723994 樂觀感恩,四月小作文-TIPT,https://docs.google.com/document/d/1W2vOOJBLSdoRWxmjh7x3S5nyYvW1YaUenZxGpB28hSA/edit?usp=sharing
9,2025/4/5（週六） 14:50,14:50,381,381-0491048彼得森,小作文-3434哲固,https://docs.google.com/document/d/1J4ZO4YkbQefHXUjjqTz0tp47bSOqTX_6MsWsf4tHHKk/edit?tab=t.0
10,2025/4/5（週六） 15:17,15:17,440,440-0208121  voice,3月小作文-2383台光電,https://docs.google.com/document/d/1XdqN_JI8so3cJYskXKZGqKhhw3XTb7nu/edit?usp=sharing&ouid=112140481029709627573&rtpof=true&sd=true
11,2025/4/5（週六） 19:12,19:12,414,414-0505439JCCC,三月份小作文-大成鋼-2027,https://www.dropbox.com/scl/fi/ji8p822xcgvi3efq9l2r3/2027-JCCC.docx?rlkey=djtg9ba6hoae8yoz36332lybw&st=g5v3akab&dl=0
12,2025/4/5（週六） 21:41,21:41,434,434-0547510菲獅,四月小作文-聯發科2454,https://docs.google.com/document/d/1cZkdPLu1swM61r2CEHZpRzsnp9NaoYy6LvIvcxODvOw/edit?tab=t.0
13,2025/4/5（週六） 23:16,23:16,441,441-0558088田橋子,,https://docs.google.com/document/d/10lCS49RS2wA1AfZF6qnF7cpavj_NzrfEAMpzOH1gin8/edit
14,2025/4/5（週六） 23:40,23:40,428,428-0429751貝卡,3月小作文- 鴻海(2317),https://docs.google.com/document/d/1AhIMeRaLiTVQccemmE-_WbcNTdRsIU5nzWoXqZ5T3Gg/edit?usp=sharing
15,2025/4/6（週日） 00:22,00:22,477,477-0696872過兒,四月小作文，龍巖,https://docs.google.com/document/d/10jVsypGJL9wTxitWNs-jPjcvOerC8G-sw_4ouflfUOo/edit?usp=sharing
16,2025/4/6（週日） 16:34,16:34,507,507-0707376shihhan,四月小作文-閎康（3587）,https://docs.google.com/document/d/11m5SjeaSN3HQIgSSlgNjQpdrjBrladZj/edit?usp=drive_link&ouid=117966200728833153923&rtpof=true&sd=true
17,2025/4/6（週日） 17:28,17:28,508,508-0324115 Sean,四月小作文-敬鵬 2355,https://docs.google.com/document/d/1u5glQpgm2k7-To-A_Zqz4hVW8Ivl_8IavXlxnbst_nc/edit?tab=t.0
18,2025/4/6（週日） 23:11,23:11,463,463-0428875JoeC,三月小作文-智原3035,https://docs.google.com/document/d/1dnlXErU0HtkmyuNLvHrRavl8Dccgdry92Xd53QInGL0/edit?usp=sharing
19,2025/4/6（週日） 23:15,23:15,377,377-0399496-99496-糸隹,四月小作文-2634漢翔,https://docs.google.com/file/d/1IckbvXfOLIwZBBtgJJ1lUiGj9CqgFXUw/edit?usp=docslist_api&filetype=msword
20,2025/4/6（週日） 23:56,23:56,392,392-0426534定宏,三月的小作文,https://docs.google.com/document/d/1JtDMnnpg3cjVJB74ox4x7rwUueZOBglDpC-cvMIptmQ/edit
21,2025/4/7（週一） 00:27,00:27,424,424-0528115guidex,三月的小作文  6739 竹陞科技,https://drive.google.com/file/d/1PMnOOENY2ncXjGStdiFKx6dGmNjcoL0w/view?usp=drive_link
22,2025/4/7（週一） 00:49,00:49,418,418-0521235Dave,三月小作文 籌碼分析5309,https://docs.google.com/document/d/198lcI2tvcdmaD7j4tZu4NOwiTxQrjpBg1Io9VvytSxQ/edit?usp=sharing
23,2025/4/7（週一） 09:48,09:48,459,459-0677503登大狼小海龜拔拔,,https://docs.google.com/document/d/1YZLRuvlZJASOOuVCdRAljAbaDbmFe2QB/edit?usp=drivesdk&ouid=113713286884009637132&rtpof=true&sd=true
24,2025/4/7（週一） 19:04,19:04,509,🔥📊⚡️ ⭐ 509-0726577小棕熊,,https://docs.google.com/document/d/11HU7sXPrUIMwHoxO3rfr8XIy6MCDufK0co0luX21o7s/edit?usp=sharing
25,2025/4/7（週一） 19:20,19:20,510,510-0726629小平,,https://docs.google.com/document/d/1SUh62gS-m8DofEM1jidShQ28Ly81Pxeu11qgOWhfjN4/edit?usp=drivesdk
26,2025/4/7（週一） 22:19,22:19,400,400-0430135 公園居民汪喵,四月小作文-大車隊 2640,https://docs.google.com/document/d/1PzIngQ8pWeKcd_XH2iJpcKl-kNN0wYev/edit?usp=sharing&ouid=110608643445230767980&rtpof=true&sd=true
27,2025/4/7（週一） 23:16,23:16,398,398-0502254昶,,https://docs.google.com/document/d/1Qj3MA2_7wc23NnlZxHVw_hv2CEKA4zf5/edit?usp=sharing&ouid=100414953647297667793&rtpof=true&sd=true
28,2025/4/8（週二） 11:49,11:49,455,455-0540601包爺仔,3月小作文-3189景碩,https://docs.google.com/file/d/1uJc9QjE12mDQnl4zzCTJl79zJCwR2gqJ/edit?usp=docslist_api&filetype=msword
29,2025/4/8（週二） 16:59,16:59,511,511-0558402 James建智,四月小作文-中興電1513,https://drive.google.com/drive/folders/1ib0xm0U9nVltBHOOPS9SnKriMywhl-2p?usp=sharing
30,2025/4/8（週二） 17:28,17:28,513,513-0727822 Loui,四月小作文-台指期看法,https://docs.google.com/document/d/1JyOUFUUZl1yHyGIiaO_MkLxX8Z5ksC4u/edit?usp=sharing&ouid=109637127114127597175&rtpof=true&sd=true
31,2025/4/8（週二） 17:35,17:35,447,447-0429654 Samuel,狼友小作文-關稅戰之我見,https://docs.google.com/document/d/12KKgGLujQwaBG1um9Uyqn-N1TN1zkqsmRGehNC4wdl0/edit
32,2025/4/8（週二） 17:49,17:49,512,512-0726962火熱鐵甲,四月小作文-所羅門2359,https://docs.google.com/document/d/1U_sLTILu_5_SxWaJE1mSMdV8R2i0KlNY/edit?usp=drivesdk&ouid=113361946980115377856&rtpof=true&sd=true
33,2025/4/8（週二） 23:47,23:47,318,🔥⚡⭐318-0398439交易失敗,四月小作文 - 車用零組件為焦點，分析台灣、日本、韓國、東南亞與中國在美國關稅影響下的受惠程度,https://docs.google.com/document/d/10Fu1w3bP8Vwx7DAmgOLlryvc4E2lMtccLINKr9Fz-WM/edit?usp=sharing
34,2025/4/9（週三） 02:14,02:14,510,510-0726629小平,,https://docs.google.com/document/d/1FqeWeYvnNpa_dtL-ebwSa5GGQzDZ1Z6A7Wz7zlmjLuo/edit?usp=drivesdk
35,2025/4/9（週三） 02:18,02:18,510,510-0726629小平,,https://docs.google.com/document/d/1GkHG0Ck0II5s2codFarOO5wo1PYizEwqAMRTATreKkA/edit?usp=drivesdk
36,2025/4/9（週三） 12:12,12:12,510,510-0726629小平,,https://docs.google.com/document/d/1Sg2Gj8Wjo7lsM1Xb9YqYCyplYtqYfrruf5NtGQ4I0Cw/edit?usp=drivesdk
37,2025/4/9（週三） 20:32,20:32,484,484-0401708 YWL,四月小作文: 正瀚生技，美國內需股且在美國設廠,https://drive.google.com/file/d/16ND3xXSjsD1pu3MPcV7kXVv0al5LA4uO/view?usp=drive_link
38,2025/4/9（週三） 21:45,21:45,515,515-0725565ycc,四月小作文-淘帝2929,https://docs.google.com/document/d/1XnMcKMs6a4sLSfTsiJoxVYgGDvVWfIEdMP_n6nMjZ7M/edit?usp=drivesdk
39,2025/4/9（週三） 21:45,21:45,516,516-0724825EJAY,四月小作文-鉅亨2022,https://drive.google.com/file/d/1_OKncCD5QY6LEzFCmc7Oe3teR5JDbZQ4/view?usp=drivesdk
40,2025/4/9（週三） 22:34,22:34,514,514-0724883Ryan,四月小作文-昇揚半導體 8028,https://docs.google.com/document/d/1kyxhxr7-2jmowMgsmEJdLKhngxt0nZD0xbDDmaZRj8g/edit?usp=sharing
41,2025/4/10（週四） 16:46,16:46,436,436-0489908偷筆,四月小作文-櫻花建2539(更),https://docs.google.com/document/d/1Qmrc-3c456VJ7YVbDAJwYWz6Ph7VwZuTsjOApRdg_0c/edit?tab=t.0
42,2025/4/10（週四） 18:16,18:16,412,412-0432269 Abby,三月小作文-永豐金2890,https://reurl.cc/AMA8ze
43,2025/4/10（週四） 19:27,19:27,517,517-0726218HK,四月小作文-中租-ky(5871),https://docs.google.com/document/d/1a9Pgcy8YZr3yFXHYoR8k9OcMSY2H-7dZALSUSnozU1Q/edit?usp=drivesdk
44,2025/4/10（週四） 19:48,19:48,519,519-0725280 Benson,四月小作文-華碩2357,https://docs.google.com/document/d/1O-XM9aBfAcevbodAawNpz7sRrszRJ1Jj/edit?usp=drive_link&ouid=114185884775362699727&rtpof=true&sd=true
45,2025/4/10（週四） 20:06,20:06,437,⚡️⭐ 437-0548182林大大,小作文 - 擎亞（8096）,https://docs.google.com/document/d/1e-DikiETq9K3WLHUBXPvG-KTvUEwuDnX/edit?usp=sharing&ouid=102413103344657402164&rtpof=true&sd=true
46,2025/4/10（週四） 20:53,20:53,520,520-0725769森森,小作文-華新 3056,https://drive.google.com/file/d/10qxHwNG57_7aBdFhTWUJp7pjhQefhjlJ/view?usp=sharing
47,2025/4/10（週四） 21:16,21:16,518,518-0501022豆腐,四月小作文-廣宇2328,https://docs.google.com/document/d/e/2PACX-1vRuAoRT4ZlM18ilZTL-mO9Y0N-d1AVKabMWzewduTTa59FHLez-t9iejikEjzOE9SQtjyT8ulbF3f56/pub
48,2025/4/10（週四） 22:13,22:13,510,510-0726629小平,,https://docs.google.com/document/d/1uYusCHIcwS3VqWNSzmQfR6-8J1lO95u_6JaRPr8Qlk4/edit?usp=drivesdk
49,2025/4/10（週四） 22:41,22:41,460,460-0544474 Monson,三月小作文-,https://drive.google.com/file/d/1rFgcCf4TM6ree4HgYKrlQ5YqlLCd-ayT/view?usp=sharing
50,2025/4/10（週四） 22:55,22:55,466,466-0431600見龍於田,三月小作文-AVGO(博通),https://docs.google.com/document/d/1LVKu1TlKxqK0igGj5BnCMr4NqIAVgY3W1SCoiCb7OrY/edit?usp=sharing
51,2025/4/11（週五） 00:52,00:52,429,429-0531924三毛,四月小作文-全譜6228,https://docs.google.com/document/d/1bK1U-842X4WNIoK3f2HiAaDvViOFAQJx/edit?usp=sharing&ouid=104235377859924673226&rtpof=true&sd=true
52,2025/4/11（週五） 16:18,16:18,521,521-0726674 TSEN,四月小作文-燁輝2023,https://docs.google.com/document/d/1iAlkK2AiaCMNcA7Rr7xXEMpEH57xWHsf/edit?usp=drive_link&ouid=113232883362994201272&rtpof=true&sd=true
53,2025/4/11（週五） 16:21,16:21,523,523-0725002 Eason,四月小作文-青松健康6931,https://docs.google.com/document/d/1I5TnkB2pSCClVXbszcqy4fRJ0c7HWbE1/edit?usp=sharing&ouid=107307769969375441225&rtpof=true&sd=true
54,2025/4/11（週五） 16:48,16:48,524,524-0727783馬伕傑,四月小作文-TSLA,https://docs.google.com/document/d/1ob_SP1TUYTO_fky0OvMajflAH5frSl88UA9qvPbfKBo/edit?usp=drive_link
55,2025/4/11（週五） 17:14,17:14,522,522-0727110Hsin,四月小作文-材料-KY (4763),https://docs.google.com/document/d/1Xszl9z6MqstNjXIoilVYl6J_yoz7wdCu/edit?usp=drivesdk&ouid=104280978726469480618&rtpof=true&sd=true
56,2025/4/11（週五） 18:32,18:32,127,127-0398125 Gerald,特斯拉我會聽這位的日報,https://youtube.com/@dayuliaodiandong?si=gXBbx7JTHf-lskXx
57,2025/4/12（週六） 18:00,18:00,510,510-0726629小平,,https://docs.google.com/document/d/1zIsEMSW95VS8mdCo2vSgJnkePLmY-ghkj27oO-6vlII/edit?usp=drivesdk
58,2025/4/13（週日） 01:25,01:25,456,456-0666860-9tsai,3月小作文-2048南亞科,https://docs.google.com/document/d/1kngLZj9nH4TcD9vX4NPLA6zSwRA683YA/edit?usp=sharing&ouid=112149899970104848688&rtpof=true&sd=true
59,2025/4/13（週日） 12:45,12:45,527,527-0726894耀,四月小作文-聯發科2454,https://docs.google.com/file/d/1IGhRXj0gn9s1EhUynYD7xvCUlEf9SFYQ/edit?usp=docslist_api&filetype=msword
60,2025/4/13（週日） 15:06,15:06,499,499-0707318 開心北極熊,2504小作文-利用台指選擇權避險,https://docs.google.com/document/d/1YAQXlEDxwzcJMxHTddeEzShgD889zw7vzV8M_FGW9AQ/edit?usp=drivesdk
61,2025/4/13（週日） 16:46,16:46,046,046-0406114 JOY88,水資源國統小作文(AI輔助撰寫),https://docs.google.com/document/d/1ZWY5NgS2roeOMlxbJ8WsbUG1fj9jZ6gebmNOWf_ebhs/edit?usp=sharing
62,2025/4/13（週日） 18:36,18:36,528,528-0434571荒唐信,四月小作文-台積電2330,https://docs.google.com/document/d/15S7eFY737EmB4077Df3drgMwP0UgHNnzXgv37efTh5I/edit?usp=sharing
63,2025/4/13（週日） 21:53,21:53,201,201-0393638 Morgan,四月小作文-永道6863,https://docs.google.com/document/d/1DF1AKm9GGbFfSjkYmzFQNyqS3Zi4Rh8l/edit?usp=sharing&ouid=100384215663946706910&rtpof=true&sd=true
64,2025/4/14（週一） 14:53,14:53,449,449-0522027冷萃綠茶,,https://docs.google.com/document/d/16-9uUscTowmgaxeqEvkdgjflpuDACcSCdc4Jo60gQrw/edit?usp=drivesdk
65,2025/4/14（週一） 16:00,16:00,529,529-0729189 書蟲,四月小作文-世紀*5314,https://drive.google.com/file/d/1-psCAvXMJ8COJEt8nUFNt_9XyUnxldpX/view?usp=sharing
66,2025/4/14（週一） 16:01,16:01,531,531-0606228 QD,四月小作文-聯發科2454,https://drive.google.com/file/d/1YGZ51Fg6Zou3zh6q79SSXaGkDP-bg9KG/view?usp=sharing
67,2025/4/14（週一） 20:59,20:59,532,532-0733492熊,2504小作文 - 台指開盤多空操作策略分享,https://docs.google.com/document/d/11cUqr3qe4zbv-mgXrYOHOv6UowbXLPuqVoDsYObWzus/edit?tab=t.0
68,2025/4/14（週一） 22:20,22:20,510,510-0726629小平,,https://docs.google.com/document/d/1xeZbyxQdCnsjb4L5mxz5E2SnvMcKCuhE3q2YKsPvrv0/edit?usp=drivesdk
69,2025/4/14（週一） 23:27,23:27,478,478-0541613 WL,,https://docs.google.com/document/d/12IavRucKUjhwbYg2W2OYfbt2OuU7VgAx/edit?usp=share_link&ouid=109439436558587204793&rtpof=true&sd=true
70,2025/4/14（週一） 23:35,23:35,478,478-0541613 WL,,https://docs.google.com/spreadsheets/d/1VUvb7n7et9L9BjLJfn7VolgUhnpaB_Rd/edit?usp=share_link&ouid=109439436558587204793&rtpof=true&sd=true
71,2025/4/15（週二） 12:13,12:13,520,520-0725769森森,,https://www.jwcpas.com.tw/publicationsBook3-show2.php?book3p_id=450
72,2025/4/15（週二） 14:22,14:22,533,📊⭐️533-0525286 MT,四月小作文--利華1423,https://docs.google.com/document/d/15lKUtzWyDvpYBln-DnpuL4PVAyV9NgsPK49zYFGO_LY/edit?usp=sharing
73,2025/4/15（週二） 14:27,14:27,534,534-0735759 GB3000,四月小作文-佳必琪6197,https://drive.google.com/file/d/1hDaxCve3AoGxKhuq-3OCct0JIktM9oEG/view?usp=sharing
74,2025/4/15（週二） 15:50,15:50,536,536-0723583SC,四月小作文-順達3211,https://drive.google.com/file/d/1xC6nttQ2uK9bhWpv_Bd2e0agpPIdvs-Y/view?usp=drive_link
75,2025/4/15（週二） 16:56,16:56,535,535-0724553空格 王玉1個億,四月小作文-工信5521,https://docs.google.com/document/d/1Wg4ly0fHaX8QwVEUutfIMIEfxlmm60Av/edit?usp=drivesdk&ouid=108855551660568832776&rtpof=true&sd=true
76,2025/4/15（週二） 22:16,22:16,485,485-0530080克里斯,四月小作文-辛耘3583,https://docs.google.com/document/d/1YsoypnClT0Cu3OvRBNjvg8WIM3adp2zA/edit?usp=drive_link&ouid=116098567997374387789&rtpof=true&sd=true
77,2025/4/16（週三） 14:17,14:17,418,418-0521235Dave,4月小作文-殖利率觀察,https://docs.google.com/document/d/1tSEagqW_lfirgA4f6-Lqh34sk7MDAnlEtKzdQNNXJd0/edit?usp=sharing
78,2025/4/16（週三） 15:04,15:04,538,538-0736538 ㄟ死笑笑笑,四月小作文-威強電3022,https://www.dropbox.com/scl/fi/g4lk58xnsbubc756fmjj4/.pdf?rlkey=g5al89wt7pbmocez4uhtfm8su&dl=0
79,2025/4/16（週三） 15:17,15:17,539,539-0727848威少,四月小作文-元大零息超長美債00969B,https://docs.google.com/file/d/1O0JYC01PEZ3d-I4pagiOSbku-rqkTRgy/edit?usp=docslist_api&filetype=msword
80,2025/4/16（週三） 16:16,16:16,537,537-0525273momoju,四月小作文 : 虹冠電3527,https://docs.google.com/document/d/1iGIYfSEbenT9vSb-uuYIFb_xqhTjRYRIZlL7osk__bY/edit?usp=sharing
81,2025/4/16（週三） 18:54,18:54,438,438-0549592 Ono,4月小作文-極端行情抄底策略,https://docs.google.com/document/d/1XYB5ytap6e77I67XHtKKbmkza2ijPM7_2yPoaoUfVYw/edit?usp=sharing
82,2025/4/17（週四） 04:55,04:55,510,510-0726629小平,,https://docs.google.com/document/d/1OE8YOK_MIQaLwPJGnJF7Y4pPu-x-yFX8Folg8CETBH4/edit?usp=drivesdk
83,2025/4/17（週四） 05:33,05:33,530,530-0728960Harris,,https://docs.google.com/document/d/1r0wLd8jfdhuTSNOh3tIb2122kbM5P0IZUSfysFs9s_k/edit?usp=sharing
84,2025/4/17（週四） 15:59,15:59,542,542-0198299Mark66,四月小作文-加權指數走勢規劃,https://docs.google.com/document/d/1ZLuwbAkriVf6pO8betVI1V-2tg9fpGElFNOJms56et0/edit?usp=sharing
85,2025/4/17（週四） 16:27,16:27,541,541-0724809狂暴羊,四月小作文-那指策略,https://docs.google.com/document/d/1ru3KlpQOu9ck9xdxNRT8T4XFgX70sVeADrWRCc_Z5gA/edit?tab=t.0
86,2025/4/17（週四） 21:08,21:08,543,543-0531953瘋狂吉娃娃,四月小作文-綠意2596,https://drive.google.com/file/d/1lrJdTxRVoODfoO01vv_ibk8r7BBGCZBa/view?usp=drive_link
87,2025/4/18（週五） 09:42,09:42,523,523-0725002 Eason,,https://www.youtube.com/live/jR2utRGAWhg?si=8ihHb_RDG5MLyq4A
88,2025/4/18（週五） 09:43,09:43,476,⚡️⭐️476-0689643  賢妻良母,四月小作文-記憶體波段持股,https://docs.google.com/document/d/1ZscQYmJXAmMAMynwPB2pIvN17mChFy7EnoYmqMHX924/edit?usp=sharing
89,2025/4/18（週五） 14:45,14:45,547,547-0729532蹦蹦熊,四月小作文-國統8936,https://docs.google.com/document/d/1uNb07Xmawx0jHOqH1sD-U0R8gflphZbjkOhmrU2bD80/edit?usp=sharing
90,2025/4/18（週五） 14:55,14:55,548,548-0737184 Ryan,四月小作文-全新光電 2455,https://1drv.ms/w/c/ad3e6cf15fb884b7/EdgivXHO1jNHtrsGyZ87EtEBLABOz9RLOloY3lh4oX3CZg?e=MAHfCc
91,2025/4/18（週五） 20:07,20:07,545,545-0735474阿隆,四月小作文-凌陽2401,https://drive.google.com/file/d/1ZNj4sqJUmheAuAY_U3fTOoiKOR04E0HD/view?usp=drivesdk
92,2025/4/18（週五） 22:37,22:37,425,425-0531458狄桃培,4月小作文-半白嫖youtube premium,https://docs.google.com/document/d/1Xre8YouhEPeIZqx5H7TIOPY2lmYf2gcL/edit
93,2025/4/19（週六） 00:12,00:12,510,510-0726629小平,,https://docs.google.com/document/d/1_eAG185sVBG6cF57tjd41Br0BNKQASzCWtDlpzTDdOA/edit?usp=drivesdk
94,2025/4/19（週六） 08:14,08:14,497,497-0724032鳳梨zong,四月小作文-大同（2371）,https://docs.google.com/document/d/13RFXtEJiKUm08J8pt4CL_W4XcynqAyvC/edit
95,2025/4/19（週六） 12:00,12:00,527,527-0726894耀,,https://docs.google.com/document/d/1z6KnohJEVlP1s01bHZ23XOoQA__B0rgF/edit?usp=drive_link&ouid=106899638007069152878&rtpof=true&sd=true
96,2025/4/21（週一） 00:54,00:54,528,528-0434571荒唐信,假日花一點時間 已這個策略在tragingView上回測  就目前波動大的行情來說回報率還不錯,https://docs.google.com/document/d/1YoeFVHdkD73aCOkKdgCtG7rWpz8oqhvpydAgPvyiveQ/edit?usp=sharing
97,2025/4/21（週一） 01:05,01:05,446,446-0597683   高鐵自由座,,https://docs.google.com/document/d/1uR6RdZFOvV9BCZW2RKy75Cl-0dawMVtrUKWNy-VGBv4/edit?usp=sharing
98,2025/4/21（週一） 09:04,09:04,544,544-0735623 星期六早上,四月小作文-台積電2330,https://docs.google.com/document/d/1qkaYyzsQsxdIbp5mr1RSEzGTw8RbHDQFSRfzBS5Mw-w/edit?tab=t.0
99,2025/4/21（週一） 09:04,09:04,546,546-0728449Douhua,,https://docs.google.com/document/d/1nqT3v0MYXK2orfouqZ2UdH4jWsx1xkXZR3f9lzxSyxQ/edit?usp=sharing
100,2025/4/21（週一） 14:03,14:03,092,092-0404475 Ernest💗,台新新光合併套利AI分析小作文,https://drive.google.com/file/d/156TV-dqCGflGt4CcuVulVbeyDHrJGFua/view?usp=sharing
101,2025/4/21（週一） 15:46,15:46,541,541-0724809狂暴羊,,https://www.bnext.com.tw/article/80218/shin-kong-and-taishin-financial-holding-merge
102,2025/4/21（週一） 16:40,16:40,550,⚡️⭐️550-0488718一度贊,四月小作文-凌群2453,https://docs.google.com/document/d/1v-bodzfjmlvvC2-84qqoWejBzwjY5bKzl95x-elNVBo/edit?tab=t.0
103,2025/4/21（週一） 16:57,16:57,549,549-0736240 秋風漸落,四月小作文-台積電 2330,https://docs.google.com/document/d/e/2PACX-1vR-Qx07DO8UT9aMvO7t-GzzdLlcPPz7BasvSKyv4xI3FgyMO5jlhepZAs1flGgKwm-X1pkKyaEe72OT/pub
104,2025/4/21（週一） 17:00,17:00,459,459-0677503登大狼小海龜拔拔,五月小作文-利用XQ選股中心 選出相對抗跌股,https://docs.google.com/document/d/1zDd3tjafwepWBlMGljOmRpCQ47a9AGla/edit?usp=drive_link&ouid=113713286884009637132&rtpof=true&sd=true
105,2025/4/21（週一） 17:42,17:42,540,540-0726483小林,四月小作文-台灣50(0050),https://docs.google.com/document/d/1Yxw7VID07624VVKMD9z34f0J5bBRX2FqS-udT2nUFRQ/edit?usp=sharing
106,2025/4/21（週一） 21:03,21:03,551,⚡️⭐️551-0689779QQ,四月小作文-穎崴6515,https://docs.google.com/document/d/1ubssqV4uCKzoe-g3aPJGuKK_KH1v9CLbSJ4F_T4Hlus/edit?usp=sharing
107,2025/4/21（週一） 21:52,21:52,308,308-0405403 Nick,四月小作文-大綜3147,https://docs.google.com/document/d/1JVEda4gA1HqUHC0PP0ri9JwZU67cSQsq/edit?usp=sharing&ouid=104803538302964277856&rtpof=true&sd=true
108,2025/4/22（週二） 11:00,11:00,420,420-0529143肥吱吱,四月小作文 -元大S&P日圓正二（00706L）,https://docs.google.com/document/d/1JcAKnXJvSaGVYheUV2rF1LKHbYVfoc0bk4HDXSoZorM/edit?tab=t.0
109,2025/4/22（週二） 14:36,14:36,553,553-0720939東東,四月小作文-東陽1319,https://docs.google.com/document/d/1qp2CUlDdoUbnbrkiTZnFcWrpdSROSOiTVvGGdRq1mxo/edit?usp=sharing
110,2025/4/22（週二） 14:40,14:40,554,554-0726975大平,四月小作文-欣巴巴9906,https://reurl.cc/bWDWMo
111,2025/4/22（週二） 17:45,17:45,510,510-0726629小平,,https://docs.google.com/document/d/1jSsHCQAaKFa67wpGbYcv_7IH_h31T6TIRNMwaVZjVZQ/edit?usp=drivesdk
112,2025/4/22（週二） 23:13,23:13,482,482-0696571 VT,四月小作文-SOFI,https://docs.google.com/document/d/18ajSohomjtW8S1iakA6HGFCwGTY-c6z58jvS9wEsdx8/edit?usp=sharing
113,2025/4/22（週二） 23:14,23:14,482,482-0696571 VT,四月小作文-CELH,https://docs.google.com/document/d/1aMgpN3Wsk5NHJaRXEARqrz5IGUMkdFgrkOPHkO5OvMo/edit?usp=sharing
114,2025/4/23（週三） 09:44,09:44,487,487-0489351 阿棋,四月小作文-週期性交易練習小作文,https://docs.google.com/document/d/1-_pV8S023P3o3lUIuueOJskuH4hP352eHE1T1jDo3OI/edit?usp=drivesdk
115,2025/4/23（週三） 11:27,11:27,146,146-0398675 ALAN,四月小作文-2912 統一超,https://drive.google.com/file/d/1GGbRwZ84yoO-EtezNXqb29nNtJC1kkyI/view?usp=sharing
116,2025/4/23（週三） 17:10,17:10,442,442-0435237Raymond,四月小作文-3705 永信,https://docs.google.com/document/d/1olZKK4q4Flrhfla4jOp-FBkkPhalMesZSUhlGG3Vxk8/edit?usp=sharing
117,2025/4/23（週三） 20:05,20:05,552,552-0738248小炫風,四月小作文-富邦台50（006208）,https://drive.google.com/file/d/1kcLIn6TQsq-1XX-FJRiNYiElCqZ-ZbMA/view?usp=drivesdk
118,2025/4/23（週三） 20:06,20:06,556,556-0738099Richard,四月小作文-零壹3029,https://docs.google.com/document/d/1n-IvFPkJfP0f3uPBB05QV0UTCO2iOglwLttfcNeQyK0/edit?usp=sharing
119,2025/4/24（週四） 01:13,01:13,465,465-0677707股市細漢,四月小作文-精誠6214,https://docs.google.com/document/d/19-bgUl3Uw_oFa1daMDzv24MPsMnbNK26/edit?usp=sharing&ouid=111186195430166003939&rtpof=true&sd=true
120,2025/4/24（週四） 12:57,12:57,546,546-0728449Douhua,5月小作文-白嫖 2TB google雲端以及gemini教學,https://docs.google.com/document/d/1Z7yh8Aidb-7fxQ5vvLDPcjdihpjsxDzAFzRdkRfJrXI/edit?usp=sharing
121,2025/4/24（週四） 12:59,12:59,529,529-0729189 書蟲,四月小作文-碩禾3691,https://drive.google.com/file/d/1SEfk-4C0ztG9i-OOY3LdaXxgqcFf2AL_/view?usp=sharing
122,2025/4/24（週四） 15:50,15:50,486,486-0707732貓貓,四月小作文 - 2330,https://docs.google.com/document/d/1tY-ox6L2dmgR9-LlB94UUQUUl4Xk8anfZGZopAuwr6E/edit?usp=sharing
123,2025/4/24（週四） 15:53,15:53,559,🔥⚡⭐559-0740236哩奧娜多,四月小作文-元太8069,https://docs.google.com/document/d/12qmIMS-ZjvCTI9tusByZo-5VJZJgrQLCbSeWnEXdwwI/edit?usp=sharing
124,2025/4/24（週四） 17:27,17:27,557,557-0727411威力力力,四月小作文-新應材4749,https://docs.google.com/document/d/1MnbmszGbbKecs9VCpMgpjxxLNW8f58xU/edit?usp=sharing&ouid=101047127970704222066&rtpof=true&sd=true
125,2025/4/24（週四） 23:09,23:09,379,379-0489759 迪諾,,https://docs.google.com/document/d/1q82ZVCZzMaG_PZ0Qof12vfkQHas0NGG-0L7p2Du-Tkg/edit?usp=drivesdk
126,2025/4/25（週五） 01:13,01:13,431,431-0530336梅子,,https://docs.google.com/document/d/1-LSVv-C9G027y2TkR_au13TDQ8y53HLVAPj7H17RD28/edit
127,2025/4/25（週五） 08:25,08:25,491,491-0717793白交易,,https://docs.google.com/document/d/1lQfPo81BkjhDKIGYnyAvCQsiD0_RhI0x/edit?usp=drivesdk&ouid=102208883993501817284&rtpof=true&sd=true
128,2025/4/25（週五） 16:10,16:10,416,416-0516004小象の小金庫,四月小作文-富喬1815,https://docs.google.com/document/d/1s0TqIAcucY8DaRlJwiqFQ559DExqKjXS/edit?usp=sharing&ouid=116844414747715886483&rtpof=true&sd=true
129,2025/4/25（週五） 16:14,16:14,563,563-0554668社工日常,四月小作文-世芯-KY3661,https://drive.google.com/file/d/1jiwMxwtwe8Dp8jxTQDC4C004BvsmZ0Wb/view?usp=sharing
130,2025/4/25（週五） 18:00,18:00,402,402-0511960 雪花冰,,https://docs.google.com/document/d/1K6dMkEupDUafeHxKyeR7sEb8fn0Z9Ikd/edit?usp=drivesdk&ouid=103740366053566449567&rtpof=true&sd=true
131,2025/4/25（週五） 19:36,19:36,562,562-0233756黑米,四月小作文-材料-KY4763,https://drive.google.com/file/d/1AUHcQsTgL6BKj5YE3X4N2uq5tPw0R9ww/view?usp=sharing
132,2025/4/25（週五） 21:57,21:57,510,510-0726629小平,,https://docs.google.com/document/d/1UcD1u8oNs4oTpWXARjS8SL-WulFQF3y8eQ4Fr_W2ZuQ/edit?usp=drivesdk
133,2025/4/25（週五） 22:53,22:53,470,470-0529994承承,四月小作文-智原3035,https://docs.google.com/document/d/1otXYVMOXBxTkUf3Ye4LjyXqAeadb_eLg/edit?usp=sharing&ouid=106380519427054374241&rtpof=true&sd=true
134,2025/4/26（週六） 18:52,18:52,565,565-0741387Boy(58E),新成員 565-0741387Jeremy(58E),https://docs.google.com/document/d/1nON_CeHTFD41d6WpH0oHdOxYZsJyrHxVp3OsFC_YpJ8/edit?usp=sharing
135,2025/4/26（週六） 21:51,21:51,046,046-0406114 JOY88,黃金季節性操作策略(印度及中國民族習慣),https://docs.google.com/document/d/1UzOsY8hNXsITWDiWPM92JH-8BSOoMtTN/edit?usp=sharing&ouid=102342029662928345304&rtpof=true&sd=true
136,2025/4/26（週六） 21:55,21:55,561,561-0732082河雅郎,四月小作文-驊宏資 6148,https://docs.google.com/document/d/1-0H35vUaAkBDsCcxMsfgjzp9pg0CpkdNVFcS1dOr5jw/edit
137,2025/4/26（週六） 22:13,22:13,464,464-0678146小書僮,4月小作文 Mark Minervini 筆記(上),https://drive.google.com/file/d/1ZJXOpnSih2yLQAOnN9jZi3PSIP_lpBo1/view?usp=sharing
138,2025/4/26（週六） 22:46,22:46,564,🔥⚡️⭐️564-0721983 飛利浦,四月小作文-昇陽半導體8028,https://docs.google.com/document/d/1lX-pACKkfN4Lis2vV-SltQ9TsVhRfr23/edit?usp=sharing&ouid=110354783498159808621&rtpof=true&sd=true
139,2025/4/26（週六） 23:14,23:14,488,488-0707486 TK,四月小作文-特斯拉TSLA.US,https://docs.google.com/document/d/1ODI6Q0H0WUoPqTS2zEoNWEDRQ_JTEf7TAktmY1Hm0UA/edit?usp=sharing
140,2025/4/26（週六） 23:59,23:59,433,433-0519807 股市破壞者,四月小作文-瀚荃 8103 庫藏股,https://docs.google.com/document/d/1ReXeuIj0l_76lgzhlVBj6hQR72gu9O80/edit?usp=sharing&ouid=113745668361309012287&rtpof=true&sd=true
141,2025/4/27（週日） 15:36,15:36,481,481-0703493 大黑菊,,https://docs.google.com/document/d/1N1a6oHRWx6TclSgPA8flms7o3xG4MhUd/edit?usp=sharing&ouid=111827764144515851907&rtpof=true&sd=true
142,2025/4/27（週日） 16:51,16:51,375,375-0488831財經百寶袋,四月小作文-聯合健康(UNH),https://drive.google.com/file/d/1IiinXX6jArDuGaU007NQw0s6A2M9FkzQ/view?usp=drivesdk
143,2025/4/27（週日） 19:46,19:46,567,567-0726661 Gary,四月小作文-浪凡 6165,https://walnut-planarian-4a2.notion.site/Gary-1de7d11db04c80ac87c7d10c8ce43ba8
144,2025/4/27（週日） 20:05,20:05,569,569-0741507兩津腿庫,四月小作文_9914美利達,https://docs.google.com/document/d/1r6Sc3BzCqy4Z13b35ZHyrnGK8W87nn-HvlQ4VXSTreI/edit?usp=sharing
145,2025/4/27（週日） 21:13,21:13,568,568-0740906MilesDad,四月小作文-2723 美食-KY,https://drive.google.com/file/d/1uQSyIUndpvGe9V0hkB56lbW7kmO9ZucC/view?usp=sharing
146,2025/4/27（週日） 22:53,22:53,526,526-0347875小妞,四月小作文6548-長科,https://docs.google.com/document/d/1jpdOFT168BvOQXubYyqahm0irkl--KkT8_f4IoWVhiw/edit?usp=sharing
147,2025/4/28（週一） 00:31,00:31,472,472-0217714     五條,4月小作文/近期總經指標觀察/巧新1563,https://likeable-manx-e71.notion.site/4-1563-1dcdde723f2c80268869db9e96d121c1?pvs=4
148,2025/4/28（週一） 10:01,10:01,452,452-0640491小凱,4月小作文4532-瑞智,https://docs.google.com/document/d/1U9ttCOMAuiH0sk0KrKHwtqz5J3FcSPqd/edit?usp=sharing&ouid=101863675658538783335&rtpof=true&sd=true
149,2025/4/28（週一） 10:51,10:51,440,440-0208121  voice,4月份作文 台積電搶短,https://docs.google.com/document/d/1th55_oMtKmXv22D1XZs_OQ1N9eRAbMqF/edit?usp=drive_link&ouid=112140481029709627573&rtpof=true&sd=true
150,2025/4/28（週一） 13:05,13:05,450,450-0424183 Seal,4月份作文 美股和台股反彈,https://docs.google.com/document/d/1Gt37YAOyTbrgaVcKV7BKO7xEiSQ9607hh53Yk94CuRM/edit?tab=t.0
151,2025/4/28（週一） 15:05,15:05,572,572-0739946韭韭窩,四月小作文-從1分k流動性角度思考抓力竭,https://docs.google.com/document/d/1pTWMUzIiLnBO-5JGTA3t8b6l76fFLAb9QWol_wv_TGM/edit?usp=sharing
152,2025/4/28（週一） 15:13,15:13,571,571-0727961小P,四月小作文-中鋼2002,https://drive.google.com/drive/folders/1Jho0FqfwB87_HXwdXouPIkDWXw4hWgQx
153,2025/4/28（週一） 15:16,15:16,570,570-0742289努力就會成功,四月小作文-聯電2303,https://sg.docworkspace.com/d/sAD429Wzm3OGwAsydh8W7pxQ
154,2025/4/28（週一） 18:42,18:42,437,⚡️⭐ 437-0548182林大大,小作文 智崴5263,https://docs.google.com/document/d/1Cs6PdmXzs-0HGO9YJBz5tBCabbcxqH8Y/edit?usp=sharing&ouid=102413103344657402164&rtpof=true&sd=truehttps://docs.google.com/document/d/1Cs6PdmXzs-0HGO9YJBz5tBCabbcxqH8Y/edit?usp=sharing&ouid=102413103344657402164&rtpof=true&sd=true
155,2025/4/28（週一） 19:28,19:28,471,471-0430148HYXXX,四月小作文-鈦昇8027,https://docs.google.com/document/d/1-O5OKCmKkUiIBdaufSdpphcxdOqkZMWNBm7qbfDc21M/edit
156,2025/4/28（週一） 19:34,19:34,421,421-0299033青蛙狼,,https://docs.google.com/document/d/1-LcYZ74ZM7l9xnJ01Ybg35qO98jZ2-kL371w0gxQsK8/edit?usp=drivesdk
157,2025/4/28（週一） 21:36,21:36,445,💎🌀⭐445-0556394 Kai,,https://docs.google.com/document/d/1vPRDoeZ8qWJzsAHGMpA8tzn7dGdWtNxRRbifMxA33rM/edit?usp=drivesdk
158,2025/4/28（週一） 21:43,21:43,314,314-0420763 抹布,在脆上看到有人說玉米七八月必跌，所以決定來研究研究,https://docs.google.com/document/d/1LtwHsQ2hCzR2xvIfUTwY1iw5OmnegU63ge6x-e8Sznw/edit?tab=t.0
159,2025/4/28（週一） 22:44,22:44,379,379-0489759 迪諾,我聽說的是移工減少，服務業農業的成本變高,https://www.bloomberg.com/news/videos/2025-04-09/us-considers-farmer-bailout-on-china-trade-war-worries-video
160,2025/4/29（週二） 01:23,01:23,477,477-0696872過兒,,https://docs.google.com/document/d/1tNyCDv-aiy87jGlN0OX9gIUm2PrLB9YE3JNm4uGgR74/edit?tab=t.0
161,2025/4/29（週二） 09:43,09:43,448,448-0566151MIN KAO,四月小作文：穩得,https://docs.google.com/document/d/14TQUeYyZwHIhblwJm74NB-yrXrn1ocL_kfYM4cmzn88/edit?tab=t.0
162,2025/4/29（週二） 11:52,11:52,439,439-0529059 空格 整骨,四月小作文—2303聯電,https://docs.google.com/document/d/1AZ2Fs8CQR5l7iqY2gKn789qLazFuhBK1/edit?usp=drivesdk&ouid=116720414754143254069&rtpof=true&sd=true
163,2025/4/29（週二） 13:04,13:04,546,546-0728449Douhua,五月小作文-3036文曄,https://docs.google.com/document/d/1yuIweH47NWfjdvrCaMrhNONZj4NttawECEWMiWWDX5s/edit?usp=sharing
164,2025/4/29（週二） 14:25,14:25,575,575-0741277 黃金獵款,四月小作文-4572駐龍,https://drive.google.com/file/d/14BEIpNKI-asvm2fASwUrBw5v_-oxaliZ/view?usp=drive_link
165,2025/4/29（週二） 14:27,14:27,574,574-0725109Flower SH,四月小作文-寶可夢卡牌,https://docs.google.com/document/d/1V4FIaCWaz8J-QcekqLwcu1PmGhtM7J5J/edit?usp=sharing&ouid=104503944248444594043&rtpof=true&sd=true
166,2025/4/29（週二） 14:38,14:38,386,386-0489814慢慢來,四月小作文-6645金萬林,https://docs.google.com/document/d/14vaXc_PaFcbgI_Cs67u30Nksd9t9YDrw/edit?usp=sharing&ouid=101483578322719121047&rtpof=true&sd=true
167,2025/4/29（週二） 14:45,14:45,378,378-0489775凱特,四月小作文-2468華經,https://drive.google.com/file/d/1sdsIE9puWfDT0C5DOc9Hy7zthqtxcpfd/view?usp=sharing
168,2025/4/29（週二） 21:33,21:33,573,573-0741497快樂寶貝,四月小作文- 6214 精誠,https://docs.google.com/presentation/d/1PPyVWRcQG1EXa3S4tU7HmV49URBtf0VUjS6tUaAqMoo/edit?usp=sharing
169,2025/4/29（週二） 21:35,21:35,473,473-0680338下面一位,四月小作文- 2752 豆府,https://docs.google.com/document/d/1-sGTJInLoEDXQeC0RVz1YyVpXc5cERchcW9XDdAUCxc/edit?hl=zh-tw&tab=t.0#heading=h.h3jn44q7xtpy
170,2025/4/29（週二） 23:07,23:07,315,🌀⭐315-0424057 Shen,四月小作文 - 1472三洋實業,https://docs.google.com/document/d/19f9NJ0YN4i33AquBAlFPTskVcZDBhcw9uNYaaJPCewo/edit?usp=sharing
171,2025/4/30（週三） 14:13,14:13,430,430-0533702   從小買500,四月小作文-致和證 5864 籌碼、殖利率更新,https://1drv.ms/w/c/1d1c78906e98a919/EZYKku10DltJj4DhkIIL96YB45XWC4bPJBfNxaCZGsasUQ?e=U7tBcl
172,2025/4/30（週三） 17:48,17:48,577,577-0741727Silence張震,,https://www.dropbox.com/scl/fi/wwfjw67jx5qeo7d47vr33/2914C2B76B02A18189BAB273468430E854EFF39C.png?rlkey=zzdov1h8qx0qu2wd9ozpz8930&st=hhr5lz4x&dl=0
173,2025/4/30（週三） 17:48,17:48,576,576-0741743 Zack,四月小作文-智原3035,https://drive.google.com/file/d/1_lGVSDKjei9tpoR2rxrCecdZdBANz7R7/view?usp=sharing
174,2025/4/30（週三） 17:57,17:57,422,422-0502966-thomasH,四月小作文-3014聯陽,https://docs.google.com/document/d/1u7iFDFC-vkKgFsGmMvdNsbW-pBfUVv4YsaCXuEOmImY/edit?usp=sharing
175,2025/4/30（週三） 18:49,18:49,578,💎⭐578-0742519GRACE,四月小作文-鉅祥2476,https://docs.google.com/document/d/1cBZBPL5wNbZqcBAl5cSI4GzwmDw6owCo/edit?usp=drivesdk&ouid=102610179587443278889&rtpof=true&sd=true
176,2025/4/30（週三） 20:08,20:08,510,510-0726629小平,,https://docs.google.com/document/d/1mRgaxENaRidI_9HYVGxU00X70WQxXNOvlol9V4V3XlA/edit?usp=drivesdk
177,2025/4/30（週三） 21:20,21:20,395,395-0497903 Yu,,https://docs.google.com/document/d/1uTb9m6cHFV5xNB-sqkt9ZGzAtesUxWjkNGgRk729Gyc/edit?usp=sharing
178,2025/4/30（週三） 21:39,21:39,451,451-0634041阿山,四月小作文- IG Japan 225 選擇權操作分享,https://docs.google.com/document/d/1FbiTR0BOt77b1QbAV3V9kw3K1B2IOVmF/edit?usp=drive_link&ouid=117180024349907731538&rtpof=true&sd=true
179,2025/4/30（週三） 21:51,21:51,510,510-0726629小平,,https://docs.google.com/document/d/1TMAwOswFzEVungl99sz804IXDT3y0fa2J1YzAv3QVUo/edit?usp=drivesdk
180,2025/4/30（週三） 23:03,23:03,403,403-0511148 布萊恩,四月份小作文  德州儀器 TXN update,https://drive.google.com/file/d/1iRg0xHw7hnwcDA7qW2fxqj_kWjXoI4aJ/view?usp=drive_link
181,2025/4/30（週三） 23:13,23:13,419,419-0526214阿宏,四月小作文 TSLA,https://docs.google.com/document/d/1QBfjkMnDScAUXNCx9DdELb4y-504DasA/edit?usp=drive_link&ouid=104929433645301450662&rtpof=true&sd=true
182,2025/5/1（週四） 00:22,00:22,461,461-0671004 薛西弗斯,四月小作文 9938 百合,https://docs.google.com/document/d/1BHJ6bQY9LfhQAW0V3ZyqVL-4lM-7b4uR/edit?usp=drive_link&ouid=101903838274120632671&rtpof=true&sd=true
183,2025/5/1（週四） 00:40,00:40,404,404-0513832 Vicc,四月小作文 2618,https://tinyurl.com/2ajmhqp8
184,2025/5/1（週四） 10:20,10:20,571,571-0727961小P,,https://docs.google.com/document/d/1jj2HYDl-FDaS3HGh0VrGpaLK0IQ2TRn3Cvk8kSkGZRE/edit?tab=t.0
185,2025/5/1（週四） 10:35,10:35,149,149-0394491小豬哥,四月份小作文-東生華8432,https://docs.google.com/document/d/1EhSqMRqLm1bxYA3CcJNsyyvm1-5Vk0fA/edit?usp=sharing&ouid=102217930404666154665&rtpof=true&sd=true
186,2025/5/1（週四） 15:16,15:16,405,405-0510259黃柏,四月小作文 四月崩盤操作,https://drive.google.com/file/d/1e0vSU-nASS2EWyfWwN2WsHrRet6F5IO0/view?usp=drive_link
187,2025/5/1（週四） 19:15,19:15,417,417-0405649 阿賢,四月份小作文-元大高息低波00713,https://drive.google.com/file/d/1ctPovuSnEheA7GwqJRsLEw1LzTZWTQQf/view?usp=sharing
188,2025/5/2（週五） 00:34,00:34,390,390-0489924_Joe,四月份小作文 - 亞德克-KY(1590),https://docs.google.com/document/d/1cJ5YCRFy3rVK8ocX7UOp8_UU0pAjCZSS/edit?usp=drive_link&ouid=118195642779018767860&rtpof=true&sd=true
189,2025/5/2（週五） 00:38,00:38,463,463-0428875JoeC,四月小作文-CRDO,https://drive.google.com/file/d/118B8b-RjJB7JugwRZQG21uugf_SHRlSc/view?usp=sharing
190,2025/5/2（週五） 09:47,09:47,408,408-0212997 賞星星,四月小作文- 晟德 4123,https://docs.google.com/document/d/1SvaycCI2ZhbijF4Y_VKUcA2n9fQtqp2s/edit?usp=drivesdk&ouid=116226013342888550840&rtpof=true&sd=true
191,2025/5/2（週五） 12:52,12:52,527,527-0726894耀,五月小作文-攝影追景預測方法(避免抓龜省油車),https://docs.google.com/document/d/1OJ81tY84bKEw-sKfvXLm3mUPYwQGflhp/edit?usp=drive_link&ouid=106899638007069152878&rtpof=true&sd=true
192,2025/5/2（週五） 13:10,13:10,454,454-0454292RS,崩盤CB選股,https://docs.google.com/document/d/1Lm0WWQQZ0bJisS8a4-IdZauvLWpbonRb/edit?usp=sharing&ouid=118141708314069713984&rtpof=true&sd=true
193,2025/5/2（週五） 13:24,13:24,428,428-0429751貝卡,四月小作文:,https://docs.google.com/document/d/1Bo9prnXMCBDF9mHkMs3TN4glrE4rhxsjkjm8NsbYRQg/edit?usp=sharing
194,2025/5/2（週五） 15:19,15:19,530,530-0728960Harris,五月份小作文 3680,https://docs.google.com/document/d/1r0wLd8jfdhuTSNOh3tIb2122kbM5P0IZUSfysFs9s_k/edit?usp=sharing
195,2025/5/2（週五） 16:22,16:22,424,424-0528115guidex,4月小作文 6690 安碁資訊,https://docs.google.com/document/d/1uOZdb5hfuoVrXltI9UUdPkfw-6Q2XYzL/edit?usp=sharing&ouid=108699938604028723563&rtpof=true&sd=true
196,2025/5/2（週五） 16:28,16:28,581,581-0721734Barney,五月小作文-中聯資源 9930,https://docs.google.com/document/d/1YlIgGuSX5PeCs_Bp3r54C1A3tHLnpuiyecpHC2r37Q8/edit?tab=t.0
197,2025/5/2（週五） 16:47,16:47,427,427-0534073 ant🐜,4月小作文   6139 亞翔,https://docs.google.com/document/d/1dbocF1ebzRdSFjk0uPBZGi9R6PwCDNxq/edit?usp=sharing&ouid=100427462055094359983&rtpof=true&sd=true
198,2025/5/3（週六） 00:11,00:11,399,399-0507288 Kim Chen,四月小作文-大綜 3147,https://docs.google.com/document/d/14uO1rqLR7b3Wy2xGVl_gvx58cnB1Ahv5/edit?usp=sharing&ouid=101924550352225612878&rtpof=true&sd=true
199,2025/5/3（週六） 11:47,11:47,582,582-0741280 RL,五月小作文-皇昌2543,https://drive.google.com/file/d/1Z2Gw2-q6C6M-8T9idCbEHR2n4WaUB_AF/view
200,2025/5/3（週六） 11:48,11:48,583,583-0741594迷因哥,五月小作文-黃豆期貨,https://docs.google.com/document/d/1eHPodn5KDT0UNpYZq1gGahZnzgPen2xx65YmYh3Ydcs/edit?tab=t.0#heading=h.oelalnu0tim5
201,2025/5/3（週六） 20:48,20:48,501,501-0723486Mason,五月小作文 TTWO,https://1drv.ms/w/c/e1a4d6ed91c98086/EXEb4EozbhhAneJ51fY4LB8BQrcTjYzZbtmYJdaz6-7jtg?e=XNAif9
202,2025/5/4（週日） 02:36,02:36,510,510-0726629小平,,https://docs.google.com/document/d/1Dl14DnQxmI3UyvxRP4mj2jpAUsC4gMZK_NDrX5gDe7M/edit?usp=drivesdk
203,2025/5/4（週日） 05:44,05:44,510,510-0726629小平,,https://docs.google.com/document/d/1XdTob01jJA1jKKsYXOT964DmyfD5hBebP8PcvXU16Z0/edit?usp=drivesdk
204,2025/5/4（週日） 12:57,12:57,510,510-0726629小平,,https://docs.google.com/document/d/1whfikciN5ibRwA0TvZi-EzYMlqZIj9stM3ZQNwM2Y-o/edit?usp=drivesdk
205,2025/5/4（週日） 19:10,19:10,127,127-0398125 Gerald,萬寶 20250502,https://drive.google.com/file/d/1j6w4zm_S8AQinx1eaJQEL0n-CDcS_Dj-/view?usp=drivesdk
206,2025/5/4（週日） 21:06,21:06,502,⚡⭐502-0724579 Cowboy,五月小作文 精測 6510,https://drive.google.com/file/d/1IAY_S9dupD9wuWRnTe4nZbD_4gr4gZpo/view?usp=drive_link
207,2025/5/4（週日） 21:46,21:46,115,115-0398769 阿六,五月小作文 光聯3515,https://drive.google.com/file/d/1pNwn_z3JT-r2sQaMw6Y2TnQnJ5u9y6w6/view?usp=sharing
208,2025/5/5（週一） 09:16,09:16,381,381-0491048彼得森,小作文-8422 可寧衛,https://docs.google.com/document/d/1J4ZO4YkbQefHXUjjqTz0tp47bSOqTX_6MsWsf4tHHKk/edit?tab=t.0
209,2025/5/5（週一） 09:43,09:43,503,503-0551726千千,五月小作文-和桐,https://docs.google.com/document/d/1EXMIB5R4PfY2dsDuqF-9NGEj1Cj-6Wb_vG9hcvQ7LLo/edit?usp=sharing
210,2025/5/5（週一） 10:52,10:52,536,536-0723583SC,五月小作文-3013 晟銘電,https://docs.google.com/document/d/1ZvjtSMy5ECRxrNAEsa1ziHhRSBlHZBUi/edit?usp=sharing&ouid=110239889151858707255&rtpof=true&sd=true
211,2025/5/5（週一） 12:18,12:18,382,382-0489733Liou,四月小作文 3209 全科,https://docs.google.com/document/d/1BKt3PgIG4hm1J2xbK48OG769ZRjjblGL/edit?usp=sharing&ouid=111416234290790587195&rtpof=true&sd=true
212,2025/5/5（週一） 13:30,13:30,579,579-0740320Jack,五月小作文-川湖 2059,https://docs.google.com/document/d/1PKms_xeQwf7gqagvVZJBpVaxzvBnYev1/edit?usp=drive_link&ouid=118019031832096772647&rtpof=true&sd=true
213,2025/5/5（週一） 14:36,14:36,585,585-0734569止水,五月小作文-中信金 2891,https://docs.google.com/document/d/1QxRATOspn6rxeoAKlcp_snotaM7bfDXd61aAOepPY-c/edit?usp=sharing
214,2025/5/5（週一） 15:43,15:43,584,584-0745448雙北健美攻擊手,五月小作文-台指崩盤搶反彈,https://docs.google.com/document/d/1enV_9l1Wnoom3NSOvz4qOa4EFIvkU9yMBWNCcCJm9YE/edit?usp=sharing
215,2025/5/5（週一） 15:47,15:47,584,584-0745448雙北健美攻擊手,五月小作文-台指崩盤搶反彈,https://docs.google.com/document/d/1enV_9l1Wnoom3NSOvz4qOa4EFIvkU9yMBWNCcCJm9YE/edit?usp=sharing
216,2025/5/5（週一） 21:45,21:45,425,425-0531458狄桃培,5月小作文-白嫖百度PDF,https://docs.google.com/document/d/1M94i05arr2Rj2Pdbvwpi54VQkySI5pZJ/edit?usp=sharing&ouid=109149861247779089562&rtpof=true&sd=true
217,2025/5/5（週一） 22:42,22:42,314,314-0420763 抹布,"整理了一下有符合00919換股資格的名單，但還沒有篩選「平均成交金額 ≥ 8,000 萬元」的條件",https://docs.google.com/spreadsheets/d/1DlnBjsPpX11pfeB9xqd0NuJ7JuFYdLAQppK_7qyqJp0/edit?usp=sharing
218,2025/5/6（週二） 01:58,01:58,570,570-0742289努力就會成功,,https://docs.google.com/document/d/1lOqnG1S06APkLL473pjPAV9_bJkvmyBt/edit?usp=sharing&ouid=110464693689209888577&rtpof=true&sd=true
219,2025/5/6（週二） 14:59,14:59,589,589-0737566jim,五月小作文-2330台積電,https://docs.google.com/document/d/1VzLXBk3dq5q_kicRLpsWk2A-DvJzwqTxM8v7it4SnNI/edit?usp=sharing
220,2025/5/6（週二） 15:16,15:16,587,587-0736295寫程式的工程師,五月小作文-基於資金移轉預期，等待空單強制回補後的資金移轉潮流，順應潮流操作空單,https://docs.google.com/document/d/1Bi-xLaEbLqPwszLmnvrx_ixiGXPnpqNy5cmJ2b-mKlM/edit?tab=t.0
221,2025/5/6（週二） 16:08,16:08,460,460-0544474 Monson,4月小作文-跟著鎖漲停隔日沖分點的放空策略,https://drive.google.com/file/d/1QbRGWgTff1-dDGBcA76sWAYuOfUVW4M4/view?usp=sharing
222,2025/5/6（週二） 16:20,16:20,466,466-0431600見龍於田,四月小作文-台達電,https://docs.google.com/document/d/1F7W74wvgNBETKzSLHjcPqWOLuxOyMPGn1uv-SCGsgD4/edit?usp=sharing
223,2025/5/6（週二） 17:23,17:23,588,588-0743848MKTY,四月小作文-RBLX分析,https://www.dropbox.com/scl/fo/w57aq5c9oum786w3zrtc1/ALztPg46q30hsdj4gl46lUU?rlkey=6idru1acr1j9lnb5x7phsws98&dl=0
224,2025/5/6（週二） 22:31,22:31,534,534-0735759 GB3000,五月小作文 1295 生合,https://drive.google.com/file/d/1m6izER61XOvEfQva8Ro8YmKm3oaVp5w6/view?usp=sharing
225,2025/5/7（週三） 11:13,11:13,550,⚡️⭐️550-0488718一度贊,五月小作文- 台指期當沖,https://docs.google.com/document/d/1-1wQtyImGDWDBVYOnHnld80mnTIHNaXNZLbMycuQ1Iw/edit?usp=drivesdk
226,2025/5/7（週三） 12:28,12:28,392,392-0426534定宏,四月的小作文4933友輝,https://docs.google.com/document/d/1ulx69f5y6YTxF65cHd-Np9lfb6bw_hJ9hHbDRkpj-_M/edit?usp=drivesdk
227,2025/5/7（週三） 17:03,17:03,591,591-0678531AlanLin,五月小作文-精誠金融7819,https://docs.google.com/document/d/1-f96R33jENo3OoABC9-VEUxwFAJfO5nGHYDCIxyGF1E/edit?usp=drivesdk
228,2025/5/7（週三） 20:18,20:18,590,590-0747255JEROME,五月小作文-美債價格機率區間表建構邏輯,https://docs.google.com/document/d/1yV06KKMwdBY8XPA_JxjQWpWZYpipK6H-iORjxBq9Szo/edit?usp=sharing
229,2025/5/7（週三） 21:52,21:52,546,546-0728449Douhua,說到寫code，最近又有白嫖的機會，中國人真的好會鑽研漏洞,http://xhslink.com/a/kcICcz9zPkYbb
230,2025/5/7（週三） 22:56,22:56,447,447-0429654 Samuel,4月-狼友小作文-小VIX期貨,https://docs.google.com/document/d/1CEidyVs-h_z-3WEcZjQk_FqKfshxDEps3bn1ydIf7Nc/edit?usp=sharing
231,2025/5/7（週三） 23:05,23:05,105,105-0393803 豪,小作文 3413 京鼎,https://docs.google.com/document/d/1Jr-LsdqX0Y3w0p3A6k6AcU7VWVJHjebGBpny3AGMb_k/edit?tab=t.0
232,2025/5/8（週四） 00:43,00:43,567,567-0726661 Gary,五月小作文-事欣科 4916,https://walnut-planarian-4a2.notion.site/2025-05-07-1ec7d11db04c801388cad7d7a229bedb?pvs=4
233,2025/5/8（週四） 01:03,01:03,431,431-0530336梅子,,https://docs.google.com/document/d/10D8lg3vJhtk98a3Hp4Zo_dNyZSZHPfor6TMEVzzV2IY/edit
234,2025/5/8（週四） 01:32,01:32,431,431-0530336梅子,,https://docs.google.com/document/d/10GpuAwSsAjGiR3H6RZDJIYZoDrNBuWxvTQGgG1SGc3g/edit
235,2025/5/8（週四） 01:56,01:56,477,477-0696872過兒,五月小作文：韓國央行匯率調查,https://docs.google.com/document/d/e/2PACX-1vTmtH09ii9euk9FO_FgMWqf7xHbXoI2Hct-mCltdwz17ELizzqtS99oAZKFSTqO0y2EZumReWlS3Eiq/pub
236,2025/5/8（週四） 09:42,09:42,564,🔥⚡️⭐️564-0721983 飛利浦,五月小作文:必應,https://docs.google.com/document/d/1AX9bchjdHDME00Y7T7M_Z0jQl7mWSwRk/edit?usp=drive_link&ouid=110354783498159808621&rtpof=true&sd=true
237,2025/5/8（週四） 14:32,14:32,527,527-0726894耀,五月小作文-大跌後庫藏股積極買,https://docs.google.com/document/d/1NhGcGnei4r-c0JjjFkDH3divCeyuoQKS/edit?usp=drive_link&ouid=106899638007069152878&rtpof=true&sd=true
238,2025/5/8（週四） 16:01,16:01,383,383-0488695 三寶,小作文~~  品安8088,https://docs.google.com/document/d/11ApOBXTHaJkYA3G1KVMPqcLv80BdBWPD/edit?usp=drive_link&ouid=105443695704290227678&rtpof=true&sd=true
239,2025/5/8（週四） 17:08,17:08,437,⚡️⭐ 437-0548182林大大,5月小作文 - 緯穎（6669）,https://docs.google.com/document/d/1z62hsDOfb-461IK6gEgdP-48B6SSlsyx/edit?usp=sharing&ouid=102413103344657402164&rtpof=true&sd=true
240,2025/5/8（週四） 17:19,17:19,400,400-0430135 公園居民汪喵,五月小作文-大統益-1232,https://docs.google.com/document/d/16B22PSC8Sp1Dk9qYELrd95mu1f6LkdPT/edit
241,2025/5/8（週四） 20:44,20:44,592,592-0395380YH,五月小作文-3035,https://docs.google.com/document/d/1dav-x56TyQhN6y1ki_0jQgc_Y_svE7TP/edit?usp=sharing&ouid=111524135843973373638&rtpof=true&sd=true
242,2025/5/8（週四） 20:45,20:45,593,593-0745150RRRRR,**五月小作文-Vix指數**,https://drive.google.com/file/d/1RdKS3P7PrA44oTUaf7k9ggWpX152edN3/view?usp=drivesdk
243,2025/5/9（週五） 00:22,00:22,014,014-0395005 老高,五月小作文- 世紀鋼9958,https://docs.google.com/document/d/10BSlN08gsvaMn6YTppNRekxVr-I2KFylOn3Ud3NCzY8/edit
244,2025/5/9（週五） 17:26,17:26,414,414-0505439JCCC,四月份小作文-中鋼-2002,https://www.dropbox.com/scl/fi/nb566uwntqyxdivfqq34f/2002-JCCC-2.docx?rlkey=11ldrzli6pxc1rce2bed0v25f&st=dvvz07fr&dl=0
245,2025/5/9（週五） 18:49,18:49,420,420-0529143肥吱吱,,https://www.facebook.com/share/p/1AE5yfJ8X3/
246,2025/5/9（週五） 21:36,21:36,594,594-0741808二奶老爸,五月小作文-金益鼎8390,https://docs.google.com/presentation/d/1F5ylZ8I2fjRBpEdNInp8yGvODiJ3acg_HzOJXXNj3-8/edit?usp=sharing
247,2025/5/10（週六） 09:50,09:50,567,567-0726661 Gary,,https://www.tpex.org.tw/zh-tw/mainboard/trading/realtime/broker-vol.html?fbclid=IwZXh0bgNhZW0CMTAAYnJpZBExTFhhSHA2R3ppbnVGM2pPQgEejpSHWjseWMCdxX6Xeu08Wxy3W4Iv6VIQuPbO8-EXnYyqsy6eneOfDES55rg_aem_Tgu5uyQ_QdfNi3z_DaX9Pg
248,2025/5/10（週六） 14:05,14:05,596,596-0530815龜龜,五月小作文- 日內期貨指數交易策略:,https://1drv.ms/w/c/068c5ddf93808c2f/ETqYOe5EOENBoXvTepISxGwBrhDFVmcsENfxlbGiDRICMA?e=amaV8R
249,2025/5/10（週六） 15:23,15:23,510,510-0726629小平,,https://docs.google.com/document/d/1vbhGUDCv1M1a9Prp5bD2lHTrxvmr90b-koOp9Y-6MQI/edit?usp=drivesdk
250,2025/5/11（週日） 10:49,10:49,597,597-0735283霹靂不看布袋戲,五月小作文-崑鼎6803,https://docs.google.com/file/d/1bC4Psbmd9AlBI-t_9TqUhH6w6ccuJKB9/edit?usp=docslist_api&filetype=msword
251,2025/5/11（週日） 18:36,18:36,598,598-9800002陳耳東,五月小作文-晶豪科3006,https://drive.google.com/file/d/1RxOentpvdgyQ4AdvRL6wBAhrKvi98n1o/view?usp=drive_link
252,2025/5/11（週日） 21:16,21:16,595,595-0405979Julia Lin,五月小作文-耿鼎1524,https://docs.google.com/document/d/14lQIK2rZDSF3fbhhYmQbVD3wQYcL2Lbk/edit?usp=sharing&ouid=111876163755521082625&rtpof=true&sd=true
253,2025/5/12（週一） 07:25,07:25,127,127-0398125 Gerald,(loud volume)《經濟學人》當期有聲書,https://bit.ly/3xt99aD
254,2025/5/12（週一） 15:58,15:58,599,599-0749350小季,五月小作文-美股 GRAB,https://drive.google.com/file/d/1otvpu22LhXpB5bAUP88UbI-zfz5yCXHQ/view?usp=drivesdk
255,2025/5/12（週一） 17:13,17:13,600,600-9800003NMSL,狼友小作文 - 皇昌(2543),https://drive.google.com/drive/folders/1-3--7alcytFmMRg8_APsEg8FmC8jbSlL
256,2025/5/12（週一） 17:53,17:53,127,127-0398125 Gerald,★萬寶周刊 20250508[第1644期] 關稅戰 匯率戰.pdf,https://drive.google.com/file/d/1qur2FT2lM1WzTryvFrVT-28T_S9tKF8f/view?usp=drivesdk
257,2025/5/12（週一） 19:51,19:51,556,556-0738099Richard,狼友小作文 - AESKY ( 6781 ),https://docs.google.com/document/d/14Z8zStyrPEZx9p0q9RfC-_tS3DJXs6EPidKk-Uc36eU/edit?usp=sharing
258,2025/5/12（週一） 20:57,20:57,571,571-0727961小P,,https://drive.google.com/drive/folders/187lgMkORTrt03t6Pkqq7TiO2oj3Yiqaq?usp=drive_link
259,2025/5/12（週一） 23:09,23:09,586,586-9800001安煦,5月小作文波若威 3163,https://docs.google.com/document/d/1azmDLxl6B12nKEUmFnnDKuGBwmXEFqVBRBy3R4-5hCo/edit?tab=t.0
260,2025/5/13（週二） 09:59,09:59,385,385-0497440 麥當勞股東,,https://docs.google.com/document/d/1-kcy4yxxu1068CGplGEt-J3ZYTbQ-Oeku_QCs1QlvrM/edit
261,2025/5/13（週二） 10:17,10:17,490,490-0548056ziine,,https://docs.google.com/document/d/1CWKn6uFmC9yES09Jm04Q6h0DkZ0yYT0I8uP4VPu9W8c/edit?usp=drivesdk
262,2025/5/13（週二） 10:48,10:48,426,426-0527909飆仔,4月小作文：天鉞電(5251),https://docs.google.com/document/d/13m6gNZGm11svFinDNq3LBn7XqTLJFNRG
263,2025/5/13（週二） 12:20,12:20,524,524-0727783馬伕傑,,https://docs.google.com/document/d/10t3gcQnDnsVx6mzj2YNMMCj9CryjuRIrKht1XPEU3WM/edit?usp=sharing
264,2025/5/13（週二） 16:53,16:53,601,601-0743220邦邦,五月小作文-兆聯實業6944,https://1drv.ms/w/c/9fec53b19806af6b/EXRgPYrnTvpGoTDsYXJi0ogBgY-xkTlgR3Ywv7GJ5pxqTQ
265,2025/5/13（週二） 16:55,16:55,602,602-0383910波西,五月小作文-翻譯接案方法,https://docs.google.com/document/d/1y1I9gN1KEGiiWXQJEzPEysrL6dgM-MZh/edit?usp=drive_link&ouid=106226827257978896515&rtpof=true&sd=true
266,2025/5/13（週二） 17:01,17:01,480,480-0693299 Benson,,https://docs.google.com/presentation/d/1_MjhLURsXaNRRGDVXvPqFaQK2Gnn3kLW/edit?usp=sharing&ouid=118154091252196378446&rtpof=true&sd=true
267,2025/5/14（週三） 09:38,09:38,535,535-0724553空格 王玉1個億,山林水(8472) 小作文,https://docs.google.com/document/d/1c2FJFiPr1ET7ZWcb8eYFdmioTTA7674N/edit?usp=drivesdk&ouid=108855551660568832776&rtpof=true&sd=true
268,2025/5/14（週三） 11:04,11:04,502,⚡⭐502-0724579 Cowboy,5月小作文 第二篇,https://drive.google.com/file/d/18fR6cHwGvo_n6Ai2BxzAdVaRDNBbJ6Qp/view?usp=drive_link
269,2025/5/14（週三） 11:50,11:50,517,517-0726218HK,,https://docs.google.com/document/d/1FApGwT5eflUhoNaJrTNulQdKbXwlNOcWsF0OemdcL9A/edit?usp=drivesdk
270,2025/5/14（週三） 16:17,16:17,378,378-0489775凱特,五月小作文-驊宏資6148,https://drive.google.com/file/d/16ZP8JymvX6Zvc3rfziBYnl-qLcHI-2l7/view?usp=sharing
271,2025/5/14（週三） 16:24,16:24,603,603-0749046高福福,五月小作文-鉅祥2476,https://drive.google.com/file/d/1GHssiEZR3-4FW_ADnw8iU62lgPX78mC6/view?usp=drive_link
272,2025/5/14（週三） 19:34,19:34,571,571-0727961小P,,https://drive.google.com/drive/folders/144eUaGolKLWHAJvcjRp0lNQZeaSykMuM?usp=drive_link
273,2025/5/14（週三） 21:03,21:03,600,600-9800003NMSL,五月小作文-科姸(1786),https://reurl.cc/VYqpRZ
274,2025/5/15（週四） 00:42,00:42,407,407-0516211史蛋,4月小作文-華泰2329,https://docs.google.com/document/d/1EfNiv7g4BLwbGxSUCEYblvLTppKwEtKuLXyeh2RADA8/edit?usp=sharing
275,2025/5/15（週四） 14:06,14:06,468,468-0677901彩虹,4月小作文 長園科 8038,https://docs.google.com/document/d/149QDbMLvT84_uRQ3deMeTqMEE3-67r2KcPl2sOn1800/edit
276,2025/5/15（週四） 19:00,19:00,559,🔥⚡⭐559-0740236哩奧娜多,五月小作文-十分鐘的日內波大法,https://docs.google.com/document/d/1XUkLJY0FfOq2J4L93FBPd2VfGduE-pOQWZEi-MRL_KI/edit?usp=sharing
277,2025/5/16（週五） 00:56,00:56,469,469-0529347小宇,五月小作文,https://docs.google.com/document/d/1ljJ6SYxe2K_IyeZoc_fI16i3-gZFKHUh/edit?usp=drive_link&ouid=116028103918394948460&rtpof=true&sd=true
278,2025/5/16（週五） 01:17,01:17,605,605-0735461小蘋果,五月小作文-精確3162,https://docs.google.com/document/d/1Ra6_4MMZiiGa-9vPgr9f-wsg9Xg3Cq1pvo1VJZCTN5c/edit?usp=sharing
279,2025/5/16（週五） 07:19,07:19,549,549-0736240 秋風漸落,五月小作文,https://docs.google.com/document/d/e/2PACX-1vTxwDN7-HlpzHSQtsPHDKLsuTcQ7zAro-fQePh8xk3ubGRvaBNlMEcJEP1fJCkYSNJLnc06LP0xFoGV/pub
280,2025/5/16（週五） 17:08,17:08,608,608-0750132 Kris,五月小作文-台積電2330,https://docs.google.com/document/d/19FEK1btwSHI8DBQ61MhmX8kA5DV0HqdSmZyQXJeluzg/edit?usp=sharing
281,2025/5/16（週五） 17:38,17:38,483,483-0677765Athena,,https://docs.google.com/document/d/11IARnZlEQWMcMeiStDgzWCUPL3-5pjwf/edit?usp=sharing&ouid=116630546667820990848&rtpof=true&sd=true
282,2025/5/16（週五） 18:19,18:19,505,505-0724540捲髮狼,五月小作文  3017,https://drive.google.com/file/d/1Qnz0IyFQLgzR1tVADkIF0VN75Ipnm1aE/view
283,2025/5/16（週五） 22:08,22:08,092,092-0404475 Ernest💗,補充一下，利用隔日沖賣壓順勢「放空」策略，,https://www.facebook.com/share/p/1AMz62gM4P/
284,2025/5/16（週五） 23:04,23:04,576,576-0741743 Zack,,https://drive.google.com/file/d/1IQX82nrtkhic8DGw7AlADN72tBDLit8o/view?usp=sharing
285,2025/5/17（週六） 01:16,01:16,429,429-0531924三毛,五月份小作文-中砂1560,https://docs.google.com/document/d/1EXTCsDyAFAB4uodLrsijt9OKy9LkW0Bo/edit?usp=sharing&ouid=104235377859924673226&rtpof=true&sd=true
286,2025/5/17（週六） 10:10,10:10,489,489-0678971Wade,,https://docs.google.com/document/d/1OPh5vR8sz8Xgo4VqF2NWgNv7Ssb1cuh8_GwA45GJlqw/edit?usp=drivesdk
287,2025/5/17（週六） 16:30,16:30,484,484-0401708 YWL,5月小作文: 3557 嘉威,https://drive.google.com/file/d/1CgiLFbmLpRbbGajhuBtxVUZeexeV8m33/view?usp=sharing
288,2025/5/17（週六） 19:21,19:21,453,453-0650986Krenz,,https://mopsov.twse.com.tw/mops/web/ajax_STAMAK03_1?encodeURIComponent=1&step=1&firstin=1&off=1&keyword4=&code1=&TYPEK2=&checkbtn=&queryName=co_id&inpuType=co_id&TYPEK=all&co_id=3557&b_date=1140424&e_date=1140424
289,2025/5/17（週六） 21:46,21:46,610,610-0750365淳,五月小作文-南亞科2408,https://docs.google.com/document/d/10hvcBtQC8BYDUtpxnjfBdwWXRj9HhKljM63E8CqqsqI/edit
290,2025/5/17（週六） 23:02,23:02,575,575-0741277 黃金獵款,五月小作文-當沖空方日內波,https://drive.google.com/file/d/1GEpEiqQuq9I3zpAce6grRsAZCQCZYFu_/view?usp=drive_link
291,2025/5/17（週六） 23:08,23:08,609,609-0749949非洲巨象,五月小作文-洋基工程 6691,https://docs.google.com/document/d/1Proh78px602CBFQHfE-AsN_Q7LXr-U79/edit?usp=drive_link&ouid=101843848990126886739&rtpof=true&sd=true
292,2025/5/18（週日） 10:56,10:56,513,513-0727822 Loui,五月小作文-台指期下週行情規劃分享,https://drive.google.com/file/d/1Hw10TvCVyhOEJP2WjAwhpaZMLM9X7QAC/view?usp=sharing
293,2025/5/18（週日） 20:43,20:43,577,577-0741727Silence張震,五月小作文-NFE(美股),https://www.dropbox.com/scl/fi/2w9eqeurxzjfknb6km0jb/2025-05-18-8.41.28.png?rlkey=02a14u90nm3uxmhjtudyvdtms&st=1uon154y&dl=0
294,2025/5/18（週日） 21:45,21:45,530,530-0728960Harris,五月份小作文: 3293 PER探究,https://docs.google.com/document/d/1r0wLd8jfdhuTSNOh3tIb2122kbM5P0IZUSfysFs9s_k/edit?usp=sharing
295,2025/5/18（週日） 23:04,23:04,046,046-0406114 JOY88,五月份小作文：颱風假選擇權賣方短線交易策略應用。,https://docs.google.com/document/d/1e5LV4cfWgdKXfyQ8C10CwYYLdYRnPErD-fh5343ulks/edit?usp=sharing
296,2025/5/19（週一） 11:03,11:03,102,102-0407647 Ethan,五月份小作文 2515 中工分點異常,https://docs.google.com/document/d/1je78S4BWHCgoWKNDPW3n3UZBnA16TyRTofYKCW-6JRI/edit?usp=sharing
297,2025/5/19（週一） 11:57,11:57,492,492-0719128 ED,,https://docs.google.com/document/d/1OgZWPrAmNBmUwpWw5lrB_RbCzlY5zmpg/edit
298,2025/5/19（週一） 14:37,14:37,531,531-0606228 QD,,https://docs.google.com/document/d/1Oh_vCkweXaXMVmnfSf-MOIwwqtSoFdRq1sxGFYfCqFs/edit?usp=sharing
299,2025/5/19（週一） 15:25,15:25,611,611-0541723 鴿五郎,五月小作文-浪凡6165,https://docs.google.com/document/d/12Pxkf5PgcG3vqIj-ZUPfa8luPu2XRYur/edit?usp=sharing&ouid=104588451278844838269&rtpof=true&sd=true
300,2025/5/19（週一） 15:31,15:31,612,612-0751830 Bazinga,五月小作文-1815富喬,https://reurl.cc/K8vnRj
301,2025/5/19（週一） 17:00,17:00,500,500-0724304FOMO就剁手手,可能是2022年購入的不動產吧,https://www.sinotrade.com.tw/richclub/news/68139a8331c1ba247a6ac869
302,2025/5/19（週一） 17:02,17:02,500,500-0724304FOMO就剁手手,05/01的新聞了,https://tw.stock.yahoo.com/news/%E6%95%B8%E9%9B%B2%E7%AB%AF-%E6%B5%AA%E5%87%A1%E5%95%9F%E5%8B%95%E7%AD%96%E7%95%A5%E8%81%AF%E7%9B%9F%E5%B8%83%E5%B1%80-%E5%A3%AB%E6%9E%97%E5%9F%BA%E5%9C%B0%E5%8D%87%E7%B4%9A%E7%82%BA%E6%95%B8%E4%BD%8D%E7%B6%93%E6%BF%9F%E5%89%B5%E6%96%B0%E4%B8%AD%E5%BF%83-001901721.html
303,2025/5/19（週一） 20:32,20:32,571,571-0727961小P,,https://drive.google.com/drive/folders/1sqOvHnIXC2kIa2y6ncoBqnX8q6ogy62N?usp=drive_link
304,2025/5/19（週一） 21:09,21:09,554,554-0726975大平,5月小作文-新美齊(2442)-目前進度客戶已在對保,https://docs.google.com/document/d/1LxCjslC5vpaeRIQkcYYCcREla5eTDtU8/edit?usp=sharing&ouid=113741739286475035002&rtpof=true&sd=true
305,2025/5/19（週一） 21:10,21:10,543,543-0531953瘋狂吉娃娃,國統,https://drive.google.com/file/d/1eAXflkAgiubxiaBhtYmztnTblcPIhfWE/view?usp=sharing
306,2025/5/19（週一） 21:38,21:38,600,600-9800003NMSL,5月小作文(3) - 淺談CB,https://reurl.cc/vQ4ZDA
307,2025/5/19（週一） 23:35,23:35,600,600-9800003NMSL,5月狼友小作文(4) - 南亞科(2408),https://reurl.cc/3Kpze9
308,2025/5/20（週二） 01:37,01:37,046,046-0406114 JOY88,,https://docs.google.com/document/d/14VHqFItNlYQJWejPldNyj-SgKxNYw9X-/edit?usp=sharing&ouid=102342029662928345304&rtpof=true&sd=true
309,2025/5/20（週二） 02:01,02:01,510,510-0726629小平,,https://docs.google.com/document/d/1t_M0ijJmPBS5r6L6qxDL-fZFywR4KWfbZV8Z31054LU/edit?usp=drivesdk
310,2025/5/20（週二） 05:21,05:21,506,506-0723994 樂觀感恩,,https://docs.google.com/document/d/1SwWAZIpfTi6-OiE-pz5MWUw6ge5HDNx3S4ak_Ae0FPw/edit?usp=sharing
311,2025/5/20（週二） 09:11,09:11,571,571-0727961小P,,https://drive.google.com/drive/folders/1kd-YfQjo9kSWcS2b-W7GuX41C-oWpsbq?usp=drive_link
312,2025/5/20（週二） 10:48,10:48,526,526-0347875小妞,五月小作文,https://docs.google.com/document/d/1h9O2hjKx-N1rb1Z99t84q7sR3yhl4VFDVJr6_1rA3JQ/edit?usp=sharing
313,2025/5/20（週二） 11:58,11:58,542,542-0198299Mark66,五月小作文,https://docs.google.com/document/d/1z2jQsGYqNJzD7rdoN1vx_9sfJvxcSfOHvvFMBM8_xhc/edit?usp=drivesdk
314,2025/5/20（週二） 12:27,12:27,476,⚡️⭐️476-0689643  賢妻良母,五月小作文- 大跌的國泰金(2882)與義隆 (2458),https://docs.google.com/document/d/10fqXr3Bj_pJDaTKMSk0XGDWk_TsJ2Qxog_jWrOIfujk/edit?usp=sharing
315,2025/5/20（週二） 12:56,12:56,533,📊⭐️533-0525286 MT,五月小作文 材料-KY 4763,https://docs.google.com/document/d/162W1BEu7wWikpuscmhMn3F4Pmat6MopHN3sBdefgXVI/edit?usp=sharing
316,2025/5/20（週二） 13:06,13:06,608,608-0750132 Kris,五月小作文-台積電2330,https://docs.google.com/document/d/19FEK1btwSHI8DBQ61MhmX8kA5DV0HqdSmZyQXJeluzg/edit?usp=sharing
317,2025/5/20（週二） 13:12,13:12,538,538-0736538 ㄟ死笑笑笑,五月小作文 黑K策略,https://drive.google.com/file/d/1NAkDKPeLFEKKr59bqWPT5iMeyNGSWdyY/view?usp=sharing
318,2025/5/20（週二） 13:49,13:49,502,⚡⭐502-0724579 Cowboy,五月小作文 第三篇,https://drive.google.com/file/d/1YCgJddreaYhgHg8fd-nA8ogwkWw7284d/view
319,2025/5/20（週二） 14:23,14:23,531,531-0606228 QD,,https://docs.google.com/document/d/10tRK9QQoE8c4kTVM_V2NI8nFuF9U3wgvwUJ86C9PWKc/edit?usp=sharing
320,2025/5/20（週二） 14:39,14:39,524,524-0727783馬伕傑,,https://docs.google.com/document/d/1IQcQkB4EpM0kWljGlc-rlvnx1kw1XgFyPFCEWVyivY4/edit?usp=drive_link
321,2025/5/20（週二） 14:47,14:47,480,480-0693299 Benson,,https://docs.google.com/presentation/d/18nae9I3zlRS3qq4kEEhAeoVBcn6Qm-ML/edit?usp=drivesdk&ouid=118154091252196378446&rtpof=true&sd=true
322,2025/5/20（週二） 15:13,15:13,464,464-0678146小書僮,五月小作文 Mark Minervini大師交易 (下),https://drive.google.com/file/d/1GLvyJHNEIrFVXkAsZ00fb6x3CTp1w9_X/view?usp=sharing
323,2025/5/20（週二） 15:37,15:37,523,523-0725002 Eason,5月小作文 Mark Minervini200日選股指標,https://docs.google.com/document/d/1AiLvk0Khq88wYE9A9WEftIdRYBDJFDu7/edit?usp=sharing&ouid=107307769969375441225&rtpof=true&sd=true
324,2025/5/20（週二） 15:41,15:41,464,464-0678146小書僮,,https://drive.google.com/file/d/1ZJXOpnSih2yLQAOnN9jZi3PSIP_lpBo1/view?usp=sharing
325,2025/5/20（週二） 15:58,15:58,528,528-0434571荒唐信,5月小作文 小那1分K交易策略,https://docs.google.com/document/d/1siCjWvrc-HsNJY8OgsHQ5_a30DSqEbinWQXPMIh8Zmo/edit?usp=sharing
326,2025/5/20（週二） 17:40,17:40,014,014-0395005 老高,小作文：貨櫃三雄 航線運量分析,https://docs.google.com/document/d/1M5Nd-sCU-3Lbtz0z0-8-md_uPxBbXMUM7yjAQPLHiCM/edit?usp=drivesdk
327,2025/5/20（週二） 19:07,19:07,614,614-0750996咖喱,五月小作文-達邁3645,https://docs.google.com/document/d/1EOa844KxSP-At4MDZ_Viqi8qOwzOjT_h/edit?usp=drivesdk&ouid=115213020927724656256&rtpof=true&sd=true
328,2025/5/20（週二） 19:13,19:13,615,615-0396172John(小志),五月小作文-統一FANG+ 00757.,https://docs.google.com/document/d/10ApIz_seANCw7lNYX0-VxhCB1FQBPg0xNSBYaUT_LzM/edit?usp=sharing
329,2025/5/20（週二） 20:19,20:19,448,448-0566151MIN KAO,五月小作文-華新（1605）,https://docs.google.com/document/d/18MJcycWBMLxCfooXcQSOOuQv7chGJADK0YZZljF1Qmo/edit?usp=sharing
330,2025/5/20（週二） 21:26,21:26,571,571-0727961小P,,https://drive.google.com/drive/folders/1NfCZshPN5AuZDVHrMQta1EvD1qxq97og?usp=drive_link
331,2025/5/20（週二） 21:41,21:41,553,553-0720939東東,,https://docs.google.com/document/d/1hDQ7DFcFG_Zw6SItFkTPv5YeGWRiQCkTb4LBfYdQvTg/edit?usp=sharing
332,2025/5/20（週二） 22:47,22:47,586,586-9800001安煦,,https://docs.google.com/document/d/1O8mOfe9ybRDtCHtZxgwEQ9kLVTC7sU-QHPX0HilhVe0/edit?tab=t.0
333,2025/5/20（週二） 23:15,23:15,605,605-0735461小蘋果,,https://docs.google.com/document/d/1yDiY9IDGrjSuGQCxkBUzr4yQGy8gjSs5rXl3uNkPRk0/edit?tab=t.0
334,2025/5/21（週三） 08:44,08:44,149,149-0394491小豬哥,五月份小作文-東生華8432,https://docs.google.com/document/d/1siKuV7NIM1S9TdtZ-ZbAeFPic_Kh8Io_/edit?usp=sharing&ouid=102217930404666154665&rtpof=true&sd=true
335,2025/5/21（週三） 12:10,12:10,502,⚡⭐502-0724579 Cowboy,,https://drive.google.com/file/d/1vJUu7gh1uz9zGvd47TgK0vSp6xAHXPDD/view?usp=sharing
336,2025/5/21（週三） 13:12,13:12,607,607-9800004小火龍,,https://docs.google.com/document/d/11fFWiGPPKSWqZCmo2csFVjl6nuPPaajvPROyGIR9d_c/edit?usp=sharing
337,2025/5/21（週三） 14:48,14:48,525,525-0725808真閒,,https://docs.google.com/document/d/1vwmCnPrLH13t601-SfGTJNiLAIjb5h7j/edit?usp=drive_link&ouid=106202841797809016047&rtpof=true&sd=true
338,2025/5/21（週三） 15:50,15:50,618,618-0752428MMRT,五月小作文-光聖 6442,https://docs.google.com/document/d/1cluLLl6rf0KJL3C48uw5hGm6iT6Zd9bYVnxFp6FgPNo/edit?usp=sharing
339,2025/5/21（週三） 15:54,15:54,617,617-0739454傑森,五月小作文-卜蜂1215,https://docs.google.com/document/d/1CZVOy3gLtqDu6Q26u0WuFOx58qeCYVFFEB1WITjkThY/edit?usp=sharing
340,2025/5/21（週三） 18:12,18:12,512,512-0726962火熱鐵甲,五月小作文-分享被動指數vs主動短線操作目的思考,https://docs.google.com/document/d/12PuCNuRmk6cvkz5lUw1gKCVA4aGtkq1uotoX9Qra5DI/edit?usp=drivesdk
341,2025/5/21（週三） 20:25,20:25,289,289-0394556/Agogo,ALAB 小作文,https://docs.google.com/document/d/1-A7PcnptmdDNqENBo31kYg5lx6LnYd-P8l_fInm-_i4/edit?usp=drivesdk
342,2025/5/21（週三） 20:26,20:26,571,571-0727961小P,,https://drive.google.com/drive/folders/1S0OIFYTI6RKwp0nm5Yum1ce9YNk_Dk3Y?usp=drive_link
343,2025/5/21（週三） 21:01,21:01,616,616-0749800 吉拉,五月小作文- 世芯-KY3661,https://docs.google.com/document/d/1YuhI9V4olodcZugZ-vsY_TS5pjj47TYGvbkCzwMnXo8/edit?usp=sharing
344,2025/5/21（週三） 22:43,22:43,572,572-0739946韭韭窩,五月小作文: 回測常見陷阱,https://docs.google.com/document/d/10taRUXC8Bh647aLvqLOeBxfI8CNqzodN1hfzaDox6Z4/edit?tab=t.0
345,2025/5/21（週三） 22:46,22:46,184,184-0393188 吃魚,微程式7721,https://docs.google.com/document/d/1bebmakf0VcgLXf5tvRVcKRhm-8JiudwL6pAkacVG-z8/edit?usp=sharing
346,2025/5/22（週四） 00:02,00:02,315,🌀⭐315-0424057 Shen,五月小作文 - 6191精成科,https://docs.google.com/document/d/1ONbnN4MBEU42h_UEFfmH9Q2OR27h3Q61cnFZDXkS2zI/edit?usp=sharing
347,2025/5/22（週四） 02:09,02:09,519,519-0725280 Benson,,https://docs.google.com/document/d/1oPkhHzsAefs30RFk92t57A3b-dNU1ifQ/edit?usp=drive_link&ouid=114185884775362699727&rtpof=true&sd=true
348,2025/5/22（週四） 08:48,08:48,546,546-0728449Douhua,5月小作文 交易紀錄建置,https://drive.google.com/drive/folders/1HYmh_LbBepH__AiHZzsxvKHXkFR4Z__R?usp=sharing
349,2025/5/22（週四） 11:22,11:22,012,012-0403340漢堡,,https://docs.google.com/document/d/1-LMdACakgYJFq46juBxdTGOPO-0lqZXUtrXJFQSKMm4/edit?tab=t.0
350,2025/5/22（週四） 12:03,12:03,498,498-0717418 修,,https://docs.google.com/document/d/1VC1RJ6-ILlvqeUMEdv8WkuIV3yVsNjeV/edit?usp=drivesdk&ouid=114421657726260418588&rtpof=true&sd=true
351,2025/5/22（週四） 13:19,13:19,521,521-0726674 TSEN,五月小作文-義隆2458,https://1drv.ms/w/c/e6dd565bd8b4acce/EfQYMSfwhKNLuFdgSOzkyGMB1Ww-aYFIYAD-z0XjJCna8g
352,2025/5/22（週四） 15:51,15:51,014,014-0395005 老高,小作文：金像電2368,https://gemini.google.com/share/b7b97991f416
353,2025/5/22（週四） 15:55,15:55,622,622-0751982 Leon,五月小作文-新應材4749,https://docs.google.com/document/d/1OhgAg9w1wq2sHo-bgnHIY72yBsPsR_qOmmKmOGthHtc/edit?usp=sharing
354,2025/5/22（週四） 15:56,15:56,621,621-0752923jen,五月小作文-皇昌 2543,https://docs.google.com/document/d/11gwqH1z2BmxHBnIyOhNcHpPPQFXpGoHh0fBGx-ayhjg/edit?usp=sharing
355,2025/5/22（週四） 17:16,17:16,620,620-0752871 YH Lin,五月小作文-NQ納斯達克指數期貨,https://drive.google.com/file/d/1wBj9wP3AswClB-RwP8QCwbj2Nd-UBHcw/view?usp=sharing
356,2025/5/22（週四） 17:20,17:20,623,623-0752473bad,五月小作文-大學光,https://docs.google.com/document/d/1dh1mDtZJ3GAerImkPe4MrPH0z66tCQgr_-wKLK6THww/
357,2025/5/22（週四） 17:22,17:22,557,557-0727411威力力力,五月小作文-天弘化,https://docs.google.com/document/d/1drSfD3rpmQxVkF6hCwGhK5whNCNQD6AL/edit?usp=drive_link&ouid=101047127970704222066&rtpof=true&sd=true
358,2025/5/22（週四） 20:13,20:13,537,537-0525273momoju,五月小作文 - 日內空策略(融資濾網),https://momoju.notion.site/1f966c95fe8d80cfb2f6ed8cceec565e?pvs=4
359,2025/5/22（週四） 20:15,20:15,460,460-0544474 Monson,剛好也有研究，補充一下自己觀察的,https://makssin.blogspot.com/2024/03/3218tw.html
360,2025/5/22（週四） 21:12,21:12,571,571-0727961小P,,https://drive.google.com/drive/folders/1HndgDJorlfkJhapgLJguxoeMMj62KbHt?usp=drive_link
361,2025/5/23（週五） 00:45,00:45,440,440-0208121  voice,5月小作文,https://docs.google.com/document/d/1b0NpD1y3TnVodTH2GRR9_dmJNj-Ke8sa/edit?usp=sharing&ouid=112140481029709627573&rtpof=true&sd=true
362,2025/5/23（週五） 10:30,10:30,509,🔥📊⚡️ ⭐ 509-0726577小棕熊,五月小作文 利用黃金複製出新台幣兌美元交易對,https://docs.google.com/document/d/1VR5alIQRSxYNVpXUaRHhXrXuaskWq0nR1Or6PU61IAA/edit?usp=sharing
363,2025/5/23（週五） 10:52,10:52,530,530-0728960Harris,加碼在一篇5月份小作文,https://docs.google.com/document/d/1Uq4XUp6HQfmRU1WrqUixiA-t-TQBAB0sUou1usD2I60/edit?usp=sharing
364,2025/5/23（週五） 14:15,14:15,468,468-0677901彩虹,五月小作文 貿聯KY 3665,https://docs.google.com/document/d/14sy6DUWMptkViGAL9IAWfM0_uBtWyZ4bU-xNE0_ScYE/edit?usp=drivesdk
365,2025/5/23（週五） 14:49,14:49,625,625-0754138威廉Wang,五月小作文-週三的台指選擇權,https://docs.google.com/document/d/1bOAAXT-pagXyywJvVgCR7WYq77h-8fy5QO1Z1E6UrPI/edit?usp=sharing
366,2025/5/23（週五） 15:10,15:10,624,624-0748762張仔,五月小作文-大成1210,https://drive.google.com/file/d/1HJVOrwp1C-i4pgmsFkdHdZcPZa1W2YvV/view?usp=drive_link
367,2025/5/23（週五） 16:29,16:29,450,450-0424183 Seal,5月份小作文 SPY & 台指的規劃,https://docs.google.com/document/d/1fE54zfWekJ6tFqZCoPICIw2psLvLWOuHWbyH_36aiFA/edit?usp=sharing
368,2025/5/23（週五） 18:55,18:55,508,508-0324115 Sean,,https://docs.google.com/document/d/13ttQngU7Yff43Q7e3dLYEmFXBdJaAbyz410XNIclA4M/edit?tab=t.0
369,2025/5/24（週六） 00:31,00:31,532,532-0733492熊,,https://docs.google.com/document/d/11cUqr3qe4zbv-mgXrYOHOv6UowbXLPuqVoDsYObWzus/edit?usp=sharing
370,2025/5/24（週六） 09:45,09:45,571,571-0727961小P,,https://drive.google.com/drive/folders/11juYOpqKHphVrXOEbEPbSGTXP5fv7NZr?usp=drive_link
371,2025/5/24（週六） 10:41,10:41,527,527-0726894耀,因端午連假快到了 應景一下 連假投資策略Ai潤稿,https://docs.google.com/document/d/1FI7anGbP5d5STds5Zh6k9ZPg_-WbFeYv/edit?usp=drive_link&ouid=106899638007069152878&rtpof=true&sd=true
372,2025/5/24（週六） 10:49,10:49,520,520-0725769森森,5月小作文: 精成科6191,https://drive.google.com/file/d/1n2XmUD1-2cm4MUB5hbVOXwkyNLcNFgXg/view?usp=drive_link
373,2025/5/24（週六） 11:45,11:45,499,499-0707318 開心北極熊,,https://docs.google.com/document/d/18oEcie2-_geBFAuOeXJyoCZnpT-OJG8sMR7VhTVzVwQ/edit?usp=drivesdk
374,2025/5/24（週六） 14:18,14:18,379,379-0489759 迪諾,,https://docs.google.com/document/d/1AHqaOGJKs5NEXOj4lxU7RCSQ7O_P11wiRvP33c1lFms/edit?usp=sharing
375,2025/5/24（週六） 14:59,14:59,248,248-0397346 Kenny,,https://ai.finlab.tw/course?cid=LqYTLW3KkXRSPnci47xe&pid=UHnZjS2vQDzKzOV9CQT1
376,2025/5/24（週六） 16:15,16:15,516,516-0724825EJAY,五月小作文 9939宏全,https://drive.google.com/file/d/1Oh9fTEWjZe2gtBuGzL8xn_9K5EjT5HQp/view?usp=drivesdk
377,2025/5/24（週六） 16:53,16:53,485,485-0530080克里斯,5月小作文 3529力旺,https://docs.google.com/document/d/1_m_V-tNO1QN6l48zyLNBIHRmsvoggeZa/edit?usp=drive_link&ouid=116098567997374387789&rtpof=true&sd=truehttps://docs.google.com/document/d/1_m_V-tNO1QN6l48zyLNBIHRmsvoggeZa/edit?usp=drive_link&ouid=116098567997374387789&rtpof=true&sd=true
378,2025/5/24（週六） 17:46,17:46,515,515-0725565ycc,五月小作文 2615萬海 關稅事件交易,https://docs.google.com/document/d/1FDZZcvpGuavDpcBOvcym6R_p_nimAW-LPo7CrUf0sus/edit?tab=t.0
379,2025/5/25（週日） 09:13,09:13,434,434-0547510菲獅,五月小作文 5439高技,https://docs.google.com/document/d/1z_vMoKuWvqFN0UJcBbsWfX0AoI3NWZzdwDih0taAbs8/edit?tab=t.0
380,2025/5/25（週日） 09:40,09:40,420,420-0529143肥吱吱,五月小作文 6919 康霈,https://docs.google.com/document/d/1p2FNreD6-MvR-vAJJn3pI8RFNNhlTHz0nvHm5WO9utI/edit?tab=t.0#heading=h.esx7k0nb3y5r
381,2025/5/25（週日） 12:40,12:40,417,417-0405649 阿賢,五月小作文 2377 微星科技,https://drive.google.com/file/d/1mMy5UTj5mBwGTB47RrIFzAqCu5kOW3XH/view?usp=sharing
382,2025/5/25（週日） 14:05,14:05,510,510-0726629小平,,https://docs.google.com/document/d/1n7_wNSSzm4WHlyy5SXB_W5lA4eb2VeQd0KgVdfHolV8/edit?usp=drivesdk
383,2025/5/25（週日） 14:50,14:50,510,510-0726629小平,,https://docs.google.com/document/d/1Stphjc1EPv20YSJ-nNfzaFmpG3MNS9ottl6OxyC4oeo/edit?usp=drivesdk
384,2025/5/25（週日） 17:46,17:46,588,588-0743848MKTY,,https://www.dropbox.com/scl/fo/1bmfklrg7sg08as3nszgd/AJJkAfCjE9PmEnVhOJ0ZksI?rlkey=x12wzqdrbut7s4jc86sdvhz4m&dl=0
385,2025/5/25（週日） 22:08,22:08,442,442-0435237Raymond,五月小作文 2731 雄獅,https://docs.google.com/document/d/1K5GQ1BcF898c2okaS1AFt1Vs0E-iDaUxdE7heByZLnA/edit?usp=sharing
386,2025/5/25（週日） 22:18,22:18,566,566-0339663WEGO,,https://docs.google.com/document/d/1DU0W4GxIlQSOyvfVP42uqAftyBgOiO_rQfQEu15mDXM/edit?usp=sharing
387,2025/5/25（週日） 22:40,22:40,445,💎🌀⭐445-0556394 Kai,,https://docs.google.com/document/d/1cLj4mtiNTbCRtL62w9mW7wLuFSRgaTE0e-hNGpgWiQk/edit?pli=1&tab=t.0
388,2025/5/26（週一） 06:27,06:27,402,402-0511960 雪花冰,,https://docs.google.com/document/d/10uiIo5Q6VvwxYAouBRdUFd4icOynrr36/edit?usp=drivesdk&ouid=103740366053566449567&rtpof=true&sd=true
389,2025/5/26（週一） 09:33,09:33,471,471-0430148HYXXX,五月小作文 5439高技,https://docs.google.com/document/d/1-eK5DtUMYGd8wyHFWCQtlZip1XlKUlWruqPSq5E-chA/edit?usp=drivesdk
390,2025/5/26（週一） 14:55,14:55,395,395-0497903 Yu,,https://docs.google.com/document/d/1lfY-hgjSGgF-XNtZTOaRc61OHnsq95Wrv9FRwMO0bqo/edit?usp=sharing
391,2025/5/26（週一） 15:45,15:45,626,626-9800005rich,五月小作文-VIX策略方式,https://drive.google.com/drive/folders/1SUG8kEN3vmwDVko3mr8RUfsgBTrOD9B6?usp=drive_link
392,2025/5/26（週一） 16:10,16:10,628,628-0189541 Louis,,https://docs.google.com/document/d/1y6qx-P1mXUDelg9ubP0MTMKxW3AsxcibptY9skhVJ0c/edit?tab=t.0
393,2025/5/26（週一） 16:14,16:14,290,290-0395898 Zhi,,https://docs.google.com/document/d/1fXmwKXU-zZL_Yu6QGDjDc-Ab25VUdCeST7Rs1RLDYG8/edit?tab=t.0
394,2025/5/26（週一） 16:29,16:29,486,486-0707732貓貓,5月小作文-6585,https://docs.google.com/document/d/1LTu_-oS_fNRFIItGZOj7NP29XiWUg2yMf5hQBIkJdLE/edit?usp=sharing
395,2025/5/26（週一） 16:43,16:43,336,336-040822-Simon波利,"分享 TeleBox (LinkBox) 10TB免費空間 教學  ,個人使用過還不錯,速度也快.",https://docs.google.com/document/d/1XMlW2jNENZnIl4bb9e9cYBckB0NTO8HbE9JD00LoFp8/edit?usp=sharing
396,2025/5/26（週一） 18:38,18:38,439,439-0529059 空格 整骨,五月小作文—量子電腦暨後量子美股,https://docs.google.com/document/d/1D3FLXmTKgsPVWvArWlABRKNKP7bjhf642QfQoxw8CSo/edit?usp=drivesdk
397,2025/5/26（週一） 21:52,21:52,451,451-0634041阿山,五月小作文-Wolverine Worldwide,https://docs.google.com/document/d/1zz9UH5bNQrf7ddcctkD4fLmH6Jcg3re3/edit?usp=drive_link&ouid=117180024349907731538&rtpof=true&sd=true
398,2025/5/26（週一） 22:14,22:14,491,491-0717793白交易,五月份小作文,https://docs.google.com/document/d/1RV_MAn-eEROYq9L4Qntlp_IMDcCCHU0X/edit?usp=drivesdk&ouid=102208883993501817284&rtpof=true&sd=true
399,2025/5/26（週一） 23:01,23:01,462,462-0421377 RL,五月小作文 4164 承業醫,https://docs.google.com/document/d/1euPAReKskpeeDxm90pqEZTc9ZogEywXqDjBPPzwmiWk/edit?usp=sharing
400,2025/5/27（週二） 00:23,00:23,465,465-0677707股市細漢,五月小作文 是方 6561,https://docs.google.com/document/d/1djYNuIjtRG3B1XjqxUKXO2WX0qELMzTd/edit
401,2025/5/27（週二） 01:47,01:47,452,452-0640491小凱,五月小作文 轉為保守增加現金,https://docs.google.com/document/d/1gt8zahtxtvTWY1nK2iNHclHNa0CVNne0/edit?usp=sharing&ouid=101863675658538783335&rtpof=true&sd=true
402,2025/5/27（週二） 13:16,13:16,496,496-0720984林小白,,https://docs.google.com/document/d/1CxUOdXdU2y_MVnWbRXfM6wgtpHs_llS4NCDEVtEdbnI/edit?usp=sharing
403,2025/5/27（週二） 14:37,14:37,478,478-0541613 WL,五月小作文 聯發科 2454,https://drive.google.com/file/d/1XnSvjdqnBpdlX5lQOWaxuGT1-wEOuw3M/view?usp=share_link
404,2025/5/27（週二） 18:58,18:58,630,630-0755577 十四,五月小作文-高技 5439,https://reurl.cc/RYo4Az
405,2025/5/27（週二） 19:50,19:50,627,627-0512286 十圓,五月小作文-家登3680,https://docs.google.com/document/d/1SgrHfntmzclNXFWI5kRNVQhbiWIfrMubzZ9vjV2Zue8/edit?usp=drivesdk
406,2025/5/28（週三） 11:01,11:01,459,459-0677503登大狼小海龜拔拔,六月小作文-金麗科3228,https://docs.google.com/document/d/1w78d7qh74K7Cb9WXPel-D7z79U_wtUCC/edit?usp=drive_link&ouid=113713286884009637132&rtpof=true&sd=true
407,2025/5/28（週三） 11:03,11:03,416,416-0516004小象の小金庫,五月小作文-英濟 3294,https://docs.google.com/document/d/1q8Y4U3Sh8iLJ7KdsiH7f0qyXqkxvw6sO/edit?usp=drive_link&ouid=116844414747715886483&rtpof=true&sd=true
408,2025/5/28（週三） 14:02,14:02,433,433-0519807 股市破壞者,五月小作文-萬海2615,https://docs.google.com/document/d/1ZnR6dfl1b24UsOrphFMSWOvqudC_6wE2/edit?usp=sharing&ouid=113745668361309012287&rtpof=true&sd=true
409,2025/5/28（週三） 14:42,14:42,446,446-0597683   高鐵自由座,,https://docs.google.com/document/d/18vmHj1oneu4Ht_NdGZprsIAn2FCfN-cGtXEvIuYW8RU/edit?usp=sharing
410,2025/5/28（週三） 15:50,15:50,638,638-0361071鵝爸,五月小作文-台指選擇權籌碼表應用,https://docs.google.com/document/d/e/2PACX-1vRt0Mjkcr62sszIwCxBmrVVOIJzua9DVcfNNs04CqstUIrkgVT_9-i6ZM0gv7N9zuGHAn3ZeUzqbts0/pub
411,2025/5/28（週三） 16:09,16:09,629,629-0727880 LEE,五月小作文-光聖 6442,https://docs.google.com/document/d/1WXifltdguIXTIGEYR6DsGWKzf8nMaSeR/edit?usp=drivesdk&ouid=108265491479269406027&rtpof=true&sd=true
412,2025/5/28（週三） 17:02,17:02,518,518-0501022豆腐,五月小作文-台特化4772,https://docs.google.com/document/d/e/2PACX-1vRxvU69kT5ADvXZ8-vmeVIShCcYBnSepFYCfih8-UsKlCgBxEE3mAkmVxaLK0cIf4j7MKQGJPyQuRZ6/pub
413,2025/5/28（週三） 17:19,17:19,569,569-0741507兩津腿庫,五月小作文-2645長榮航太,https://docs.google.com/document/d/1Q-CX8vaV_Q7xAW58Udpk2-MXTjxX-Y-T1nKgA9Obavc/edit?usp=sharing
414,2025/5/28（週三） 17:25,17:25,377,377-0399496-99496-糸隹,五月小作文-2374佳能,https://docs.google.com/document/d/1dM8MicgOusA12Z8sFtJvX0IZVUVAjQCA/edit?usp=drivesdk&ouid=100871849434388685062&rtpof=true&sd=true
415,2025/5/28（週三） 18:59,18:59,573,573-0741497快樂寶貝,五月小作文-6669 緯穎,https://docs.google.com/document/d/1U6w6R0lPi-K9pWc9XYWmUHBpW2Y8l6iW1T-DxU7JSCA/edit?usp=sharing
416,2025/5/28（週三） 20:56,20:56,487,487-0489351 阿棋,五月小作文 南亞科 2408,https://docs.google.com/document/d/18QbrrRIj-gJkDA3Yg5A8lV_aWzLqyacZxiLJZjSLltE/edit?usp=drivesdk
417,2025/5/28（週三） 21:31,21:31,586,586-9800001安煦,五月小作文-4939亞電,https://docs.google.com/document/d/1qjbxFTypn-Xo2UQgTk918lSDJ_s_McHfDAxKXFuve-0/edit?tab=t.0
418,2025/5/28（週三） 23:23,23:23,488,488-0707486 TK,五月小作文 禮來 LLY.US,https://docs.google.com/document/d/17MJV8eYtBzRDzI7E5E3T4uu-DrOQq-BzGlYaNiq8wHw/edit?usp=sharing
419,2025/5/29（週四） 01:21,01:21,539,539-0727848威少,5月小作文 更新總經想法,https://docs.google.com/document/d/1V8wGbNE2rMaQvJg5wuQe7jarGgyoHfsM/edit?usp=drive_link&ouid=106402131487664706236&rtpof=true&sd=true
420,2025/5/29（週四） 14:53,14:53,568,568-0740906MilesDad,五月小作文 2542 興富發,https://drive.google.com/file/d/1pUU2MmmYCxGHEWCrwTjXFasjsQTzFpkU/view?usp=sharing
421,2025/5/29（週四） 15:01,15:01,473,473-0680338下面一位,五月小作文 6288 聯嘉,https://docs.google.com/document/d/1Xy7xTGcGb5R1TpQ16ksP3tLkaqecKDLysVJpZfU3hWg/edit?usp=sharing
422,2025/5/29（週四） 16:17,16:17,633,633-0547293Link,五月小作文-可成2474,https://docs.google.com/document/d/1OViAecX4z9WIh6b_zoVXVTRZjPXT5_8R/edit?usp=drivesdk&ouid=117453146904423090482&rtpof=true&sd=true
423,2025/5/29（週四） 16:21,16:21,398,398-0502254昶,五月小作文-券差日內空策略，歡迎討論指教，謝謝~,https://drive.google.com/file/d/13vPBpkgzwK8qv_cjPoOQ8x2NrDGJy0Gp/view?usp=drive_link
424,2025/5/29（週四） 17:44,17:44,412,412-0432269 Abby,四月份小作文-雷笛克光學(5230),https://reurl.cc/NYmZMp
425,2025/5/29（週四） 17:57,17:57,414,414-0505439JCCC,五月份小作文-長榮航-2618,https://www.dropbox.com/scl/fi/zzmffa5p04209hwgxfjml/2618-JCCC.docx?rlkey=oxhb6j57hpurcg5tfw6rhj1uf&st=zda3sqil&dl=0
426,2025/5/29（週四） 21:15,21:15,430,430-0533702   從小買500,五月份小作文-未上市櫃 廣明實業股份有限公司,https://docs.google.com/document/d/1gj7nuoMFKCMOlJHXCD8-gagxD2fE0zCjCXtFg9lyLOY/edit?tab=t.0
427,2025/5/29（週四） 22:28,22:28,231,231-0401287 Steven,五月小作文-波段觀察方法,https://docs.google.com/document/d/1E0I_dePpTO9FBV8HREpjDGancGGx5-_b1gqd7ob5-9U/edit?usp=sharing
428,2025/5/29（週四） 22:30,22:30,419,419-0526214阿宏,五月小作文-INOD,https://docs.google.com/document/d/1CuDgtvrznF6TXW9UxP4sReDRdlLRi6eC/edit?usp=sharing&ouid=104929433645301450662&rtpof=true&sd=true
429,2025/5/29（週四） 22:34,22:34,511,511-0558402 James建智,5月小作文,https://docs.google.com/document/d/1Iw1MHW4R9orcpVzTcG8ac4xl94tyhi5h/edit?usp=drive_link&ouid=107833663147907152196&rtpof=true&sd=true
430,2025/5/29（週四） 23:22,23:22,545,545-0735474阿隆,五月小作文-2360致茂,https://docs.google.com/document/d/1uNQWqyAlALLgKySmM9CEFjFWegq5fFx8/edit?usp=drive_link&ouid=115923637461051034877&rtpof=true&sd=true
431,2025/5/29（週四） 23:24,23:24,632,632-0752790柚子,五月小作文-美債操作看法,https://slash-swing-a80.notion.site/1fee8e90de008060883defcc45277273?pvs=4
432,2025/5/30（週五） 00:41,00:41,570,570-0742289努力就會成功,,https://docs.google.com/document/d/1uex_OURBvUMLHkam4Ymp1DDMawLc8XA1/edit?usp=sharing&ouid=110464693689209888577&rtpof=true&sd=true
433,2025/5/30（週五） 02:05,02:05,408,408-0212997 賞星星,5月小作文 2515 中工,https://docs.google.com/document/d/1li2UKiTWwTWLI7CvWuJb3_YKfofy4yRp/edit?usp=drivesdk&ouid=116226013342888550840&rtpof=true&sd=true
434,2025/5/30（週五） 06:34,06:34,454,454-0454292RS,1560中砂,https://1drv.ms/w/c/14af7490f40312ba/EfhOJvzbfaBNkT2JdjR1070B_nI5mo0j8oX1ZMi6AT_2SQ?e=UO8NLq
435,2025/5/30（週五） 07:21,07:21,137,137-0396703 Kura,5月小作文-3563,https://docs.google.com/document/d/1aQmSXymNAcQiq-qT1UmXXL-XPZ5jpoQErqMDELAWPGM/edit?usp=sharing
436,2025/5/30（週五） 09:22,09:22,375,375-0488831財經百寶袋,5月小作文-PEP,https://drive.google.com/file/d/1a87rslnU_itbMy_-AY73I2hinkDLznrg/view?usp=drivesdk
437,2025/5/30（週五） 11:17,11:17,308,308-0405403 Nick,5月小作文-6213聯茂,https://docs.google.com/document/d/1Oes-74NlCE4mfUYh5ZAjkB9wxHtApcyU/edit?usp=sharing&ouid=104803538302964277856&rtpof=true&sd=true
438,2025/5/30（週五） 11:49,11:49,571,571-0727961小P,,https://drive.google.com/drive/folders/1H4SJ4QIM4WD5vr1XIGUWUJxlz6yL12nd
439,2025/5/30（週五） 11:59,11:59,014,014-0395005 老高,,https://docs.google.com/document/d/1TL_thVTCMDAWaPrniYGN7lcbrEOyHbOvXa7AxhikaTw/edit?usp=sharing
440,2025/5/30（週五） 12:31,12:31,511,511-0558402 James建智,我腦海中只有這首,https://youtu.be/HegSBovl24I?si=8tYQwNMDSiENxxBh
441,2025/5/30（週五） 12:32,12:32,386,386-0489814慢慢來,5月小作文-3059華晶科,https://docs.google.com/document/d/1iflK9OIFNjyuT0IB2sBHnB2b61KEyrGc/edit?usp=sharing&ouid=101483578322719121047&rtpof=true&sd=true
442,2025/5/30（週五） 12:32,12:32,507,507-0707376shihhan,5月小作文-系微(6231),https://docs.google.com/document/d/1Png_GkXjA_42I0x_UjZxcLHcrFqq5FuK/edit?usp=sharing&ouid=117966200728833153923&rtpof=true&sd=true
443,2025/5/30（週五） 12:54,12:54,299,299-0397647咪蛋,5月小作文-小小薅羊毛第二彈 訂房匯差,https://docs.google.com/document/d/1nfoyFNmqrg5xZF0n8j5k5heAUzdtI6gB/edit
444,2025/5/30（週五） 15:30,15:30,494,494-0724582  ERIC,五月份小作文-2542興富發,https://docs.google.com/document/d/1oMn4glSQ5WAUEekZHAbBzcHJOQhtK_yw_3nsCIEUUmc/edit?usp=sharing
445,2025/5/30（週五） 15:57,15:57,387,387-0405856 Wesley,五月小作文 – 3022 威強電,https://docs.google.com/document/d/1fFvQCyLVe-9KtulviVH1Jzz5J4nWDVZjg5Gk4Nh68GY/edit?tab=t.0
446,2025/5/30（週五） 21:58,21:58,381,381-0491048彼得森,五月小作文-來信大邏輯以及嘗試GPT選股(供參),https://docs.google.com/document/d/1J4ZO4Ykb
447,2025/5/30（週五） 22:01,22:01,381,381-0491048彼得森,,https://docs.google.com/document/d/1J4ZO4YkbQefHXUjjqTz0tp47bSOqTX_6MsWsf4tHHKk/edit?usp=sharing
448,2025/5/31（週六） 01:59,01:59,472,472-0217714     五條,5月小作文-智通*8932,https://likeable-manx-e71.notion.site/8932-203dde723f2c8043b044fc99d0b313ad?source=copy_link
449,2025/5/31（週六） 09:56,09:56,438,438-0549592 Ono,五月小作文-VIX做多策略,https://docs.google.com/document/d/18CZ88w0jomIkkqbJ1nkrYTv668gGdQOZa4_qtGp2z6c/edit?tab=t.0#heading=h.278toepmfjmz
450,2025/5/31（週六） 12:51,12:51,562,562-0233756黑米,五月小作文 - 4749新應材,https://drive.google.com/file/d/1NKRj2JxhJFCPVh3ZplKZ1mxq7K61rwRM/view?usp=sharing
451,2025/5/31（週六） 14:03,14:03,470,470-0529994承承,五月小作文-3017奇鋐,https://docs.google.com/document/d/17A9cHFAPBO9Q52ORI50xlKEqTugCD-dG/edit?usp=drive_link&ouid=106380519427054374241&rtpof=true&sd=true
452,2025/5/31（週六） 14:35,14:35,551,⚡️⭐️551-0689779QQ,五月小作文-台指日內波,https://docs.google.com/document/d/1P041esNf29Nioxz_zi6qToKGVqNcwmO78yXU3XPTFoc/edit?tab=t.0
453,2025/5/31（週六） 15:48,15:48,540,540-0726483小林,五月小作文-族群類股退燒後的當沖策略,https://docs.google.com/document/d/1f6GaDdb6GUTetaDAZC9LFIzOsxqLiiFQEYhBEbFSozc/edit?usp=sharing
454,2025/5/31（週六） 18:00,18:00,405,405-0510259黃柏,五月小作文-員工與合夥經驗談,https://drive.google.com/file/d/1m7ozx9AWhle2p8zf2CfwVGJj4AnOXk2V/view?usp=sharing
455,2025/5/31（週六） 19:09,19:09,449,449-0522027冷萃綠茶,,https://docs.google.com/document/d/1XL0GkWDuqdyuC4huBz-UKXzWLgY1KweJf8XhPCe82q8/edit?usp=drivesdk
456,2025/5/31（週六） 20:53,20:53,426,426-0527909飆仔,5月小作文：6669緯穎,https://docs.google.com/document/d/1VqVvxWlh5FPt-KEuzud1uEpL7U3d6mYZ
457,2025/5/31（週六） 21:46,21:46,571,571-0727961小P,,https://drive.google.com/drive/folders/1JI7hBABhPsybM-KjgqbN25z9OSVFZdUY?usp=drive_link
458,2025/5/31（週六） 22:36,22:36,547,547-0729532蹦蹦熊,五月小作文：海關進出口實績網站,https://docs.google.com/document/d/1-Ga7GKwNxGHMPkCxiteNeR3GVCjRU7bp3pt0L0ysrN4/edit
459,2025/5/31（週六） 23:16,23:16,403,403-0511148 布萊恩,五月小作文 好市多 COST,https://drive.google.com/file/d/1HZmdBvOGzZ42W7sgD4xt8fdPfPOoGCHM/view?usp=drive_link
460,2025/5/31（週六） 23:36,23:36,404,404-0513832 Vicc,五月小作文 2348 海悅,https://tinyurl.com/258wpvjn
461,2025/6/1（週日） 00:05,00:05,561,561-0732082河雅郎,五月小作文 2332 友訊,https://docs.google.com/document/d/e/2PACX-1vQooINlJQNV6mWxLAzFZ-krPMCUC7tOGHUMFlY1MkmHZuRFUfMs1h3OO8DQWy5BH1V_zfPb296AK_YG/pub
462,2025/6/1（週日） 10:37,10:37,422,422-0502966-thomasH,五月小作文 6414樺漢,https://docs.google.com/document/d/189n74vUKc4VjAaU2Mv1hzWMypZCJ0xIa5D_atl0xZsk/edit?usp=sharing
463,2025/6/1（週日） 15:59,15:59,385,385-0497440 麥當勞股東,五月小作文 蘋果遊戲儲值 Bug 利用說明,https://docs.google.com/document/d/10vJVsG6ciIAdf8N2O0HiNpLgFz_9XYwmfQbANULVXKI/edit?usp=drivesdk
464,2025/6/1（週日） 17:09,17:09,399,399-0507288 Kim Chen,五月小作文 1472三洋實業,https://docs.google.com/document/d/15Gy1BEXZTp3B7ELW8hwyquYllcEhtkbM/edit?usp=sharing&ouid=101924550352225612878&rtpof=true&sd=true
465,2025/6/1（週日） 17:18,17:18,405,405-0510259黃柏,六月小作文 西瓜卡&visa卡運用,https://drive.google.com/file/d/1owZzU2pixEMtDQVpgK2jqGHF55CxACJz/view?usp=sharing
466,2025/6/1（週日） 18:58,18:58,630,630-0755577 十四,六月小作文_富喬(多),https://reurl.cc/QYkK8p
467,2025/6/1（週日） 21:20,21:20,418,418-0521235Dave,5月小作文 2428興勤,https://docs.google.com/document/d/1PsWYaE6CNEZB4glA_rmFHg26z86aiMj0uh0UR4nKilg/edit?usp=sharing
468,2025/6/1（週日） 22:09,22:09,504,504-0718103Leo,5月小作文 6944兆聯,https://docs.google.com/document/d/1lUBBb4cFXXD53ZcrqSJscTb_4BzXL-Bc/edit
469,2025/6/2（週一） 00:20,00:20,638,638-0361071鵝爸,6月小作文 2025繳稅拿刷卡金,https://docs.google.com/document/d/1zouAn1UOADuX4f5GFjuYml9597I_p0xxMc-JkWfhxT8/edit?usp=drivesdk
470,2025/6/2（週一） 00:43,00:43,594,594-0741808二奶老爸,6月小作文 良維(6290),https://docs.google.com/presentation/d/1sc1UEUST25lzKmHngwKydaXN0tzxJ7NU/edit?usp=sharing&ouid=100008298762117176422&rtpof=true&sd=true
471,2025/6/2（週一） 00:49,00:49,481,481-0703493 大黑菊,,https://docs.google.com/document/d/1n1Yl2mHRRip-DpocIQwlZhO_lxecHbqt/edit?usp=sharing&ouid=111827764144515851907&rtpof=true&sd=true
472,2025/6/2（週一） 00:56,00:56,390,390-0489924_Joe,5月小作文 崇越(5434),https://docs.google.com/document/d/1yv6Q_c_UsxEOxX6T1LsEid4PRvfDpjOl/edit?usp=drive_link&ouid=118195642779018767860&rtpof=true&sd=true
473,2025/6/2（週一） 02:22,02:22,477,477-0696872過兒,六月小作文，六方科4569,https://docs.google.com/document/d/e/2PACX-1vRJ3fuEvO-_S3hAq418Bxan8Bc18U1f3pzj5F9eXiusU8vvS2BjKNX8tuTNVQRMvWyalgnjPf-Fd7Gi/pub
474,2025/6/2（週一） 08:59,08:59,400,400-0430135 公園居民汪喵,六月小作文 7839 達人網,https://docs.google.com/document/d/1EU1pBTxmUBMK7sVQRv9j9l970GnyOA4T/edit?usp=drive_link&ouid=110608643445230767980&rtpof=true&sd=true
475,2025/6/2（週一） 10:27,10:27,497,497-0724032鳳梨zong,六月小作文 聚和國際(6509),https://docs.google.com/document/d/1nNLCDoIWrbrU7v-ykkvCl_tsQg2rH_D6/edit?usp=sharing&ouid=104264847360063600080&rtpof=true&sd=true
476,2025/6/2（週一） 12:31,12:31,633,633-0547293Link,6月 小作文 宏全（9939）,https://docs.google.com/document/d/1YBgNe_kHITmgNFrkTgQpS42ASFCrwRFJ/edit?usp=drivesdk&ouid=117453146904423090482&rtpof=true&sd=true
477,2025/6/2（週一） 13:13,13:13,424,424-0528115guidex,5月小作文 1773勝一股東會心得,https://drive.google.com/file/d/1TQ-bqHiyM02V6ydYVeJayTHEKC2i3ncd/view?usp=sharing
478,2025/6/2（週一） 14:56,14:56,392,392-0426534定宏,五月的小作文 美股NBIS,https://docs.google.com/document/d/1KNIdQq7c175eArtNA3RsvDKAAzBYPq3pcwUEcHuNFDQ/edit?usp=drivesdk
479,2025/6/2（週一） 18:22,18:22,604,604-0435923電電甲三碗公,6月小作文 1815富喬,https://docs.google.com/document/d/1N5lz-Z3-tONahd8lRzoo63VZN9jybfiSUG-WY14zU10/edit?usp=sharing
480,2025/6/2（週一） 23:30,23:30,600,600-9800003NMSL,6-1狼友小作文 -上緯投控(3708),https://reurl.cc/DqkjQO
481,2025/6/3（週二） 00:07,00:07,463,463-0428875JoeC,5月小作文-CRM,https://drive.google.com/file/d/1QJhDxJ82mNUtsyGJvOjtRRlcDYoL19qc/view?usp=sharing
482,2025/6/3（週二） 06:49,06:49,460,460-0544474 Monson,5月小作文_6290良維研究報告,https://drive.google.com/file/d/1HxUoOI0rXKU49xyrC3G1z0kEX09RfeUH/view?usp=sharing
483,2025/6/3（週二） 08:29,08:29,289,289-0394556/Agogo,MRVL 財報佳 市場關注消費轉弱。開完財報下跌。目前短線止穩 6/17  MRVL晶片研討會 是否會釋出更多正向 展望，60左右  試單位置，目前PE 相對位階相對低.,https://docs.google.com/document/d/13C4sCohl_mKIQbIuYTgFoQe0nqZynoGU6beEPECaRqs/edit?usp=drivesdk
484,2025/6/3（週二） 10:24,10:24,382,382-0489733Liou,5月小作文-尖點8021,https://docs.google.com/document/d/1KFQJ66YtZEtyCY6G4OZmMUiIVmYeVm8L/edit?usp=sharing&ouid=111696808857150992772&rtpof=true&sd=true
485,2025/6/3（週二） 14:57,14:57,621,621-0752923jen,6月小作文 6472保瑞,https://docs.google.com/document/d/16m44_SQt5hBRluwZtEeMZzO4BFjB6lxkkGJPjLXT21s/edit?usp=sharing
486,2025/6/3（週二） 20:12,20:12,636,636-0759078KKK,六月小作文-看新聞做當沖,https://docs.google.com/document/d/1VSdVHUVICc8LYmOWszuji3i-hsvS15h9/edit?usp=sharing&ouid=102408819414763782347&rtpof=true&sd=true
487,2025/6/3（週二） 20:19,20:19,608,608-0750132 Kris,6月小作文:資產配置再平衡(升息篇,https://docs.google.com/document/d/1hzzF8blOiPlDZdpjrmZJQnDKqkOy8EmbAAwxH3ew3L4/edit?usp=sharing
488,2025/6/4（週三） 00:40,00:40,407,407-0516211史蛋,5月小作文-萬泰科(6190),https://docs.google.com/document/d/1XAJSgUJnTTjKGRn6ZNT74SUUi9aNWR9XApfEWX8NraU/edit?usp=sharing
489,2025/6/4（週三） 18:45,18:45,421,421-0299033青蛙狼,,https://docs.google.com/document/d/1-OeWOZfZ8-KQb2-S-QhfthC7k-UPb4KofyzmLiGT17Y/edit?usp=drivesdk
490,2025/6/4（週三） 20:29,20:29,427,427-0534073 ant🐜,6994  富威電力,https://docs.google.com/document/d/102cWZrVcgUbCc13IIcOGWoVcVYPDhCG99nUXOYGY8uU/edit?tab=t.0
491,2025/6/4（週三） 22:08,22:08,447,447-0429654 Samuel,五月小作文-VIX期貨觀察,https://docs.google.com/document/d/1L54JVVjRZqjJzEkhUdV5_lQqOOeQwblIbB-jziocN_g/edit?usp=sharing
492,2025/6/4（週三） 23:16,23:16,530,530-0728960Harris,六月份個股觀察,https://docs.google.com/document/d/1MO3UuF_WlLu3OXncHxnVMVLNC2LyqSuNXVbSigWREo8/edit?usp=sharing
493,2025/6/4（週三） 23:16,23:16,530,530-0728960Harris,5522更新,https://docs.google.com/document/d/1Uq4XUp6HQfmRU1WrqUixiA-t-TQBAB0sUou1usD2I60/edit?usp=sharing
494,2025/6/5（週四） 18:34,18:34,640,640-0760313游子龍,六月小作文-交易者超級心流訓練-心得分享,https://kindhearted-jersey-ac1.notion.site/208f7d7dbdc28094b2f4ce9cb2c54765
495,2025/6/5（週四） 18:48,18:48,622,622-0751982 Leon,6月小作文 9958 世紀鋼,https://docs.google.com/document/d/1OhgAg9w1wq2sHo-bgnHIY72yBsPsR_qOmmKmOGthHtc/edit?tab=t.0
496,2025/6/5（週四） 20:20,20:20,630,630-0755577 十四,六月小作文_波段的紀律 讀書心得,https://reurl.cc/gRAqKN
497,2025/6/5（週四） 20:27,20:27,546,546-0728449Douhua,六月小作文-1338 廣華,https://docs.google.com/document/d/1CoqOeWDJSQitTFJk_WwgR80niFQGa32f7Bzwuwq-7A0/edit?usp=sharing
498,2025/6/5（週四） 22:50,22:50,639,639-0757928舔財犬,六月小作文-志強-KY 6768,https://docs.google.com/document/d/1BYk6h2NiL2golf3sQPv2ISWe1P5d5VUHoC-FlEfTDWI/edit?usp=drivesdk
499,2025/6/6（週五） 12:26,12:26,483,483-0677765Athena,,https://docs.google.com/document/d/1Feesdfp1CNV2aDUK9V_hzXWLdvLFciTM/edit?usp=sharing&ouid=116630546667820990848&rtpof=true&sd=true
500,2025/6/6（週五） 13:46,13:46,510,510-0726629小平,,https://docs.google.com/document/d/1XchsW6dnxp_EdQcn5Fjl4-GWhcsV370Wnk83RVuuahQ/edit?usp=drivesdk
501,2025/6/6（週五） 15:57,15:57,641,641-0759544阿財,六月小作文-新思Synopsys (SNPS),https://docs.google.com/document/d/1-4kise8g9j-dSuadcrokfBk_3NcHZ-AZKmUAKR1pnn8/edit?usp=drivesdk
502,2025/6/6（週五） 17:18,17:18,598,598-9800002陳耳東,5月小作文    4123晟德,https://docs.google.com/document/d/1YkOLpV_85nk4RYRjoPi88PO5_yt8mrM5/edit?usp=drive_link&ouid=109529984312052730988&rtpof=true&sd=true
503,2025/6/6（週五） 17:44,17:44,412,412-0432269 Abby,5月小作文  7714創泓科技,https://reurl.cc/7KzkEl
504,2025/6/7（週六） 15:27,15:27,527,527-0726894耀,6月小作文1 巴逆逆為何成為反指標？為什麼要關注他?,https://docs.google.com/document/d/1wykf5RTRcxCXMwart7fL32fwh1lMo016/edit?usp=drive_link&ouid=106899638007069152878&rtpof=true&sd=true
505,2025/6/7（週六） 15:34,15:34,437,⚡️⭐ 437-0548182林大大,6月小作文 - 承業醫（4164）,https://docs.google.com/document/d/1SY2k6gQKr4Dm1VJDeN2F4KFvPIePjhC-/edit?usp=sharing&ouid=102413103344657402164&rtpof=true&sd=true
506,2025/6/7（週六） 18:29,18:29,571,571-0727961小P,,https://docs.google.com/document/d/1M8xHjiuGBK_f1Q6ShUFnM2FT26hBzlIpoz7s1hhHCog/edit?usp=drivesdk
507,2025/6/7（週六） 22:52,22:52,130,130-0395982DC,Izaax總經專欄筆記（0605）,https://docs.google.com/document/d/1IokVxeoMl-EzSvt3u9XMFEtpBKxgRK2EPniGmwYrkBM/edit?usp=sharing
508,2025/6/7（週六） 23:24,23:24,290,290-0395898 Zhi,,https://docs.google.com/document/d/1vS-SEDPdxVve2GhQSVt0-9FnyTy0yE0lfET2cukIV4I/edit?tab=t.0
509,2025/6/7（週六） 23:38,23:38,614,614-0750996咖喱,6月小作文-台達電2308,https://docs.google.com/document/d/1BztD5z5Z6WQvrlROoW9SUPC942TLGE0x/edit?usp=drivesdk&ouid=115213020927724656256&rtpof=true&sd=true
510,2025/6/8（週日） 11:01,11:01,586,586-9800001安煦,六月小作文-3323加百裕,https://docs.google.com/document/d/1v6JuJhD9didIAyUJqHyg_Yw6bkCvkBUwtxWb-u2Fano/edit?tab=t.0
511,2025/6/8（週日） 13:07,13:07,612,612-0751830 Bazinga,六月小作文-202506 台指選擇權籌碼表 製作練習,https://drive.google.com/file/d/1Mw8Gz5RC2M2UQaq9g1Sbi9QEmVf9qhco/view?usp=drive_link
512,2025/6/8（週日） 17:10,17:10,383,383-0488695 三寶,小作文-霈方6574,https://docs.google.com/document/d/1pow66mdMBO09VwHpx-2M8hjwPWiHeGB4/edit?usp=drive_link&ouid=105443695704290227678&rtpof=true&sd=true
513,2025/6/8（週日） 21:13,21:13,127,127-0398125 Gerald,(loud volume)《經濟學人》當期有聲書,https://bit.ly/3xt99aD
514,2025/6/8（週日） 23:11,23:11,504,504-0718103Leo,商周 20250609,https://drive.google.com/file/d/1r12VVkGRQGRbLRLeDuHxfIvbM0nHcgMV/view?usp=drivesdk
515,2025/6/9（週一） 09:49,09:49,626,626-9800005rich,6月小作文-8299群聯,https://docs.google.com/document/d/1K6MlduUf1_TOi1Os9kkH2aI2mu8u8IoG/edit?usp=drive_link&ouid=116363410657624684517&rtpof=true&sd=true
516,2025/6/9（週一） 10:01,10:01,529,529-0729189 書蟲,五月小作文-漢磊,https://drive.google.com/file/d/1iRqdQfZzF-Y9VGMelUGURP9OuahyQ7o7/view?usp=sharing
517,2025/6/9（週一） 10:02,10:02,565,565-0741387Boy(58E),補上 小群忘發🫣,https://1drv.ms/f/c/8076a8f18a0af7b7/Qrf3CorxqHYggIDOHQAAAAAA2HLQ5VpVvAuh5A
518,2025/6/9（週一） 10:52,10:52,578,💎⭐578-0742519GRACE,9939 宏全 5月小作文,https://drive.google.com/file/d/1co6LpvhYBwVj1AVM9ntUPOEcXnt6Y3is/view?usp=drive_link
519,2025/6/9（週一） 12:38,12:38,552,552-0738248小炫風,五月小作文-6593台灣銘板,https://1drv.ms/w/c/691f33e0f672afe9/Ed4yh0QvgyhImg3iShfdJw4BfsW2XtPoyIhXhRtXI-hKvg
520,2025/6/9（週一） 13:39,13:39,632,632-0752790柚子,,https://www.notion.so/0609-3090-20de8e90de00806eb179e71c0caca859?source=copy_link
521,2025/6/9（週一） 16:42,16:42,436,436-0489908偷筆,五月小作文-ＭＴ安塞樂米塔爾,https://docs.google.com/document/d/1UuwRJFVuPimTY0deQ-itmFNKWxIIzxQduksmEvnEaaQ/edit?tab=t.0
522,2025/6/9（週一） 17:00,17:00,482,482-0696571 VT,202505-TRMB,https://docs.google.com/document/d/1n9cR-lqqIqaCvdqNutf5XKi7uCSzV__FVqPIHOx2eLA/edit?usp=sharing
523,2025/6/9（週一） 17:00,17:00,482,482-0696571 VT,202506-NVO,https://docs.google.com/document/d/1OCBb-8AZsL4Bd_acJn2ORDAsxbUtDSlMv9NB2zAMjs0/edit?usp=sharing
524,2025/6/9（週一） 17:06,17:06,398,398-0502254昶,6月小作文-第二季台幣升值淺談，有甚麼想法的話歡迎交流~,https://drive.google.com/file/d/1-J654fE4HqDyj2RjIJxIS5jRy6Gavnb5/view?usp=sharing
525,2025/6/9（週一） 17:30,17:30,486,486-0707732貓貓,6月小作文,https://docs.google.com/document/d/1V_Ar8Repdy3dtck7PZEg6AKSyfk5JWMJvL0FapT1jj4/edit?usp=sharing
526,2025/6/9（週一） 17:58,17:58,642,642-0759007查理王,六月小作文-南俊國際 6584,https://reurl.cc/6KndEZ
527,2025/6/9（週一） 20:50,20:50,560,560-0741251 強尼,五月小作文-達邁 3645,https://docs.google.com/document/d/1sX7H_j3XmCdemdymn5krByVR2ktrYd8w/edit?usp=drive_link&ouid=105875239448517477773&rtpof=true&sd=true
528,2025/6/9（週一） 21:11,21:11,563,563-0554668社工日常,五月小作文-股癌標的暨分點籌碼分析,https://drive.google.com/file/d/1e1TK4B5iXtgv1a6pmSqdI4wtIW90fGgn/view?usp=sharing
529,2025/6/9（週一） 21:29,21:29,543,543-0531953瘋狂吉娃娃,六月門號攜碼多嚕錢小作文,https://drive.google.com/file/d/1OuOvrTrFmLls8qyHSKUgnASr17XwYKDP/view?usp=sharing
530,2025/6/9（週一） 21:37,21:37,574,574-0725109Flower SH,6月小作文  品安8088,https://docs.google.com/document/d/1iCu34RDBF6hy4psOcr31Z-QRh8l7FMXq/edit?usp=sharing&ouid=104503944248444594043&rtpof=true&sd=true\
531,2025/6/9（週一） 23:02,23:02,466,466-0431600見龍於田,五月小作文-AVGO（博通）,https://docs.google.com/document/d/1hIw8jXN64L5d9XvexgEvD3W1O7fsEUIvsAlIGt-ViKg/edit?usp=sharing
532,2025/6/9（週一） 23:42,23:42,544,544-0735623 星期六早上,5月小作文-HIMS,https://docs.google.com/document/d/1kgIschfDes04EqxNx1q0uuRr9m6_60iiREN01m5jLqs/edit?usp=sharing
533,2025/6/10（週二） 00:01,00:01,497,497-0724032鳳梨zong,5月小作文-8942森鉅,https://docs.google.com/document/d/1jxtZvGQ0zkHxu9LsWjp7Qeg_zDmyTAKY/edit?usp=sharing&ouid=104264847360063600080&rtpof=true&sd=true
534,2025/6/10（週二） 02:54,02:54,598,598-9800002陳耳東,5月小作文   5340  建榮,https://docs.google.com/document/d/1tTM7pet_SCuG_pdtX68NyaVKbUqx1-Jt/edit?usp=drive_link&ouid=109529984312052730988&rtpof=true&sd=true
535,2025/6/10（週二） 18:11,18:11,644,644-0394158三男寶爸楊仔,六月小作文-生活寄貨,https://docs.google.com/document/d/1P4C2Jtfd6t9Jvdo90XPa8VAyvLMXaFLfHDXD41Nd8Kk/edit
536,2025/6/10（週二） 22:21,22:21,556,556-0738099Richard,六月小作文 - 奇鈜3017,https://docs.google.com/document/d/1wpQSD30whr1QuTYAfNUHN8lK-15uznrPbfoshI_u-_s/edit?usp=sharing
537,2025/6/10（週二） 23:31,23:31,514,514-0724883Ryan,六月小作文 - XAUUSD CFD,https://docs.google.com/document/d/17tyPYCGD-5auM4Fr3CWHKvhv2ghPv-Qp47icDckfE_0/edit?usp=sharing
538,2025/6/11（週三） 00:30,00:30,530,530-0728960Harris,六月份小作文 part 2 (3416融程電),https://www.notion.so/3416-20eea376be3880a6a167c638662c0e6c?source=copy_link
539,2025/6/11（週三） 01:19,01:19,599,599-0749350小季,六月份小作文-美PHIO,https://drive.google.com/file/d/1uTz7JvGN1JVyWJki1jycIGlHIk9UbIzR/view?usp=drive_link
540,2025/6/11（週三） 09:25,09:25,536,536-0723583SC,六月小作文-3013 晟銘電更新MTIA,https://docs.google.com/document/d/14A1CXNBbcfZTi-39T18_-3u_PQtG2tWC/edit?usp=sharing&ouid=110239889151858707255&rtpof=true&sd=true
541,2025/6/11（週三） 11:12,11:12,502,⚡⭐502-0724579 Cowboy,,https://drive.google.com/file/d/1fK9afeazljbF93R4YSLuzKca5S1joGHg/view?usp=sharing
542,2025/6/11（週三） 16:58,16:58,643,643-0449197Eva,六月小作文-中興電1513,https://docs.google.com/document/d/12wy8WD9V_o6oaD7EsMXu7Am2_yDPctcKN6Uv0dB6tuA/edit?usp=sharing
543,2025/6/11（週三） 17:44,17:44,598,598-9800002陳耳東,五月小作文  6491 晶碩,https://drive.google.com/file/d/169lLXO7yweGe0UYAySE6Qsnpx-YkChj-/view?usp=drivesdk
544,2025/6/11（週三） 18:01,18:01,509,🔥📊⚡️ ⭐ 509-0726577小棕熊,,https://docs.google.com/document/d/1XVi06GQNE4fug6hiniKRHFlWJIMrDBaOS-gWk0B8odo/edit?usp=sharing
545,2025/6/12（週四） 05:21,05:21,510,510-0726629小平,,https://docs.google.com/document/d/1E7ptaOG3QU9ABVdNJUWprYLcaDnllwyH68KxJM3XKc0/edit?usp=drivesdk
546,2025/6/12（週四） 05:23,05:23,510,510-0726629小平,,https://www.facebook.com/share/p/1GsHJdmJCc/
547,2025/6/12（週四） 13:42,13:42,503,503-0551726千千,,https://docs.google.com/document/d/1_UcTjCWnEO2228aM6KBx5LCLnsuvPENiB6kWrkiXLlw/edit?usp=sharing
548,2025/6/12（週四） 15:33,15:33,645,645-0761383 ZN寶寶,,https://drive.google.com/file/d/1rSTpiKWG0m6tfVVrwidUWSK52L0lP_LQ/view?usp=drivesdk
549,2025/6/12（週四） 16:29,16:29,563,563-0554668社工日常,六月小作文：小額創業暨孟恭創投觀念,https://drive.google.com/file/d/1-V241hApCxcmvSRFAxFMsxqoXDWFUJRD/view?usp=drive_link
550,2025/6/12（週四） 21:26,21:26,510,510-0726629小平,,https://docs.google.com/document/d/19b4UUWzSNa0MYO1WaUNceOo4E7K3w0O43-qEUpFe9J0/edit?usp=drivesdk
551,2025/6/12（週四） 21:28,21:28,510,510-0726629小平,,https://youtu.be/4pII4TuoRPo?si=TajQjtgCcIKG7MGA
552,2025/6/12（週四） 23:49,23:49,530,530-0728960Harris,六月份小作文AAOI 褒貶參半,https://www.notion.so/AAOI-210ea376be38801790a3ec7de9b32457?source=copy_link
553,2025/6/13（週五） 09:59,09:59,425,425-0531458狄桃培,6月小作文 雙美,https://docs.google.com/document/d/1ooIsp4uHJb-T7_xtjJ0FU6RQk6GWM85Q/edit?usp=drivesdk&ouid=109149861247779089562&rtpof=true&sd=true
554,2025/6/13（週五） 10:37,10:37,581,581-0721734Barney,六月小作文 5258 虹堡,https://docs.google.com/document/d/1TZaKL2cK9N_TTNdNFm31K7Ql4Bd-yiotXYaQYdGL9PA/edit?tab=t.0
555,2025/6/13（週五） 15:12,15:12,625,625-0754138威廉Wang,六月小作文 昶瑞,https://docs.google.com/document/d/1cVloYz7NGt_icevpFfnsG3wHx3WrZaFAadOKD7Jue30/edit?tab=t.0
556,2025/6/13（週五） 15:26,15:26,646,646-0760423林,六月小作文-SPDR MSCI全世界指數ETF,https://docs.google.com/document/d/1XB-CTBwGUHKgUA2oM1TobqSF-VaMZlBsl00O76RBvrY/edit?usp=sharing
557,2025/6/14（週六） 19:10,19:10,571,571-0727961小P,,https://drive.google.com/drive/folders/1IIrIdEydHc7CJY37elBlg8GaA_9WLzt3?usp=drive_link
558,2025/6/14（週六） 20:35,20:35,505,505-0724540捲髮狼,,https://drive.google.com/file/d/1amK6NHLvODKDbHU9HeXLi-XPVY4LdR0I/view?usp=sharing
559,2025/6/15（週日） 01:27,01:27,613,613-0750653諾克堤斯,,https://drive.google.com/file/d/1F6mWkQKGLYSvXcuiZBNYEmmhIg5-Afx8/view?usp=drivesdk
560,2025/6/15（週日） 12:14,12:14,438,438-0549592 Ono,,https://docs.google.com/document/d/1UHERicS8ohtxTWP4GGFdUo-ov72qgZRpHXnzzVLSQ90/edit?tab=t.0
561,2025/6/16（週一） 07:59,07:59,127,127-0398125 Gerald,(loud volume)《經濟學人》當期有聲書,https://bit.ly/3xt99aD
562,2025/6/16（週一） 08:07,08:07,620,620-0752871 YH Lin,6月小作文 SMC/ICT2022交易模型與台指期應用範例,https://drive.google.com/file/d/1OUUBREjux9JDkjZr1ZM2FdguOchWX0nz/view?usp=sharing
563,2025/6/16（週一） 15:11,15:11,562,562-0233756黑米,614萬寶總編筆記分享,https://drive.google.com/file/d/19El2Z41iUn8dEvWqh8fSdhEpXChmDm8a/view?usp=sharing
564,2025/6/16（週一） 19:32,19:32,476,⚡️⭐️476-0689643  賢妻良母,六月小作文-豐達科 (3004),https://docs.google.com/document/d/13Vh0osyvdmS6tX1Nwuxcy2JBNtTQnJ3tLkbsFJygDNc/edit?tab=t.0
565,2025/6/16（週一） 19:57,19:57,487,487-0489351 阿棋,六月小作文-週期性股票練習,https://docs.google.com/document/d/19S9KIzctSzSkCbTRHf003CddHPK5s_X5mvhMHFUz6yA/edit?usp=drivesdk
566,2025/6/17（週二） 01:02,01:02,501,501-0723486Mason,六月小作文AEHR,https://drive.google.com/file/d/127joo5Ke5LANk8Fsz67K5THaUagq7300/view?usp=drive_link
567,2025/6/17（週二） 07:25,07:25,105,105-0393803 豪,永豐金拼併購京城銀套利,https://docs.google.com/document/d/1AyqqIn0--mhOsTWfHOESjVZ3C8z5YnbNtcJp5ISkDV0/edit?usp=drivesdk
568,2025/6/17（週二） 11:03,11:03,526,526-0347875小妞,6月小作文 昇達科,https://docs.google.com/document/d/1P0gAVTEaY_fuog9Tor3YGKBnMLgWtghvIhUWAOHx_pY/edit?usp=drivesdk
569,2025/6/17（週二） 22:36,22:36,529,529-0729189 書蟲,六月小作文_長園科,https://drive.google.com/file/d/1x6ZlmfYpF0809RD_R1u-b-_c-bs_jDfm/view?usp=sharing
570,2025/6/18（週三） 11:08,11:08,549,549-0736240 秋風漸落,六月小作文,https://docs.google.com/document/d/e/2PACX-1vSBu7BVEw2EwiCgEaQ0rpfLxhr5smQ3nUxqwRWclje6Bf8TTw9w-cJsysxROWWJzNlbKfTfHzZacG-s/pub
571,2025/6/18（週三） 17:52,17:52,437,⚡️⭐ 437-0548182林大大,6月小作文 - 商之器（8409）,https://docs.google.com/document/d/1L7H4loGcoM2xOuGKNJAO98Wlw64NFyUm/edit?usp=sharing&ouid=102413103344657402164&rtpof=true&sd=true
572,2025/6/18（週三） 19:06,19:06,495,495-0722924Yan,六月小作文  信紘科,https://docs.google.com/document/d/1dUWXNVw6z51ofSvsq_SuqWsM-435iAXioS1KWwFvaDE/edit?usp=sharing
573,2025/6/18（週三） 22:01,22:01,548,548-0737184 Ryan,六月小作文  泓德能源  6873,https://1drv.ms/w/c/ad3e6cf15fb884b7/EQQBZnY3ZVxEozep-IOVM-IBWsg2HeDegykm3dWqXrH-Wg?e=pGDU6Z
574,2025/6/18（週三） 22:33,22:33,522,522-0727110Hsin,五月小作文 - 德律（3030）,https://docs.google.com/document/d/1gc7rXZkvhHVkdAmZ73X-f-Ki70mRw7p7/edit?usp=drivesdk&ouid=104280978726469480618&rtpof=true&sd=true
575,2025/6/18（週三） 22:38,22:38,514,514-0724883Ryan,六月小作文 - 智原 3035,https://docs.google.com/document/d/17tyPYCGD-5auM4Fr3CWHKvhv2ghPv-Qp47icDckfE_0/edit?usp=sharing
576,2025/6/19（週四） 10:12,10:12,531,531-0606228 QD,6月小作文-2344,https://docs.google.com/document/d/117WS6pTzcZkvNIalOyroAiiGHtxMXPR1-TRElfuUUcE/edit?usp=sharing
577,2025/6/19（週四） 10:30,10:30,420,420-0529143肥吱吱,6月小作文-6873,https://docs.google.com/document/d/1V7LhiCttO1A1_CIJ7Wn20hDp_ufNQgHnoauAdwywo4Y/edit?tab=t.0
578,2025/6/19（週四） 21:14,21:14,647,🔥💎⭐647-0727712 竹北良,六月小作文-幣託債權,https://reurl.cc/NYkqap
579,2025/6/19（週四） 22:35,22:35,649,649-07650橋,六月小作文-聯鈞3450,https://docs.google.com/document/d/1-O4IoVTHJwcUQ1CLusJlTWv5SdfwsrLrPLI1bDanZNk/edit?usp=drivesdk
580,2025/6/19（週四） 23:55,23:55,315,🌀⭐315-0424057 Shen,六月小作文 - 鴻勁7769,https://docs.google.com/document/d/1w3qpEB-ZZ5Xd_oDlCmtyaDCOJjvRaLSi45F5wcNKGeY/edit?usp=sharing
581,2025/6/20（週五） 01:46,01:46,598,598-9800002陳耳東,5月份小作文  3522御嵿,https://drive.google.com/file/d/1aACoxN-yejjIfgBC-ZbeDaGukRu0Wnr8/view?usp=drivesdk
582,2025/6/20（週五） 09:22,09:22,635,635-0557322阿展,6月小作文 6117迎廣,https://docs.google.com/document/d/1jiHv_AxgDeSRMuKNv_bnGXqpPbQ7lFtg/edit
583,2025/6/20（週五） 15:28,15:28,648,648-0339100健達出奇蛋,六月小作文-世禾3551,https://docs.google.com/document/d/1UZmDQ1MgwXDU3fmYCXthqwxJyCOHSYFf/edit?usp=sharing&ouid=110112654904652663959&rtpof=true&sd=true
584,2025/6/21（週六） 15:24,15:24,434,434-0547510菲獅,六月小作文-聯鈞3450,https://docs.google.com/document/d/1IGKmYGVo8VqxKRpL7LTyaGkRYfuv76nBwHlJHOC7SV4/edit?tab=t.0
585,2025/6/21（週六） 23:24,23:24,530,530-0728960Harris,六月份小作文: 1623 (這是第三篇了QQ),https://www.notion.so/1623-219ea376be388071b4e6cc81dede0955?source=copy_link
586,2025/6/22（週日） 11:09,11:09,591,591-0678531AlanLin,六月小作文鴻勁精密7769,https://docs.google.com/document/d/10IFYWwd3XKNYQTCwyeMiN0gL0o8KBV9Fs8smFX1vcik/edit?usp=drivesdk
587,2025/6/22（週日） 11:10,11:10,606,606-0750640麻糬ioi,六月小作文-3376新日興,https://docs.google.com/document/d/1fZ0Fb7oWZ4L5KkagrW6ewmyCYWquyUFko_--GbZS4dM/edit?tab=t.eefd2xfkkyil
588,2025/6/22（週日） 17:30,17:30,572,572-0739946韭韭窩,6月小作文:,https://docs.google.com/document/d/1oNIqOgUnD5d85zL4MhW2lpNuLEIN5vwQDugGK5U7C9c/edit?tab=t.0
589,2025/6/22（週日） 18:37,18:37,510,510-0726629小平,,https://docs.google.com/document/d/1_IBJEasO1quAgQaDEABL4oR1BT2OzVGp7X3jJxDX8BQ/edit?usp=drivesdk
590,2025/6/22（週日） 18:40,18:40,510,510-0726629小平,,https://docs.google.com/document/d/1skUKs--06VbiPy8bwwO0rIauCRPljvgd4ShPeW7olAc/edit?usp=drivesdk
591,2025/6/22（週日） 21:44,21:44,571,571-0727961小P,,https://docs.google.com/document/d/1iW2Ev11_YjQq7zzNVGV_yB6bAkrSWHf9KunUJexHSAQ/edit?tab=t.0#heading=h.3nschpbs2o8z
592,2025/6/22（週日） 21:45,21:45,571,571-0727961小P,安鈦克,https://docs.google.com/document/d/1A2AaQPY9iDbZIWT7RwyfcEKLmlszkDbQ4U7Smy1CRIg/edit?tab=t.0
593,2025/6/22（週日） 21:45,21:45,571,571-0727961小P,昇銳電子,https://docs.google.com/document/d/1JpWkhjvc_QKHLzwBscMg06yEJiixCvpyvMWFLWVbsV8/edit?tab=t.0
594,2025/6/22（週日） 22:03,22:03,513,513-0727822 Loui,六月小作文-台指下週規劃分享,https://drive.google.com/file/d/1rV67oJ6RwkFv_--DnAT_6tmITfWQkxFg/view?usp=drive_link
595,2025/6/22（週日） 22:27,22:27,127,127-0398125 Gerald,(loud volume)《經濟學人》當期有聲書,https://bit.ly/3xt99aD
596,2025/6/22（週日） 22:29,22:29,571,571-0727961小P,,https://drive.google.com/drive/folders/1Jho0FqfwB87_HXwdXouPIkDWXw4hWgQx
597,2025/6/22（週日） 22:35,22:35,585,585-0734569止水,,https://docs.google.com/document/d/1w0W_6qQejf_s4aKAbLC_hQv1fLtTiV_SMNJ6j-4Rato/edit?tab=t.0
598,2025/6/22（週日） 22:51,22:51,532,532-0733492熊,,https://docs.google.com/document/d/11cUqr3qe4zbv-mgXrYOHOv6UowbXLPuqVoDsYObWzus/edit?usp=sharing
599,2025/6/22（週日） 23:31,23:31,602,602-0383910波西,六月小作文-阿魯米老師美股分享整理,https://docs.google.com/document/d/1Zky1XPM_zWiM6PZR5QL1euRNl3PzhqVT/edit?usp=sharing&ouid=106226827257978896515&rtpof=true&sd=true
600,2025/6/22（週日） 23:46,23:46,428,428-0429751貝卡,六月小作文(長榮)-,https://docs.google.com/document/d/13NJkFnBFORDZsaP0uD0ygRSJWmweTY9LkFCzAQvL0Ww/edit?tab=t.0
601,2025/6/23（週一） 00:30,00:30,429,429-0531924三毛,六月小作文- 弘塑3131,https://docs.google.com/document/d/1YXeyMspOI6JV0kcwPK35u6v91zUxhcTz/edit?usp=sharing&ouid=104235377859924673226&rtpof=true&sd=true
602,2025/6/23（週一） 11:41,11:41,431,431-0530336梅子,,https://docs.google.com/document/d/133b2iPt2o6eMX5OdFB-zFHTnT3Q9wMjwI9bbjRWUv-g/edit
603,2025/6/23（週一） 15:40,15:40,468,468-0677901彩虹,,https://docs.google.com/document/d/15ceLo26NnQzEUFu2eeFEmdftwm_oxuWL-F4ZyMBe128/edit?usp=drivesdk
604,2025/6/23（週一） 16:33,16:33,402,402-0511960 雪花冰,,https://docs.google.com/document/d/1A4EiQPVAJJ-Gn1RaTm4UNpnMiJYFCi8I/edit?usp=drivesdk&ouid=103740366053566449567&rtpof=true&sd=true
605,2025/6/23（週一） 20:28,20:28,642,642-0759007查理王,六月小作文-竹笙科技 6739,https://docs.google.com/document/d/1jGwQTo0RiCGbCp_-Td9cO-ero_JuhSsI/edit?usp=sharing&ouid=103278528203083253429&rtpof=true&sd=true
606,2025/6/23（週一） 20:37,20:37,530,530-0728960Harris,六月份小作文 第四篇 (青新創法說會25Q1),https://www.notion.so/6951-21bea376be3880d29884c00f3a9119e8?source=copy_link
607,2025/6/23（週一） 21:29,21:29,559,🔥⚡⭐559-0740236哩奧娜多,20250620小作文-美股CRCL,https://docs.google.com/document/d/14H9X5IJBYfTXQcdmvY4Ti0hYKWZSP1h_IZTkvUOcUU4/edit?usp=sharing
608,2025/6/24（週二） 00:14,00:14,564,🔥⚡️⭐️564-0721983 飛利浦,六月小作文-小那當沖搶反彈,https://docs.google.com/document/d/1WeDjwHQG_FlNpanOtNV5oiK9447yB7U4/edit?usp=drive_link&ouid=110354783498159808621&rtpof=true&sd=true
609,2025/6/24（週二） 08:52,08:52,575,575-0741277 黃金獵款,六月小作文-6654天正國際,https://drive.google.com/file/d/1539p-DJPfr8jDaJ_plONRkvyHLUOwpUK/view?usp=drive_link
610,2025/6/24（週二） 11:29,11:29,484,484-0401708 YWL,六月小作文 - 6826 和淞,https://drive.google.com/file/d/1gXp_wEqOnfhWNZM6_0CRl3aGW8fjjBiT/view?usp=sharing
611,2025/6/24（週二） 17:45,17:45,446,446-0597683   高鐵自由座,六月小作文-3402漢科,https://docs.google.com/document/d/1_HSTbHzunXPC9HDs83dExLSa29PgfYzCTHVywdRUN3s/edit?usp=sharing
612,2025/6/24（週二） 21:24,21:24,485,485-0530080克里斯,六月小作文-翔名8091,https://docs.google.com/document/d/1xNQdUNWfe79nHR4ck0GEZcAEauu8CcZg/edit?usp=drive_link&ouid=116098567997374387789&rtpof=true&sd=true
613,2025/6/24（週二） 23:22,23:22,534,534-0735759 GB3000,六月小作文-6862 三集瑞,https://drive.google.com/file/d/1wCm-k1IHHTuk7LZHNnbC3cDVjVuQoBvD/view?usp=sharing
614,2025/6/24（週二） 23:31,23:31,516,516-0724825EJAY,六月小作文-4129 聯合,https://drive.google.com/file/d/1gqlr3YIsQtadslryNImpDiP35AUds18z/view?usp=drivesdk
615,2025/6/25（週三） 02:27,02:27,506,506-0723994 樂觀感恩,6月小作文-美股霍頓房屋DHI,https://docs.google.com/document/d/1q-zWD42j0qvGQi1gw49SyZyfm5A6kA4BCDDnNF5rgmo/edit?usp=sharing
616,2025/6/25（週三） 12:51,12:51,448,448-0566151MIN KAO,六月小作文-穩定幣分一杯羹的 Coinbase,https://docs.google.com/document/d/1C-RRvMPs_F4GKijOheL7LnjrWIr3-9FJrUCXI1mnwSc/edit?usp=sharing
617,2025/6/25（週三） 13:09,13:09,607,607-9800004小火龍,,https://docs.google.com/document/d/1I5d9nj9ORbC72T1fskTngcI_4XB1AxcI0B8WLdO3f1k/edit?usp=sharing
618,2025/6/25（週三） 18:35,18:35,623,623-0752473bad,六月小作文-3035智原,https://docs.google.com/document/d/1zesBzUesE0h67mJ4KxN_ZBTMDspIusqpYNgbWR164lI/
619,2025/6/25（週三） 18:46,18:46,464,464-0678146小書僮,六月小作文-2404漢唐,https://drive.google.com/file/d/1N7o9yw_cEiAjxvdVIuuGoRkT-aac_NLH/view?usp=sharing
620,2025/6/25（週三） 19:09,19:09,650,650-0768658Nick,六月小作文:高技5439,https://docs.google.com/document/d/1PSyikdNABQ_CJt47cEwOsZH3kX-Cqt6y6CFeoTNSRG0/edit?usp=sharing
621,2025/6/25（週三） 19:12,19:12,499,499-0707318 開心北極熊,6月小作文 期指正逆價差是否預告未來動向,https://docs.google.com/document/d/1tBfsYLzsN84btEg312UUAZqQ2odk8QvZLL3Tev1ti0w/edit?usp=drivesdk
622,2025/6/25（週三） 19:58,19:58,651,651-0741170三毛,六月小作文:昇陽半導體8028,https://drive.google.com/file/d/1O2rG38PUu9xtQAUt5QFnweosNP1UX7cP/view?usp=drivesdk
623,2025/6/25（週三） 20:30,20:30,554,554-0726975大平,六月小作文：用美投君YT學習美股期權筆記,https://reurl.cc/VYKV5N
624,2025/6/25（週三） 21:10,21:10,584,584-0745448雙北健美攻擊手,六月小作文:高技5439、市場情緒轉折與技術面判斷資金效率運用,https://docs.google.com/document/d/1zQpvuP-wUDtkiDdk1GjxN_MyIVtEUdoi6NxPMarWbx4/edit?usp=sharing
625,2025/6/25（週三） 22:14,22:14,452,452-0640491小凱,六月小作文:環球晶6488,https://docs.google.com/document/d/1awbK8b-qw9gVFuc8n78G6UuQv6dsL29Z/edit?usp=sharing&ouid=101863675658538783335&rtpof=true&sd=true
626,2025/6/25（週三） 22:53,22:53,378,378-0489775凱特,六月小作文-AMD,https://drive.google.com/file/d/1Wu3o16Tu5pa2OVUDFUG54eHcRu1u4xB1/view
627,2025/6/26（週四） 00:04,00:04,442,442-0435237Raymond,六月小作文 - 昇銳 3128,https://docs.google.com/document/d/11pR7kVVBW7TSq7ACFN6h2Bn4w-0ryVFBUaqhWIJZNTs/edit?usp=sharing
628,2025/6/26（週四） 01:58,01:58,478,478-0541613 WL,六月小作文-愛派司6918,https://docs.google.com/document/d/1eHGtWS7uoP-oO_0bbSM_2NuNT6kOcC9J/edit?usp=share_link&ouid=109439436558587204793&rtpof=true&sd=true
629,2025/6/26（週四） 11:14,11:14,524,524-0727783馬伕傑,,https://docs.google.com/document/d/1Ksh_LgqtaQmHJ9RWwc3umKnZq40FQjfdz7_kBy6HuNo/edit?usp=drive_link
630,2025/6/26（週四） 11:19,11:19,583,583-0741594迷因哥,六月小作文-中國A50,https://docs.google.com/document/d/1eHPodn5KDT0UNpYZq1gGahZnzgPen2xx65YmYh3Ydcs/edit?tab=t.0
631,2025/6/26（週四） 12:05,12:05,399,399-0507288 Kim Chen,六月小作文-2360致茂,https://docs.google.com/document/d/1YEVtsEYdHLoiFzLCdEBEAOUxqymEMhpo/edit?usp=sharing&ouid=101924550352225612878&rtpof=true&sd=true
632,2025/6/26（週四） 14:14,14:14,439,439-0529059 空格 整骨,六月小作文—ARM Holdings plc.,https://docs.google.com/document/d/1TT87-odsq7fIV94vWirSfXq0-R9QnSTR/edit?usp=drivesdk&ouid=116720414754143254069&rtpof=true&sd=true
633,2025/6/26（週四） 15:09,15:09,231,231-0401287 Steven,六月小作文-看新聞買股票,https://docs.google.com/document/d/1e3aU31GqWDajT0oJ0W-Gat6xQyNec8jhiSqSoCxXrkQ/edit?usp=sharing
634,2025/6/26（週四） 15:34,15:34,012,012-0403340漢堡,,https://docs.google.com/document/d/1NQK8mfoYXl8LNHi5PHCQGzImvx6i0Uojoo5zS1JL2TI/edit?usp=sharing
635,2025/6/26（週四） 20:13,20:13,521,521-0726674 TSEN,6月小作文 1536和大 年化13%套利,https://1drv.ms/w/c/e6dd565bd8b4acce/EakN3JbTky1AmS0g4G07IIUBeOfZRMp5PLn9xulwju2F1Q
636,2025/6/26（週四） 21:08,21:08,308,308-0405403 Nick,六月小作文 長園科8038,https://docs.google.com/document/d/1hkYzknneWwn_Eir4YnduiRDCaBUun8gUSbYgmkcBJnM/edit?usp=sharing
637,2025/6/27（週五） 10:13,10:13,149,149-0394491小豬哥,六月份小作文 星宇航空2646,https://docs.google.com/document/d/1-uYbpyQZ6VEWmktn3idbTT4HJ0p3Xe7g/edit?usp=share_link&ouid=102217930404666154665&rtpof=true&sd=true
638,2025/6/27（週五） 13:27,13:27,013,💎⭐️013-0395953 Che Li,,https://docs.google.com/document/d/1V-0cmZpLmTF-EgpcYlw8CYoLdRhgUupnIcC8wGvPLjI/edit?tab=t.0
639,2025/6/27（週五） 13:36,13:36,576,576-0741743 Zack,,https://drive.google.com/file/d/1Tyqzu4byHDfurMGtRysGg1ExhWFt531O/view?usp=sharing
640,2025/6/27（週五） 16:42,16:42,569,569-0741507兩津腿庫,六月小作文 INOD,https://docs.google.com/document/d/10BEOZePHS1STPxDpSfaENRvTUSvQQtZRawkzX3V3x6U/edit?usp=drivesdk
641,2025/6/27（週五） 16:53,16:53,414,414-0505439JCCC,6月份小作文-中鋼-2002,https://www.dropbox.com/scl/fi/o4riwdms1lwdu1w45a0ya/2002-JCCC-3.docx?rlkey=y4lsjc4ybjjh681hkz32ihskw&st=d6ivrcbm&dl=0
642,2025/6/27（週五） 16:57,16:57,515,515-0725565ycc,六月小作文 3147大綜,https://docs.google.com/document/d/1laoKEVoTqsMYuKafcZiDqiF1Qz_178uScdYyNjYkV4E/edit?usp=sharing
643,2025/6/27（週五） 17:00,17:00,654,654-0768001Han,六月小作文-2308台達電,https://docs.google.com/document/d/1Ju_SCRCmKqQZW_lAWgxnthq97JivKj2e/edit?usp=drive_link&ouid=100124887576573109492&rtpof=true&sd=true
644,2025/6/27（週五） 20:10,20:10,535,535-0724553空格 王玉1個億,六月小作文-遠百2903,https://docs.google.com/document/d/1jCqNDqEVAFIFUWdT_NqphJiOS6-GoSDg/edit?usp=drivesdk&ouid=108855551660568832776&rtpof=true&sd=true
645,2025/6/27（週五） 23:46,23:46,627,627-0512286 十圓,六月小作文：CCJ,https://docs.google.com/document/d/1mm45RP90Y-I8t8C1jr_59PmYoGkQCY-Nh43xeJql8IE/edit?usp=sharing
646,2025/6/28（週六） 00:40,00:40,465,465-0677707股市細漢,六月小作文-東陽1319,https://docs.google.com/document/d/10GECCv2gTX31gIfTQn_YCb0s2fQcJNpO/edit
647,2025/6/28（週六） 01:16,01:16,408,408-0212997 賞星星,六月小作文-事欣科 4916,https://docs.google.com/document/d/1ELWQuM_pmOFdmuL-4rAKJICsGWb_qfPW/edit?usp=drivesdk&ouid=116226013342888550840&rtpof=true&sd=true
648,2025/6/28（週六） 09:48,09:48,626,626-9800005rich,,https://docs.google.com/document/d/16UBSSPQNqRgUvp5Rs_pIBVUzAUv_BLJn/edit?usp=drivesdk&ouid=116363410657624684517&rtpof=true&sd=true
649,2025/6/28（週六） 16:55,16:55,616,616-0749800 吉拉,6月小作文-中碳1723,https://docs.google.com/document/d/1T1E4LAqKLQw2lEIFbqyQGK2xWhQOIC3ok1ZnVuYl6yo/edit?usp=sharing
650,2025/6/29（週日） 07:55,07:55,527,527-0726894耀,小作文7月份策略檢討-台幣匯率走升,https://docs.google.com/document/d/1dzo8adqG2XXydlnH2gd0wak1kZ5grb9N/edit?usp=drive_link&ouid=106899638007069152878&rtpof=true&sd=true
651,2025/6/29（週日） 08:55,08:55,375,375-0488831財經百寶袋,6月小作文-谷歌Goog,https://drive.google.com/file/d/1ZPWe_2FXBhG-E71L465ghFA8eGUymNMO/view?usp=sharing
652,2025/6/29（週日） 09:21,09:21,386,386-0489814慢慢來,6月小作文-三芳1307,https://docs.google.com/document/d/1WQ1Cnx_T0Q3kDEgauU3DxE5JChKMsGTb/edit?usp=sharing&ouid=101483578322719121047&rtpof=true&sd=true
653,2025/6/29（週日） 09:29,09:29,570,570-0742289努力就會成功,6月小作文-6763綠界科技,https://docs.google.com/document/d/1cucEXG8jC21RoEBCsEViluHgO7hvdliY/edit?usp=drive_link&ouid=110464693689209888577&rtpof=true&sd=true
654,2025/6/29（週日） 10:13,10:13,577,577-0741727Silence張震,7月小作文-做空黃金,https://www.dropbox.com/scl/fi/1q51ctva4guafrocinw9j/.jpeg?rlkey=aaft62rakzn81ry1v6b5why4e&st=b3yx7iow&dl=0
655,2025/6/29（週日） 11:27,11:27,611,611-0541723 鴿五郎,6月小作文-6913鴻呈,https://docs.google.com/document/d/1l9P9ita4mL98MbK8WI9IoT1unK2vyVuW/edit?usp=sharing&ouid=104588451278844838269&rtpof=true&sd=true
656,2025/6/29（週日） 11:35,11:35,589,589-0737566jim,六月小作文-CSGO狂熱武器箱,https://docs.google.com/document/d/1duINQ57M9nRs3uGHE38KKh371vw-RWse/edit?usp=sharing&ouid=108336771090379463941&rtpof=true&sd=true
657,2025/6/29（週日） 15:21,15:21,527,527-0726894耀,小作文7月份 (非蘋果)手機下載影片APP,https://docs.google.com/document/d/1wwWKXn_thj3wet2lLiKpJff55ZpV8CKp/edit?usp=drive_link&ouid=106899638007069152878&rtpof=true&sd=true
658,2025/6/29（週日） 17:30,17:30,586,586-9800001安煦,六月小作文-4960誠美材,https://docs.google.com/document/d/1wVyBqQPNBq3EXPNDhIEKBez4XYHOVV_1z0WLOlUe4yU/edit?tab=t.0
659,2025/6/29（週日） 17:54,17:54,377,377-0399496-99496-糸隹,六月小作文1419新紡,https://docs.google.com/document/d/12Q2EoVnq3xW16w2vDhi4xTSiF4Xs3HQW/edit?usp=drivesdk&ouid=100871849434388685062&rtpof=true&sd=true
660,2025/6/29（週日） 19:48,19:48,617,617-0739454傑森,六月份小作文,https://docs.google.com/document/d/1tkDayko6RZStCNObfCWOLmZkJlTEDVTfgcFiGPYn_lw/edit?usp=sharing
661,2025/6/29（週日） 21:27,21:27,480,480-0693299 Benson,,https://docs.google.com/presentation/d/1Sp73gGgj5G46mUZjxx1DOi8GuH6ALkhh/edit?usp=sharing&ouid=118154091252196378446&rtpof=true&sd=true
662,2025/6/29（週日） 22:20,22:20,033,033-0394174Metalman,七月小作文,https://docs.google.com/document/d/1irtvS8V6BOF-VsWYNmZUbZTypCkBTmU-RIe7Mo4EgT4/edit?usp=sharing
663,2025/6/29（週日） 22:21,22:21,600,600-9800003NMSL,精選三家好公司，本月第一篇上緯有點掉漆，7月再幫大家追一下進度,https://reurl.cc/1Knx3Y
664,2025/6/29（週日） 23:08,23:08,450,450-0424183 Seal,六月小作文,https://docs.google.com/document/d/1HlBZOiy47_EEVHwJOey_vNvBvIghNbFLsI_JX9QGK_M/edit?tab=t.0
665,2025/6/29（週日） 23:27,23:27,567,567-0726661 Gary,六月小作文-亞光 3019,https://walnut-planarian-4a2.notion.site/2025-06-29-2147d11db04c803791ebce733166f36d?source=copy_link
666,2025/6/29（週日） 23:29,23:29,528,528-0434571荒唐信,六月小作文   7月下旬小那放空規劃,https://docs.google.com/document/d/1yaTv0GXQpAnkg1vbKrxi9apaoMfR4l-Lh9TSPyq9zkE/edit?usp=sharing
667,2025/6/29（週日） 23:44,23:44,539,539-0727848威少,6月小作文 藥華藥,https://docs.google.com/document/d/1CMw4ANwoIGifeBjh037t3fTGybJv-aqc/edit?usp=drive_link&ouid=106402131487664706236&rtpof=true&sd=true
668,2025/6/30（週一） 00:07,00:07,592,592-0395380YH,六月小作文 保瑞,https://docs.google.com/document/d/1kOFJ0SS-XGfEiNzRPYLglAwl6EZyqahuE7M1ISAOihY/edit?usp=sharing
669,2025/6/30（週一） 01:35,01:35,545,545-0735474阿隆,六月小作文-6664群翊,https://drive.google.com/file/d/187WaAWiM7OlxPJ7-b5x7RuhKWwSxfJ2E/view?usp=drivesdk
670,2025/6/30（週一） 07:38,07:38,471,471-0430148HYXXX,六月小作文-2301光寶科,https://docs.google.com/document/d/1-qreVY9BxzI6UGPSdz2B9TMfuuZCknSE18POsfxBMV8/edit?usp=drivesdk
671,2025/6/30（週一） 08:07,08:07,454,454-0454292RS,5209 新鼎,https://docs.google.com/document/d/1TdoPVBPpTZk0IlWUutKo7rdBMQbvYFip/edit?usp=sharing&ouid=118141708314069713984&rtpof=true&sd=true
672,2025/6/30（週一） 08:42,08:42,127,127-0398125 Gerald,(loud volume)《經濟學人》當期有聲書,https://bit.ly/3xt99aD
673,2025/6/30（週一） 09:20,09:20,430,430-0533702   從小買500,六月小作文-致茂2360,https://reurl.cc/M3n5Mk
674,2025/6/30（週一） 09:57,09:57,530,530-0728960Harris,七月份小作文: 艾榭克2025年中間筆記分享,https://www.notion.so/2025H2-222ea376be388026b134e346cbaff48d?source=copy_link
675,2025/6/30（週一） 11:45,11:45,491,491-0717793白交易,六月份小作文 和勤精機,https://docs.google.com/document/d/19IgC8p99gDNBBAfQWswtzAUInp8hmj0S/edit?usp=drivesdk&ouid=102208883993501817284&rtpof=true&sd=true
676,2025/6/30（週一） 14:30,14:30,590,590-0747255JEROME,,https://docs.google.com/document/d/1Uh5OswmbgHUaS0Y-A8kRShQvsGAO7Bt1?rtpof=true&usp=drive_fs
677,2025/6/30（週一） 15:18,15:18,557,557-0727411威力力力,六月小作文-萬潤6187,https://docs.google.com/document/d/1H5ypofZ0YcCmKzEYq8m-0xd03yHvxx85/edit?usp=drive_link&ouid=101047127970704222066&rtpof=true&sd=true
678,2025/6/30（週一） 15:38,15:38,582,582-0741280 RL,六月小作文-致茂2360,https://drive.google.com/file/d/18N91ucC2AKvq7wpKjTr0hAUsnzFKIi-L/view
679,2025/6/30（週一） 16:00,16:00,603,603-0749046高福福,六月小作文- 試論BCI波動率大之因,https://ppt.cc/fpgQ1x
680,2025/6/30（週一） 16:05,16:05,416,416-0516004小象の小金庫,六月小作文-玉山金2884,https://docs.google.com/document/d/1zEGWr6z0kHkchzkOm36RYsnX4m7VXzh2/edit?usp=sharing&ouid=116844414747715886483&rtpof=true&sd=true
681,2025/6/30（週一） 18:11,18:11,551,⚡️⭐️551-0689779QQ,六月小作文-中興電,https://docs.google.com/document/d/1cn8W_Mu1GkjLvwRLdD1x2puLAUab4pzowvF7gT7xrq0/edit?usp=sharing
682,2025/6/30（週一） 18:23,18:23,014,014-0395005 老高,世紀鋼小作文6/30更新,https://docs.google.com/document/d/1rpkTU-h5kz15Mfde8JGVnMUvDue_rm0j73CigjbC47I/edit?usp=drivesdk
683,2025/6/30（週一） 19:03,19:03,553,553-0720939東東,6月小作文鈞興,https://docs.google.com/document/d/1knakzohJTV7HQ_5rWvo4DB7tAQ56EPqI32sBXtxcta8/edit?usp=sharing
684,2025/6/30（週一） 20:40,20:40,508,508-0324115 Sean,6月小作文,https://docs.google.com/document/d/194AviFH4kY2uRQ-JOgXpC8o4G5rhZph7iOe8vlvdHns/edit?tab=t.0
685,2025/6/30（週一） 20:43,20:43,488,488-0707486 TK,6月小作文-4938和碩,https://docs.google.com/document/d/1-ED4x9cZTXNlitDL7zt-dvvKkyHEqS2wKG2Pt5Be-T8/edit?usp=sharing
686,2025/6/30（週一） 20:57,20:57,573,573-0741497快樂寶貝,6月小作文-交易聖經：六大交易致勝通則，建立持續獲利的贏家模式,https://docs.google.com/document/d/1cBK6F74B2B8RILW2TUZHVXHgReWTHabTRyl6PevoXj8/edit?usp=sharing
687,2025/6/30（週一） 21:07,21:07,548,548-0737184 Ryan,6月小作文- 飛捷科技,https://1drv.ms/w/c/ad3e6cf15fb884b7/Ed6WDOuZCX5Bk06KTnknpeYBH89L19HpAwVgMc2ILcQKlw?e=iatX5C
688,2025/6/30（週一） 21:13,21:13,518,518-0501022豆腐,6月小作文-5234達興材料,https://docs.google.com/document/d/e/2PACX-1vQ9QE2f3fVlqQ9lWzK4x0OqtPJEXakqbnn2onGls94f42GdKiaKDoLjX7gpXMIGo-q33_wY_GryCZPB/pub
689,2025/6/30（週一） 21:57,21:57,579,579-0740320Jack,6月小作文-2368 金像電,https://docs.google.com/document/d/1dg-XRQplih5nPTCc6hl-Giq7NbPo9INJ/edit?usp=sharing&ouid=118019031832096772647&rtpof=true&sd=true
690,2025/6/30（週一） 22:01,22:01,417,417-0405649 阿賢,六月小作文-美利達 9914,https://drive.google.com/file/d/1-x_5CCSGtPqLkgqmg24Q_9tXC_jBGJnY/view?usp=sharing
691,2025/6/30（週一） 22:03,22:03,404,404-0513832 Vicc,6月小作文-2882國泰金,https://tinyurl.com/25p8fxl5
692,2025/6/30（週一） 22:06,22:06,530,530-0728960Harris,七月第一篇小作文: 6811 宏碁資訊~,https://www.notion.so/6811-222ea376be38805699e8edee084f2d2d?source=copy_link
693,2025/6/30（週一） 22:16,22:16,544,544-0735623 星期六早上,6 月小作文 1215 卜蜂,https://docs.google.com/document/d/1kgIschfDes04EqxNx1q0uuRr9m6_60iiREN01m5jLqs/edit?usp=sharing
694,2025/6/30（週一） 22:18,22:18,422,422-0502966-thomasH,,https://docs.google.com/document/d/1ujyoIVQID-VVe1Dx_FqA2UlxnhtfjWZam9N4K6DuyvI/edit?usp=sharing
695,2025/6/30（週一） 22:25,22:25,445,💎🌀⭐445-0556394 Kai,,https://docs.google.com/document/d/1a9bOkUrNSNBow5SXRCM1SAF1y1nDylirKT_jP0LlquA/edit?tab=t.0
696,2025/6/30（週一） 22:34,22:34,511,511-0558402 James建智,六月份小作文-全訊5222,https://docs.google.com/document/d/1VlVBNQUOOyO87XuYRc0musmbHaX3OSMI/edit?usp=sharing&ouid=107833663147907152196&rtpof=true&sd=true
697,2025/6/30（週一） 22:35,22:35,473,473-0680338下面一位,六月小作文-南僑 1702,https://docs.google.com/document/d/1dWGe4020OHLCmPnfoNCRot-nx6JfXBs5u9l2q9Nocuc/edit?usp=sharing
698,2025/6/30（週一） 22:51,22:51,552,552-0738248小炫風,六月小作文-寶碩5210,https://1drv.ms/b/c/691f33e0f672afe9/EYD2Y4S0kG9JqCz34pLM0HcBvcdqd2ephMdFoLixrti-jA
699,2025/6/30（週一） 22:53,22:53,631,631-0755179 空格 股海殺人鯨,六月小作文-聚陽,https://drive.google.com/file/d/1sHAMF8exm975vz1r6COHx8XQJUkoDyBw/view?usp=sharing
700,2025/6/30（週一） 22:54,22:54,537,537-0525273momoju,六月小作文 - 面額拆分策略,https://momoju.notion.site/6-22266c95fe8d8033a4bbc5fda6a80de7?source=copy_link
701,2025/6/30（週一） 23:04,23:04,462,462-0421377 RL,六月小作文_美國公債,https://docs.google.com/document/d/1Gut5VppAFFFIg62cHjSar3dFe3iN3IAhDnMbIkumK3I/edit?usp=drive_link
702,2025/6/30（週一） 23:08,23:08,593,593-0745150RRRRR,六月小作文 - TSM,https://drive.google.com/file/d/13NB6aloKGqd43BWpHtQ6lUMsYwqoFxMd/view?usp=drivesdk
703,2025/6/30（週一） 23:25,23:25,472,472-0217714     五條,六月小作文-6788華景電,https://likeable-manx-e71.notion.site/6788-221dde723f2c80d59819c528501198a3?source=copy_link
704,2025/6/30（週一） 23:32,23:32,560,560-0741251 強尼,六月小作文-INOD,https://docs.google.com/document/d/12W74JuCH7VlPgNwHkuPsSK9pEDeaW8MlCWjVA7b28ak/edit?usp=sharing
705,2025/6/30（週一） 23:39,23:39,403,403-0511148 布萊恩,六月小作文 Roblox RBLX,https://drive.google.com/file/d/160ESqmxIpJ0MkA0Toi4EYSU9hxQduP8d/view?usp=drive_link
706,2025/6/30（週一） 23:40,23:40,624,624-0748762張仔,6月小作文-VXM指數期貨,https://drive.google.com/file/d/142q0Ymb1iOVA8TIaXl7R7O0BXalCpoKz/view?usp=sharing
707,2025/6/30（週一） 23:41,23:41,498,498-0717418 修,6月小作文：GRAB,https://drive.google.com/file/d/18DsaDFHQzjV68rH4jCofk-Z35o4y_pKw/view?usp=drivesdk
708,2025/6/30（週一） 23:46,23:46,550,⚡️⭐️550-0488718一度贊,6月小作文：製造業庫存週期與台股高點的關聯,https://docs.google.com/document/d/11aIMPE-DeLKWUNCMRsAnaBhKExRo_qoRtyqq4mmJjEw/edit?usp=drivesdk
709,2025/6/30（週一） 23:53,23:53,587,587-0736295寫程式的工程師,6月小作文：凱鈿行動科技 (TPEx: 7737) 投資研究報告：AI驅動SaaS領域的成長與挑戰 (本研究報告產自AI的研究),https://docs.google.com/document/d/1i5ZYxkpgARnbfdcLsDYYQWIuC_eSAeOrrGiPLCVnRls/edit?tab=t.0
710,2025/6/30（週一） 23:54,23:54,538,538-0736538 ㄟ死笑笑笑,六月小作文 - 一價漲停緩開策略,https://www.notion.so/6-222d79e9bf0e80fe8e9bd71c5e7c0a3c?source=copy_link
711,2025/6/30（週一） 23:58,23:58,481,481-0703493 大黑菊,六月份小作文。台半,https://docs.google.com/document/d/1k9rKA6XMaOOGk37l4xi320cXRHpgO_QU/edit?usp=sharing&ouid=111827764144515851907&rtpof=true&sd=true
712,2025/7/1（週二） 00:03,00:03,433,433-0519807 股市破壞者,六月小作文-2882國泰金,https://docs.google.com/document/d/1_HRAshQFSUkc8dS8p2uf1tf9kIvvo4dA/edit?usp=sharing&ouid=113745668361309012287&rtpof=true&sd=true
713,2025/7/1（週二） 00:09,00:09,628,628-0189541 Louis,六月小作文 美股能源發電公司,https://docs.google.com/document/d/1Yw_UC97vJVYcmc8lg-cMcuP7F9o2ptHlnmduUN8FfX4/edit?usp=drive_link
714,2025/7/1（週二） 00:53,00:53,390,390-0489924_Joe,六月小作文 - 4749新應材,https://docs.google.com/document/d/1pkCxL4HIRotLQ1ly08kF3tgZgFuPPr8m/edit?usp=sharing&ouid=118195642779018767860&rtpof=true&sd=true
715,2025/7/1（週二） 01:13,01:13,419,419-0526214阿宏,六月小作文-NBIS,https://docs.google.com/document/d/12jBBuUWT69fAtZh4ZiBgZFey-DBKetm0/edit?usp=sharing&ouid=104929433645301450662&rtpof=true&sd=true
716,2025/7/1（週二） 01:30,01:30,470,470-0529994承承,六月小作文-台光電2383,https://docs.google.com/document/d/1CrYz3ZcqLSCei6dEdDbDjD_LCgQLYKt2/edit?usp=sharing&ouid=106380519427054374241&rtpof=true&sd=true
717,2025/7/1（週二） 02:20,02:20,519,519-0725280 Benson,六月小作文 1560 中砂,https://drive.google.com/file/d/1wEZcBJ96QWGfhGJrHAg7tgGoFT9HmU0R/view?usp=drive_link
718,2025/7/1（週二） 02:22,02:22,561,561-0732082河雅郎,六月小作文 1616 億泰,https://docs.google.com/document/d/1R05WNNugipE678xWr9piX8XZBVDIl2EbjYXNaRdudS4/edit?usp=sharing
719,2025/7/1（週二） 05:04,05:04,382,382-0489733Liou,六月小作文-6426統新,https://docs.google.com/document/d/1b8OOVbApeN75_FccM4_OjiUVt47-XwxE/edit?usp=sharing&ouid=111696808857150992772&rtpof=true&sd=true
720,2025/7/1（週二） 07:25,07:25,395,395-0497903 Yu,,https://docs.google.com/document/d/1Hv5RpfAjGxDOB-czyVf2GXnwtQcmQPAhP9tbKDaHHT8/edit?usp=sharing
721,2025/7/1（週二） 07:27,07:27,046,046-0406114 JOY88,六月 小作文,https://docs.google.com/document/d/1sL35QiGvN_RZ44zWte7fqA_X31HEoffbJIxxGvIQBW4/edit?usp=drivesdk
722,2025/7/1（週二） 08:48,08:48,646,646-0760423林,,https://docs.google.com/document/d/1yUYpTsDdXNqAKk4tcqZjmvgpsKFzwHmyAi9MIQZ5b5E/edit?usp=sharing
723,2025/7/1（週二） 10:14,10:14,426,426-0527909飆仔,6月小作文：世芯-KY,https://docs.google.com/document/d/1zaEgiqtcN5dzQx_PPcnYZzDgvRohpesQ/edit?usp=sharing&ouid=116042073569870989087&rtpof=true&sd=true
724,2025/7/1（週二） 12:44,12:44,451,451-0634041阿山,6月小作文：鈺齊-KY,https://docs.google.com/document/d/13ms0-PzJogB7cRLK1og8vlzelNpYEvAR/edit?usp=drive_link&ouid=117180024349907731538&rtpof=true&sd=true
725,2025/7/1（週二） 13:06,13:06,379,379-0489759 迪諾,遲交的六月小作文,https://docs.google.com/spreadsheets/d/1AfRCSDeX0uNrAKewlXl8ftJ3pK23hftFh1yckr_FI5U/edit?usp=sharing
726,2025/7/1（週二） 16:46,16:46,652,652-0760258STwind,六月小作文-黑K策略,https://drive.google.com/drive/folders/1Kq80ZU8AgFMRx6Gd3_d-3uNaGVvBV9f6?usp=drive_link
727,2025/7/1（週二） 17:28,17:28,517,517-0726218HK,六月小作文：洋基工程6691,https://docs.google.com/document/d/1U5pTXrUhx_kknjQ8ax-bPZ-LV1D9w1UV06EAxBqTQ24/edit?usp=drivesdk
728,2025/7/1（週二） 19:58,19:58,500,500-0724304FOMO就剁手手,六月小作文-玉米期貨日內波-守利&偶爾爆擊,https://docs.google.com/document/d/1bZAysyNjm1Z9VPvRNTgqlghlqgyYvHagzJRaQpsHzJA/edit?usp=drive_link
729,2025/7/1（週二） 20:25,20:25,271,271-0397508里察雞耳,,https://docs.google.com/forms/d/e/1FAIpQLSf3WxZRYFLQX9HMXlOQrcKZ2sug0Cy46SR-MA0EqA6ZbusEPA/viewform?fbclid=IwQ0xDSwLQsYdleHRuA2FlbQIxMQABHkAG1EuSkA0yOLquHYTqnl9g7mHYElU6W0reL-d8Tf6cWZTHdlcxEnlAPzDb_aem_1IoyfsuoR3m0zYkRr2oAgQ
730,2025/7/1（週二） 21:01,21:01,543,543-0531953瘋狂吉娃娃,,https://drive.google.com/file/d/1t-P5Rzbnd73uLivSx8KzW-GDU4FPkDZ8/view?usp=drive_link
731,2025/7/1（週二） 21:31,21:31,299,299-0397647咪蛋,六月小作文～訂房匯差2.0,https://docs.google.com/document/d/1-Qnh28PRrb9TsVRkQ1F85j4gGfpp5GoS/edit
732,2025/7/1（週二） 22:04,22:04,449,449-0522027冷萃綠茶,,https://docs.google.com/document/d/1DbSMb3ela9JSqBsOTG27HRE3SaIvTvK2kj8TRZAUZS0/edit?usp=drivesdk
733,2025/7/1（週二） 23:24,23:24,615,615-0396172John(小志),Sorry…6月忙著婚禮的事，遲繳了@@                                    六月小作文 台企銀,https://docs.google.com/document/u/0/d/1KMlWch-XOgJHxP-wnxgDl4COoJCF4s5AKmCOYLYLFbE/mobilebasic
734,2025/7/2（週三） 00:47,00:47,387,387-0405856 Wesley,六月小作文 - 3289 宜特科技,https://docs.google.com/document/d/1Nh27CTePnxVHZD0OlzMwJYktMBnep9DPZRv_NmepQCs/edit?usp=sharing
735,2025/7/2（週三） 01:40,01:40,605,605-0735461小蘋果,六月小作文-8478東哥遊艇,https://docs.google.com/document/d/1PVW_vaOu0hzW029eJQ9nILXKCZjcda1xlM8KTvQnLTw/edit?usp=sharing
736,2025/7/2（週三） 07:13,07:13,381,381-0491048彼得森,6月小作文：光洋科1785與未來之子公司,https://docs.google.com/document/d/1J4ZO4YkbQefHXUjjqTz0tp47bSOqTX_6MsWsf4tHHKk/edit?tab=t.0
737,2025/7/2（週三） 07:30,07:30,440,440-0208121  voice,6月小作文  益安,https://docs.google.com/document/d/1qMKzGwreKQoPFD1SyFt-jUP8LErR5j9s/edit?usp=sharing&ouid=112140481029709627573&rtpof=true&sd=true
738,2025/7/2（週三） 10:48,10:48,578,💎⭐578-0742519GRACE,6月小作文 2476 鉅祥,https://docs.google.com/document/d/1Agg6C5u6KsXSLgwcDh1fe6hfE4bZRm9X/edit
739,2025/7/2（週三） 15:01,15:01,486,486-0707732貓貓,七月小作文 - yupp,https://docs.google.com/document/d/1frPEuVZ7XnDQsylsbIKtv57XsSp_cOy5cvTOdBEVCA8/edit?usp=sharing
740,2025/7/2（週三） 20:12,20:12,633,633-0547293Link,7月小作文：鈊象 3293,https://drive.google.com/file/d/1eb_QtnHkwK7vnENykyuOEnc5D3l7P9tl/view?usp=drivesdk
741,2025/7/2（週三） 23:59,23:59,400,400-0430135 公園居民汪喵,7月小作文：1234 黑松,https://docs.google.com/document/d/138ILKJtqA6ongJtwBNhC-FJwSmIaVipY/edit?
742,2025/7/3（週四） 01:59,01:59,427,427-0534073 ant🐜,六月小作文  洋基工程6691,https://docs.google.com/document/d/1-q5cazD2ZpfLfgIAioNf_80XxgScPqAzcdWZMuPTP2A/edit?usp=sharing
743,2025/7/3（週四） 02:03,02:03,655,655-0769819Liam,六月小作文-台積電 2330,https://drive.google.com/drive/folders/1mwj1p0CE5kvRy_PMhgtHw5Y-nLT8SNTa?usp=drive_link
744,2025/7/3（週四） 09:38,09:38,528,528-0434571荒唐信,7月小作文  台指期7月第一周~ 7 月第 3 週的星期一只做多,https://docs.google.com/document/d/1DOXx2_kkv0ormTLJ6hdwNS1_FqxNrxb8w5ociQmz504/edit?usp=sharing
745,2025/7/3（週四） 10:27,10:27,629,629-0727880 LEE,6月小作文 -中磊 5388,https://drive.google.com/file/d/1Cbb1l-hfx3M04OuwFZEGVPYTjbM5uIS8/view?usp=sharing
746,2025/7/3（週四） 11:14,11:14,647,🔥💎⭐647-0727712 竹北良,七月小作文(一)-白金(鉑)指數期貨,https://reurl.cc/894L0d
747,2025/7/3（週四） 14:48,14:48,385,385-0497440 麥當勞股東,,https://docs.google.com/document/d/11Cs8m08h5WfTwdMj23pIwhzVv8kgPYCfhhIVC2Z2alY/edit?usp=drivesdk
748,2025/7/3（週四） 15:59,15:59,460,460-0544474 Monson,6月小作文＿勝率100%的勞退策略與勞保年金最佳領法,https://drive.google.com/file/d/1IeEF0b1bEv_-v06yeqpQp7dOTh2MyVJk/view?usp=sharing
749,2025/7/3（週四） 16:06,16:06,460,460-0544474 Monson,最近股價很強勢，處置越關越強,https://www.moneydj.com/kmdj/news/newsviewer.aspx?a=eb2ea11f-7c24-4f2b-9357-cc46f9448fb5
750,2025/7/3（週四） 22:19,22:19,571,571-0727961小P,,https://docs.google.com/document/d/15hjB7paIjuh3Bm3Y_Xx5TsniEV8cutnXdyPwG61YDD4/edit?tab=t.0
751,2025/7/3（週四） 22:57,22:57,530,530-0728960Harris,七月份小作文 泓格,https://www.notion.so/3577-225ea376be3880c8a87cdc05e4ae4a86?source=copy_link
752,2025/7/4（週五） 02:37,02:37,424,424-0528115guidex,6月小作文  6739 竹陞科技  2025 股東會心得,https://drive.google.com/file/d/1g5RDtKwNXxfgHrHRS_lsVGrelDGLsORT/view?usp=sharing
753,2025/7/4（週五） 07:49,07:49,407,407-0516211史蛋,6月小作文 華電,https://docs.google.com/document/d/14xCq7_Z1er9mBE6bSWYJT16XTR_ThuhGXauW6Xka7UU/edit?usp=sharing
754,2025/7/4（週五） 10:32,10:32,641,641-0759544阿財,7月小作文-WolfSpeed(Wolf),https://docs.google.com/document/d/1-au5ZnZVoVHWVJj5awCEMe5Ay91FTD7N9CPWqiIQsSw/edit?usp=drivesdk
755,2025/7/4（週五） 21:47,21:47,447,447-0429654 Samuel,6月小作文-週五選擇權,https://docs.google.com/document/d/1Sq34fe92mXc73LC2BXjV9TX_LVLt5mn7c4D0WpoVyic/edit?usp=sharing
756,2025/7/5（週六） 04:07,04:07,137,137-0396703 Kura,遲來的6月小作文-BBAI,https://docs.google.com/document/d/1fOqnqIrCNRalTMbyKD9-fPOohuOggLjTUvmAP7GpDDc/edit?hl=zh-tw&tab=t.0
757,2025/7/5（週六） 15:35,15:35,494,494-0724582  ERIC,6月小作文,https://docs.google.com/document/d/1oE1tc7RpkDVYQ_hHUM-_Sglbn-ogB7Yc1epLnS4XHho/edit?usp=sharing
758,2025/7/5（週六） 16:23,16:23,404,404-0513832 Vicc,7月小作文 - 9904寶成,https://tinyurl.com/yqy7h2m5
759,2025/7/6（週日） 16:24,16:24,392,392-0426534定宏,遲交的六月小作文,https://docs.google.com/document/d/1kPKqBbSCsQPMU5kNa3Bk3dpC010aSZn9qkKmlFezAnI/edit?usp=drivesdk
760,2025/7/6（週日） 18:22,18:22,626,626-9800005rich,CRCL,https://docs.google.com/document/d/1HJ1KIJ_GF_spm7loOC25B6KbXuU048wB/edit?usp=drive_link&ouid=116363410657624684517&rtpof=true&sd=true
761,2025/7/7（週一） 14:46,14:46,503,503-0551726千千,,https://docs.google.com/document/d/1GjtdRG92NAu-z2wecd3gMWLq3c2qXGl6Ol7VJFd8qao/edit?usp=sharing
762,2025/7/7（週一） 18:00,18:00,383,383-0488695 三寶,六月小作文-訊舟(3047),https://docs.google.com/document/d/1ub4xZO21Ay0Ig6Pq6l0HMtv8MWnMrilK/edit?usp=drive_link&ouid=105443695704290227678&rtpof=true&sd=true
763,2025/7/7（週一） 18:12,18:12,630,630-0755577 十四,七月小作文_奇鋐(3017),https://reurl.cc/4NR5v3
764,2025/7/7（週一） 22:57,22:57,431,431-0530336梅子,,https://docs.google.com/document/d/1372yt_cbC_G2zgqQkG8SescCwJ0mUwneWRTXpD8WFMo/edit
765,2025/7/8（週二） 00:46,00:46,466,466-0431600見龍於田,6月小作文-CRWD,https://docs.google.com/document/d/1hIw8jXN64L5d9XvexgEvD3W1O7fsEUIvsAlIGt-ViKg/edit?usp=sharing
766,2025/7/8（週二） 23:02,23:02,477,477-0696872過兒,,https://docs.google.com/document/d/1XRcyt-rohD-Pouii6YuLXGydu4GQXfv2YIoN_HN0ywA/edit?usp=drive_link
767,2025/7/9（週三） 01:24,01:24,487,487-0489351 阿棋,7月小作文-週期性交易練習小作文（2009 第一銅）,https://docs.google.com/document/d/19Z4zLy0QuTzvIcRHGdTV6MGHnDwGlsnIesIR9jirWz8/edit?usp=drivesdk
768,2025/7/9（週三） 01:37,01:37,598,598-9800002陳耳東,六月小作文  WLD幣賺錢術,https://drive.google.com/file/d/1D2faEhgvsZBU79FqRLqJvswyCXw1JmJw/view?usp=drive_link
769,2025/7/9（週三） 11:56,11:56,641,641-0759544阿財,因應狼哥昨天FB的美股當沖文，給大家一個分享，想入坑的朋友可以參考一下黑～,https://docs.google.com/document/d/1-m7_eq47irxhZuGhbN4nQhd5wkioMSgWG4zFDe1563o/edit?usp=drivesdk
770,2025/7/9（週三） 16:06,16:06,533,📊⭐️533-0525286 MT,6月小作文,https://docs.google.com/document/d/1VeR_mdQjNBzPCPoLVGvGQHN2RARn8sdyOm4VuH6vDm8/edit?usp=sharing
771,2025/7/9（週三） 18:09,18:09,184,184-0393188 吃魚,2025H1大模型API服務市場分析,https://stitch-seatbelt-b23.notion.site/2025H1-API-karminski3-22a2e5272eb280a99d37deeeaab1005c
772,2025/7/9（週三） 19:41,19:41,658,658-0775188馬來貘,七月小作文-吃高股息ETF調整持股豆腐,https://docs.google.com/document/d/1-atusM7NLfK6Ubt90u17OBPfOECS591O-ptkj-r44dQ/edit?usp=drivesdk
773,2025/7/9（週三） 20:03,20:03,657,657-0775256 不要惹CC,,https://docs.google.com/document/u/0/d/1-6wqv22UmpENSZM3Skky45lBWdD-M3V82pXntSkko_c/mobilebasic
774,2025/7/9（週三） 20:40,20:40,608,608-0750132 Kris,7月小作文 生命週期投資法,https://docs.google.com/document/d/1Tgye11kjr87l70tjOotQxApCrKyF8lxYUXd-yyBZkLc/edit?usp=sharing
775,2025/7/9（週三） 21:18,21:18,507,507-0707376shihhan,六月小作文-NBIS,https://drive.google.com/file/d/110GHdyZGssgLOZejOMTYnfzJeXTzLWlX/view?usp=drive_link
776,2025/7/9（週三） 21:55,21:55,586,586-9800001安煦,7月小作文 3062-建漢,https://docs.google.com/document/d/14pZ8QRuZvSOBAmN12fcamHXQFlH0QIFUP3ZMAShSz6k/edit?tab=t.0
777,2025/7/9（週三） 22:23,22:23,600,600-9800003NMSL,7月小作文 - 更新 上緯投控(3708) 上善若水，緯地經天,https://reurl.cc/A3qEWj
778,2025/7/9（週三） 23:07,23:07,523,523-0725002 Eason,,https://docs.google.com/document/d/19qA41fLLQYSUArxYY3yTGCz-XzD3W9Aj/edit?usp=sharing&ouid=107307769969375441225&rtpof=true&sd=true
779,2025/7/10（週四） 00:00,00:00,644,644-0394158三男寶爸楊仔,,https://docs.google.com/document/d/1-8o2IRjOdWRxbgSbSxsatmtOj-yQUzmWSNP6T7sRag4/edit?usp=drivesdk
780,2025/7/10（週四） 01:02,01:02,463,463-0428875JoeC,6月小作文-黃金,https://drive.google.com/file/d/13G1NucPBu0NF7K7ddlONe5YvsgSImRGT/view?usp=sharing
781,2025/7/10（週四） 01:03,01:03,463,463-0428875JoeC,7月小作文-美元指數,https://drive.google.com/file/d/1PTIPdn_qyUIQ9lru8iUIbhUNY2c9XbEZ/view?usp=sharing
782,2025/7/10（週四） 15:19,15:19,660,660-0769589聾五,六月小作文-健喬4114,https://docs.google.com/document/d/1-_tKkVthmy_ifsJ9u0nkcl5iq9M1RV9uvOOqXdzJm5Q/edit?usp=drivesdk
783,2025/7/10（週四） 15:26,15:26,659,659-0773876眼睛畫XX,七月小作文-台虹（8039）,https://docs.google.com/document/d/1Jb5OET9wJL5W5H8hEbIXIAfGQxhQK9Kl/edit?usp=sharing&ouid=112969168744547444941&rtpof=true&sd=true
784,2025/7/11（週五） 03:16,03:16,465,465-0677707股市細漢,七月小作文-上緯投控(3708),https://docs.google.com/document/d/1S5VaHM63p3HVSPRZwfXPq1l-ClqKgkvC/edit?usp=drive_link&ouid=111186195430166003939&rtpof=true&sd=true
785,2025/7/12（週六） 15:46,15:46,496,496-0720984林小白,六月小作文- 雙鴻3324,https://docs.google.com/document/d/13TVPVIf2LHmMnp--6wWjlXwlEe_6qN5tjfOG3jofyzI/edit?usp=sharing
786,2025/7/13（週日） 10:25,10:25,634,634-0744957溫蒂漢堡,六月小作文-擎邦6122,https://docs.google.com/document/d/1voHddnSjCbEhvkT0RxFBQqKyiHCJ7UHL/edit?usp=drive_link&ouid=108517892925346239777&rtpof=true&sd=true
787,2025/7/13（週日） 15:04,15:04,231,231-0401287 Steven,7月小作文-隔日沖策略,https://docs.google.com/document/d/10ayVJjRZcl363ODTnTVSvljpbD19by38Zlav8Y0XUNc/edit?usp=drivesdk
788,2025/7/13（週日） 20:13,20:13,597,597-0735283霹靂不看布袋戲,六月小作文-2308台達電,https://docs.google.com/document/d/1--Pwxx2ZS3qRFi8a0GyvHxsp5RAwN-RFtOQ7ycL9R2I/edit?usp=drivesdk
789,2025/7/13（週日） 20:16,20:16,504,504-0718103Leo,六月小作文─6515穎崴,https://docs.google.com/document/d/1_E60zfRIviyh8DjIql-mKPHtA0Lkq31E/edit?usp=sharing&ouid=116221624610756520924&rtpof=true&sd=true
790,2025/7/13（週日） 22:02,22:02,610,610-0750365淳,六月小作文,https://docs.google.com/document/d/12NLvC1d2FGIzFslnNik2kMjJ1lbDs-91_tvmNaeYg-0/edit?usp=drivesdk
791,2025/7/13（週日） 23:29,23:29,580,580-0743628失業的交易人,七月小作文-3491 昇達科,https://reurl.cc/MzZRyW
792,2025/7/13（週日） 23:43,23:43,601,601-0743220邦邦,六月小作文-1436 華友聯,https://docs.google.com/document/d/1lxhBjAoZe4wUsFoap626xlqAn53mgtOgzc7-folDpvI/edit?usp=sharing
793,2025/7/14（週一） 00:42,00:42,596,596-0530815龜龜,六月小作文-9951皇田,https://docs.google.com/document/d/1tyuigd1s6IJBJwgPnKOby4NrZde28mHo/edit?usp=drive_link&ouid=103400192581190309510&rtpof=true&sd=true
794,2025/7/14（週一） 00:55,00:55,596,596-0530815龜龜,七月小作文-6516勤崴國際,https://docs.google.com/document/d/1jjnSvjZisJCzpe-_axnWvbtTpBhFEKHZ/edit?usp=drive_link&ouid=103400192581190309510&rtpof=true&sd=true
795,2025/7/14（週一） 00:56,00:56,618,618-0752428MMRT,六月小作文(補)-6191 精成科,https://docs.google.com/document/d/11Q0-gNIBYPGCZlr_wxx3t9uHg9ZZ0X-MkBsPM5JBUGA/edit?usp=sharing
796,2025/7/14（週一） 01:04,01:04,666,666-0761406Frank,七月小作文-6739竹陞科技,https://docs.google.com/document/d/10CciVa9qEgpIsNNF25ub8WGTJmRzMWwto_eBzttcy3I/edit?usp=drivesdk
797,2025/7/14（週一） 01:20,01:20,522,522-0727110Hsin,六月小作文-偉訓 (3032),https://docs.google.com/document/d/1lZIC_OlPwHzzBGpKlQoVlcSSKm0apLMp/edit?usp=drive_link&ouid=104280978726469480618&rtpof=true&sd=true
798,2025/7/14（週一） 10:08,10:08,502,⚡⭐502-0724579 Cowboy,七月小作文-7722 LINEPAY,https://drive.google.com/file/d/1e_cmlNgO1o9n7lzAtecpaq2h-0a2waTr/view?usp=sharing
799,2025/7/14（週一） 14:43,14:43,568,568-0740906MilesDad,七月小作文-5534 長虹,https://drive.google.com/file/d/1rUv-aje6oKYCR3g2HflPTJGTbcaMuLUI/view?usp=sharing
800,2025/7/14（週一） 15:14,15:14,614,614-0750996咖喱,七月小作文-3264 欣銓,https://docs.google.com/document/d/191uJ2cdqYnqIGJ9eozbQYz6nJx_s49gL/edit?usp=drivesdk&ouid=115213020927724656256&rtpof=true&sd=true
801,2025/7/14（週一） 19:16,19:16,604,604-0435923電電甲三碗公,七月小作文-山富,https://docs.google.com/document/d/1yAiEStFYUA6OVHZKRXitk2U908N3GKojnbbAR9N6YNM/edit?usp=sharing
802,2025/7/14（週一） 21:08,21:08,652,652-0760258STwind,七月小作文 事件分析-融券強制回補,https://drive.google.com/file/d/1iSLpTlGGkGWAGkUNmlNBodXCV7VRdS5m/view?usp=drive_link
803,2025/7/15（週二） 00:36,00:36,609,609-0749949非洲巨象,七月小作文-聯華,https://docs.google.com/document/d/1HQ7Yg3MwSfuxNJSd4LuVSOWdfKaUqxUorFY-3Aqr77o/edit?usp=sharing
804,2025/7/15（週二） 09:33,09:33,609,609-0749949非洲巨象,六月小作文-大江,https://docs.google.com/document/d/1K6y6wglJPtiEddDAc7tpNnr5j28yHHo41YGU2I46MR8/edit?usp=sharing
805,2025/7/15（週二） 11:14,11:14,546,546-0728449Douhua,七月小作文 - 宇辰系統,https://docs.google.com/document/d/1BVPRBXoY9HqlIjRb1cBTUZ5d1S4PvfMgaIRdpdr8UzE/edit?usp=sharing
806,2025/7/15（週二） 13:48,13:48,534,534-0735759 GB3000,七月小作文-鼎炫-KY,https://docs.google.com/document/d/1eYZGzHERw1tt2QQ1C8HP1Ku2P-5UEPqvy0IvIqmOP2M/edit?usp=sharing
807,2025/7/15（週二） 16:25,16:25,520,520-0725769森森,文曄與日電貿換股合作持股增至36% 預計明年取得一席董事,https://news.cnyes.com/news/id/6065258?utm_campaign=share_button&utm_medium=news_article&utm_source=cnyesnewsapp
808,2025/7/15（週二） 22:08,22:08,530,530-0728960Harris,七月份 第二篇小作文3090~有任何意見歡迎提供~,https://www.notion.so/3090-231ea376be388048ba0df1504b43cc63?source=copy_link
809,2025/7/15（週二） 23:43,23:43,542,542-0198299Mark66,七月小作文-指數,https://docs.google.com/document/d/1nTWRPUaTWrQopLq_rvNPcSEQ55fswKlouwVdmeTBGJI/edit?usp=drivesdk
810,2025/7/16（週三） 00:13,00:13,469,469-0529347小宇,七月小作文-金居,https://docs.google.com/document/d/1vrg5BJUQHjCcwqLQDYymgv1AJ4C-FEIW/edit?usp=drive_link&ouid=116028103918394948460&rtpof=true&sd=true
811,2025/7/16（週三） 14:02,14:02,580,580-0743628失業的交易人,六月小作文-4572 駐龍,https://reurl.cc/Z4xkWp
812,2025/7/16（週三） 15:03,15:03,588,588-0743848MKTY,六月小作文 5871 中租KY,https://www.dropbox.com/scl/fo/ttmn5yldzpp3pfur46pz6/AFOzdYvItDk33BK7DS7YJo0?rlkey=ogncr58ofu6bsxlxxso900ixf&dl=0
813,2025/7/16（週三） 15:03,15:03,588,588-0743848MKTY,7月小作文 BYND,https://www.dropbox.com/scl/fo/aquqvcn0oj0mbcfdsci4l/AONQYl61Haq9QXpAtrmUM28?rlkey=izdsihi67b3nfjmq8ktbno8uj&dl=0
814,2025/7/16（週三） 15:09,15:09,421,421-0299033青蛙狼,,https://docs.google.com/document/d/1-OeWOZfZ8-KQb2-S-QhfthC7k-UPb4KofyzmLiGT17Y/edit?usp=drivesdk
815,2025/7/16（週三） 16:07,16:07,566,566-0339663WEGO,,https://docs.google.com/document/d/1NcZ2hjBXUapv6oGR_a4Gp-SMVOV6TI1vrf-4wl9cltE/edit?usp=sharing
816,2025/7/16（週三） 17:05,17:05,645,645-0761383 ZN寶寶,7月小作文 製造業景氣循環,https://docs.google.com/document/d/1vxQKOh6EabklMXbSIQFjvQ9Kdx3o6fnR/edit?usp=drive_link&ouid=102250208818512340017&rtpof=true&sd=true
817,2025/7/16（週三） 20:51,20:51,630,630-0755577 十四,"嘗試用NMSL大大的觀察方向解讀竹陞科技(6739),感覺這個夢想很美,至少我是買單的,今天噴一根漲停,後續持續觀察走向:",https://reurl.cc/EQnaxv
818,2025/7/16（週三） 20:58,20:58,556,556-0738099Richard,7月小作文：飛捷,https://docs.google.com/document/d/1k6gU3T7yDIiDvaOIqGD9fnWeERPecUBIjKsXOsbIjx4/edit?usp=sharing
819,2025/7/17（週四） 00:05,00:05,547,547-0729532蹦蹦熊,六月小作文 台北飯卡 拍謝遲交了,https://docs.google.com/document/d/1JwSt5B-KOvE5kEjnocMmZBrUyNf9I4t8I9vC0bbqzEA/edit?usp=sharing
820,2025/7/17（週四） 00:09,00:09,565,565-0741387Boy(58E),202506(六月小作文)-房地產洨知識,https://www.pttweb.cc/user/marsleon
821,2025/7/17（週四） 10:04,10:04,549,549-0736240 秋風漸落,七月小作文,https://docs.google.com/document/d/e/2PACX-1vQpBMbUNy8O-_oZjhJKYeQQw4gLuS1wSMK7nAS_AjOfs9dlu-3TTKpcM_Dd1rkYxNvG4-ArolUsVQw3/pub
822,2025/7/17（週四） 11:13,11:13,650,650-0768658Nick,,https://docs.google.com/document/d/1XkARjr4iUuwK5xL73Sqj5B1L0_9yC_oSC2YGnsaNM7E/edit?tab=t.0
823,2025/7/17（週四） 12:29,12:29,527,527-0726894耀,,https://govstat.taichung.gov.tw/TCSTATRWD/Page/Default.aspx
824,2025/7/17（週四） 12:45,12:45,565,565-0741387Boy(58E),之前看到的台中建商排行,https://www.ptt.cc/bbs/home-sale/M.1684725098.A.AA1.html
825,2025/7/17（週四） 15:42,15:42,564,🔥⚡️⭐️564-0721983 飛利浦,七月小作文,https://docs.google.com/document/d/1MDGH6BEfbaz9Vjpo9atoAV0Lyn57XdjX/edit?usp=sharing&ouid=107585458892499599889&rtpof=true&sd=true
826,2025/7/17（週四） 16:59,16:59,635,635-0557322阿展,七月小作文,https://docs.google.com/document/d/1Q8YOh3tGPDirUHaej2LYG1rGzhhTu4yr/edit?usp=sharing&ouid=109030146905094579631&rtpof=true&sd=true
827,2025/7/18（週五） 09:15,09:15,045,045-0402139  haha,七月份小作文6887寶綠特,https://drive.google.com/file/d/1-1OYzBbevRhS3oXlWT6VyET7E0YkTlEE/view
828,2025/7/18（週五） 11:29,11:29,526,526-0347875小妞,七月小作文宏達電(2498),https://docs.google.com/document/d/18ue1sMcDWfuQb5VgPp319w3riHQnr-T3OPMl0ICKIQU/edit?usp=sharing
829,2025/7/18（週五） 14:27,14:27,578,💎⭐578-0742519GRACE,7月小作文,https://drive.google.com/file/d/1OnRnRSyiTXP07tlenWP2r5xf3a_TMNrY/view?usp=drive_link
830,2025/7/18（週五） 14:34,14:34,527,527-0726894耀,7月小作文2夾零食機與投資,https://docs.google.com/document/d/19uBU3PR9VaGFdmYy8lDR4rauq4P4X1zA/edit?usp=drive_link&ouid=106899638007069152878&rtpof=true&sd=true
831,2025/7/18（週五） 16:35,16:35,079,079-0412687 Jimmy,海悅(2348)-2025Q2市場報告,https://drive.google.com/file/d/1txoSPdp9tQP2JUM1FOs3GPpj0hVZEKRZ/view?usp=drive_link
832,2025/7/18（週五） 16:45,16:45,656,656-0461450停利永遠是對的,7月份小作文 8086宏捷科,https://docs.google.com/document/d/10OuZBn9-zcbe9eli0Vb8Vf-6wn5CwztswIePonaYWls/edit?usp=drivesdk
833,2025/7/18（週五） 16:54,16:54,412,412-0432269 Abby,六月小作文3297杭特,https://reurl.cc/x3EpaL
834,2025/7/18（週五） 17:13,17:13,568,568-0740906MilesDad,七月小作文 6177達麗,https://drive.google.com/file/d/1FXQOxzy6APewkSpFiwz3_5anHY0mpaex/view?usp=sharing
835,2025/7/18（週五） 17:27,17:27,567,567-0726661 Gary,七月小作文-豐達科 3004,https://walnut-planarian-4a2.notion.site/2025-07-18-2337d11db04c80eaa613c45a8f15d266
836,2025/7/18（週五） 17:34,17:34,289,289-0394556/Agogo,,https://docs.google.com/document/d/1CHpGl_2bqawmjHQSGlUkbe4PD4Wv1JP_3AzcJ2fPQ_s/edit?usp=drivesdk
837,2025/7/18（週五） 19:53,19:53,529,529-0729189 書蟲,七月小作文-良維- 6290,https://drive.google.com/file/d/1W28N_28wzkV0sT0PVgdpfvracPCpGNan/view?usp=sharing
838,2025/7/18（週五） 20:07,20:07,630,630-0755577 十四,6月小作文 重新上傳,https://reurl.cc/XQlabR
839,2025/7/18（週五） 21:31,21:31,563,563-0554668社工日常,7月小作文-韭菜6哥策略整理,https://drive.google.com/file/d/1oZfWNuYvzpxAhza5ssDGkjhNLcY9lG91/view?usp=sharing
840,2025/7/18（週五） 21:43,21:43,622,622-0751982 Leon,7月小作文-美股 SoFi,https://docs.google.com/document/d/11JT1Y6ZTaOCMZawcRanp5gr3iBOJqGFwgeUJTDlt418/edit?tab=t.0
841,2025/7/18（週五） 21:46,21:46,420,420-0529143肥吱吱,7月小作文 2368 金像電,https://docs.google.com/document/d/1y2qmimVdEBePLE6ig_be_SRYzOVHZgM5lNDp2RSlfj4/edit?tab=t.0
842,2025/7/18（週五） 22:37,22:37,366,366-0402367-KAIKAI,,https://docs.google.com/document/d/1tD6MLJvhqsMIXj-HreGp5eZgJic7WcfGkFd4TQhu2aw/edit?usp=drivesdk
843,2025/7/19（週六） 00:52,00:52,638,638-0361071鵝爸,七月小作文-繳燃料稅撸刷卡金,https://docs.google.com/document/d/1Uj5Zp3e4CWREqkO-JAxS-cvHcn690rwXIngaMzBqj-4/edit?tab=t.0
844,2025/7/19（週六） 16:08,16:08,661,661-0781606亨利,七月小作文-富喬 1815,https://docs.google.com/document/d/1VPqhDFSi5LzBNcSFahWp-JM29_jBh1L4/edit?usp=sharing&ouid=108877945366556848895&rtpof=true&sd=true
845,2025/7/19（週六） 17:32,17:32,660,660-0769589聾五,七月小作文-建碁 3046,https://docs.google.com/document/d/1JCJHiAtjLkFxKJxGiRpyuiV26OVnf_dB6c_URAAP1Lw/edit?usp=drivesdk
846,2025/7/20（週日） 17:25,17:25,478,478-0541613 WL,七月小作文-泓德能源6873,https://drive.google.com/file/d/1FNEzNALHNH7ZPjrMgrM3RYw7_D25AA2t/view?usp=drive_link
847,2025/7/20（週日） 20:16,20:16,595,595-0405979Julia Lin,六月小作文-分享適合新手的股票頻道,https://docs.google.com/document/d/1Hjp98rEwJ5zaYAr558U-h7jgm2dNMA-S/edit?usp=sharing&ouid=111876163755521082625&rtpof=true&sd=true
848,2025/7/20（週日） 21:28,21:28,428,428-0429751貝卡,七月小作文(國泰金)-,https://docs.google.com/document/d/1TbVlMuc0MGO2Zfy91t93_syiVNj04FKOMJD1c9Jqz2U/edit?usp=sharing
849,2025/7/20（週日） 21:40,21:40,540,540-0726483小林,六月小作文六月小作文-當日開盤內5-15分鐘成交量前10名的觀察及進出心得，以7/4為例,https://docs.google.com/document/d/1JGIzskMpPOkRMeoc79hFjeIImjf-W8AP9vUK_uESDLQ/edit?usp=sharing
850,2025/7/20（週日） 21:57,21:57,308,308-0405403 Nick,七月小作文-大量3167,https://docs.google.com/document/d/1KlBSVsKxNol0YjehRB4jY3jKzxpNTFdy/edit?usp=sharing&ouid=118332302529549046513&rtpof=true&sd=true
851,2025/7/20（週日） 22:00,22:00,585,585-0734569止水,七月小作文-台塑化6505,https://docs.google.com/document/d/1eQz3hY6WNVgVeg9oiRRWWhtq1nLNrD1mGvPPOsyoRJw/edit?tab=t.0
852,2025/7/20（週日） 22:15,22:15,530,530-0728960Harris,2027 大成鋼 七月第三篇 QQ,https://www.notion.so/2027-235ea376be3880878936faef2bae946b?source=copy_link
853,2025/7/20（週日） 22:34,22:34,643,643-0449197Eva,,https://docs.google.com/document/d/1Q5kfq19bK2h8r_rDhI-On5_p6Srdw6P5J3gVzcJW80Q/edit?usp=drive_link
854,2025/7/20（週日） 22:35,22:35,532,532-0733492熊,7月小作文-台指 規劃,https://docs.google.com/document/d/11cUqr3qe4zbv-mgXrYOHOv6UowbXLPuqVoDsYObWzus/edit?tab=t.0
855,2025/7/20（週日） 22:48,22:48,613,613-0750653諾克堤斯,,https://drive.google.com/file/d/178lJP_61gJct-1SkCKiCUMof3B1u4KRE/view?usp=drivesdk
856,2025/7/20（週日） 22:57,22:57,468,468-0677901彩虹,,https://docs.google.com/document/d/178ARG4v0eQHyLythdW-sNJMNVvh1f53k6fACxselOo4/edit?usp=drivesdk
857,2025/7/20（週日） 23:41,23:41,575,575-0741277 黃金獵款,七月小作文-日內交易的星期效應統計(空方為主),https://drive.google.com/file/d/1bb6iPsi9WsV-Is6DWFwr9mW2u-ttzSyO/view?usp=drive_link
858,2025/7/20（週日） 23:41,23:41,594,594-0741808二奶老爸,七月小作文 - 宏碩系統6895,https://docs.google.com/presentation/d/1sc1UEUST25lzKmHngwKydaXN0tzxJ7NU/edit?usp=sharing&ouid=100008298762117176422&rtpof=true&sd=true
859,2025/7/21（週一） 00:00,00:00,501,501-0723486Mason,七月小作文 EOSE,https://drive.google.com/file/d/1_OTk0PAev-AGrtHlPIsQU_uypd5Eq_8r/view?usp=drive_link
860,2025/7/21（週一） 16:44,16:44,662,662-0782508Joseph,七月小作文-大量1626,https://docs.google.com/document/d/1Z-4S1qYPqrm_iizpYBU7LeC0CMARDTu-7KbFBdHTpjc/edit?usp=sharing
861,2025/7/21（週一） 16:57,16:57,663,663-0782676紀爸,七月小作文-動力-KY 6591,https://docs.google.com/document/d/1JCMaVcnjOB8FdyM9Nwkqo89U-t5UVvlp/edit?usp=sharing&ouid=105480614601196340158&rtpof=true&sd=true
862,2025/7/21（週一） 17:11,17:11,634,634-0744957溫蒂漢堡,七月小作文-環宇-KY 4991,https://docs.google.com/document/d/1igN0Dy5Lj_7QBuEKEKm9c9C45ynOaOUl/edit?usp=sharing&ouid=108517892925346239777&rtpof=true&sd=true
863,2025/7/21（週一） 21:44,21:44,554,554-0726975大平,七月小作文-美投君影片筆記-倉位管理,https://reurl.cc/qYOLVg
864,2025/7/21（週一） 23:12,23:12,536,536-0723583SC,七月小作文-金居8538,https://reurl.cc/9nORZd
865,2025/7/22（週二） 00:52,00:52,088,088-0396664  Juiting,七月小作文-雙美4728,https://ratingsnotes.notion.site/7-23772feb983180549950fb098111fac1?pvs=143
866,2025/7/22（週二） 00:58,00:58,659,659-0773876眼睛畫XX,台虹第一次嘗試估值，使用富果框架，2023&2024EPS對不起來，不知道哪裡出問題，有興趣的可一起討論，也請大大們棒棒我 謝謝,https://docs.google.com/spreadsheets/d/1F0T97V-IvOlL7WBPbbwcIcIRzDA2kJm7kCI6QSDt4ts/edit?usp=drivesdk
867,2025/7/22（週二） 01:26,01:26,516,516-0724825EJAY,七月小作文-國產2504,https://drive.google.com/file/d/1xjp34KhO2Dxq-Yntv468K6l1a95Bm5vs/view?usp=drivesdk
868,2025/7/22（週二） 08:02,08:02,647,🔥💎⭐647-0727712 竹北良,七月小作文(二)-白金(鉑)指數期貨,https://docs.google.com/document/d/1u6sDsGdPaLBDfYfpszHE-IqAHlaVXijdeZlMwrGkJa4/edit?usp=sharing
869,2025/7/22（週二） 17:39,17:39,664,664-0782605阿德,七月小作文-汎德永業2247,https://drive.google.com/file/d/10_RJnrjmXhS7aRHyQzbFJ5OTyAX3_vN-/view?usp=drive_link
870,2025/7/22（週二） 18:59,18:59,398,398-0502254昶,7月小作文-20250722盤中觀察，復盤今天盤中轉弱的現象，也希望有大大能夠指點一些其他的觀察方向，謝謝~,https://drive.google.com/file/d/1gUla5u2YllEGXN3nm2me8IS3Lde3qB0l/view?usp=sharing
871,2025/7/23（週三） 01:51,01:51,655,655-0769819Liam,7月小作文:Crypto入侵美股，超級槓桿，,https://docs.google.com/document/d/1inSeRUcocSxpw_iB9bsxLR76vUDYrlUn2eNZ21Spl_A/edit?usp=sharing
872,2025/7/23（週三） 10:17,10:17,446,446-0597683   高鐵自由座,,https://docs.google.com/document/d/1ZApQC7YdKCgrJFUPwDMJp04ojo-I-adXg6o4ERGu9lI/edit?usp=sharing
873,2025/7/23（週三） 11:36,11:36,476,⚡️⭐️476-0689643  賢妻良母,,https://docs.google.com/document/d/1M2Y4by7E9fM4l0X9qIWsSXqwF8yt2g_2p6zGYlvmVFs/edit?tab=t.0
874,2025/7/23（週三） 14:19,14:19,524,524-0727783馬伕傑,,https://docs.google.com/document/d/17RjRxOSshBmcqO2T7_iPRT_spkSJUi3IDFZl0colv-o/edit?usp=drive_link
875,2025/7/23（週三） 14:50,14:50,621,621-0752923jen,,https://docs.google.com/document/d/1m_YxhpXGMb_iubarmzZ6hYLE-0dmjtJIRId_qMULTcc/edit?usp=sharing
876,2025/7/23（週三） 15:32,15:32,665,665-0783840tony99,,https://drive.google.com/file/d/1Lb3ufUVWXlzSfJbxu6JuG40---iX7xK3/view?usp=sharing
877,2025/7/23（週三） 17:24,17:24,431,431-0530336梅子,,https://docs.google.com/document/d/13s8jG4crW7LEDUTakc1ZHriRAGAbhFE2ly_nHmY0Z4w/edit
878,2025/7/23（週三） 18:05,18:05,667,667-0782388鑽石商人,七月小作文-安成生技6610,https://docs.google.com/document/d/1-QJidFLlCNWm7NpO_h_hdwz8Cw-mVAWBPcfGXr5py54/edit?usp=drivesdk
879,2025/7/23（週三） 19:00,19:00,584,584-0745448雙北健美攻擊手,七月小作文 - 7：00 ~ 10：30前，盤前中觀察當沖,https://docs.google.com/document/d/1PJz6LkOwFDHpfNOW72pUBDIf72_JsV7cK8H_n7B3644/edit?usp=sharing
880,2025/7/23（週三） 20:37,20:37,437,⚡️⭐ 437-0548182林大大,7月小作文 - 科妍(1786),https://docs.google.com/document/d/1bO-YLMHjJ2BPFmZ9807_cqenC6rVeyee/edit?usp=sharing&ouid=102413103344657402164&rtpof=true&sd=true
881,2025/7/23（週三） 21:31,21:31,425,425-0531458狄桃培,七月小作文-新美齊(2442),https://docs.google.com/document/d/1Ki4lhkTQCUlppkmBym4aZDiyLw6RUDjN/edit?usp=sharing&ouid=109149861247779089562&rtpof=true&sd=true
882,2025/7/23（週三） 22:27,22:27,563,563-0554668社工日常,更新一下小作文，獲得韭菜6哥的親自回覆修改，修改部分如黃底,https://drive.google.com/file/d/1zm6SyjLK1i64w3smEkARIg6R331lx3xi/view?usp=sharing
883,2025/7/23（週三） 23:40,23:40,572,572-0739946韭韭窩,7月小作文- 小鬼股分析練習,https://docs.google.com/document/d/1BzZ9vZgit_68YQJMJSi7CbH-RRoMXDk_TDLMENWYFpU/edit?tab=t.0
884,2025/7/23（週三） 23:52,23:52,514,514-0724883Ryan,7月小作文 - MSFT,https://docs.google.com/document/d/1xhFtuLV6kQPvJ7Jsj_-K4z0FOG-bTzjEZdMmngGMA7w/edit?usp=sharing
885,2025/7/24（週四） 00:24,00:24,649,649-07650橋,7月小作文 - 3044 健鼎,https://docs.google.com/document/d/1sNk5VKZB4YxWPo4FAIPAVl2jiH6bBJrZeTtzQce6ZUc/edit?usp=share_link
886,2025/7/24（週四） 11:42,11:42,571,571-0727961小P,,https://drive.google.com/drive/folders/1Jho0FqfwB87_HXwdXouPIkDWXw4hWgQx
887,2025/7/24（週四） 15:10,15:10,416,416-0516004小象の小金庫,7月小作文 -4991環宇KY,https://docs.google.com/document/d/1vY9jJ_Rn2FyuLjeyhGAgiKDA_Ca77qtI/edit?usp=drive_link&ouid=116844414747715886483&rtpof=true&sd=true
888,2025/7/24（週四） 16:18,16:18,640,640-0760313游子龍,7月小作文：4721 美琪瑪,https://docs.google.com/document/d/1XtOmBYOAQtWpTsvIvqTRwoaoKoyi9XGJkrg3Ak_wqXE/edit?tab=t.0
889,2025/7/24（週四） 17:09,17:09,571,571-0727961小P,,https://docs.google.com/document/d/1HH2AyeY7LjWvrUzHAAxfFAelvzUYU3UfhbR1_aDLK68/edit?tab=t.0
890,2025/7/24（週四） 17:10,17:10,625,625-0754138威廉Wang,,https://docs.google.com/document/d/1cVloYz7NGt_icevpFfnsG3wHx3WrZaFAadOKD7Jue30/edit?usp=sharing
891,2025/7/24（週四） 17:41,17:41,654,654-0768001Han,7月小作文 -4739康普,https://docs.google.com/document/d/1FLfN3O2ycVL-vbAAzP1Ffcq4LX5-e0f_wxsWst59MFI/edit?usp=sharing
892,2025/7/24（週四） 17:57,17:57,012,012-0403340漢堡,,https://docs.google.com/document/d/1Iu092EyiX9Mwxnnl4KCyvZAFkYdxrCJC_SgsID2vS_U/edit?usp=sharing
893,2025/7/25（週五） 00:47,00:47,452,452-0640491小凱,7月小作文 美利達,https://docs.google.com/document/d/1BnSXHrImxFepKDC9xb_Er2GS6jIsnlb0/edit?usp=sharing&ouid=101863675658538783335&rtpof=true&sd=true
894,2025/7/25（週五） 01:37,01:37,600,600-9800003NMSL,7月小作文(2) - 教你不被市場的承銷詭異訊息誤導,https://reurl.cc/VWDgGN
895,2025/7/25（週五） 01:50,01:50,559,🔥⚡⭐559-0740236哩奧娜多,7月小作文-常見的隔日沖空方策略,https://docs.google.com/document/d/1rgDztvqI00LfVli_rTl5fXxrdQ3b6SfDnVum5i66KzI/edit?usp=sharing
896,2025/7/25（週五） 02:11,02:11,602,602-0383910波西,七月小作文 - 美股ETF - SHLD,https://docs.google.com/document/d/1HVgRXnSuf2I9BpmBxI87-nPoHlojahiJ/edit?usp=drive_link&ouid=106226827257978896515&rtpof=true&sd=true
897,2025/7/25（週五） 04:10,04:10,600,600-9800003NMSL,7月小作文(3) - 上緯(3708) update2,https://reurl.cc/ek3oWQ
898,2025/7/25（週五） 08:47,08:47,315,🌀⭐315-0424057 Shen,7月份小作文 - CB一次發兩檔/可提前贖回,https://docs.google.com/document/d/1C3fp6hzNjseBofQT86pmvjkM0w973eL3iRIFQ9l2RjU/edit?usp=sharing
899,2025/7/25（週五） 10:38,10:38,571,571-0727961小P,,https://drive.google.com/drive/folders/1Jho0FqfwB87_HXwdXouPIkDWXw4hWgQx
900,2025/7/25（週五） 10:57,10:57,429,429-0531924三毛,7月小作文-CORZ,https://docs.google.com/document/d/1RnPYzk8QmeF7IycpU8tPi2rluzVa8Tr7/edit?usp=sharing&ouid=104235377859924673226&rtpof=true&sd=true
901,2025/7/25（週五） 11:37,11:37,377,377-0399496-99496-糸隹,7月小作文6139亞翔,https://docs.google.com/document/d/1T2tX9rZ36asvccYMVE8mFRcg4vBL4BkF/edit?usp=drivesdk&ouid=100871849434388685062&rtpof=true&sd=true
902,2025/7/25（週五） 12:57,12:57,314,314-0420763 抹布,葡萄牙黃金簽證移民資訊,https://docs.google.com/document/d/1mniebUR_yBcCv-9KJ18ef2ebO_W_TJp-0HmEAVKo6_E/edit?usp=sharing
903,2025/7/25（週五） 14:03,14:03,607,607-9800004小火龍,7月小作文-台玻,https://docs.google.com/document/u/0/d/1HJpgkWPXEGldVBejTYWliUCPSzfGDgKJwhRbdMsTqkU/mobilebasic
904,2025/7/25（週五） 15:01,15:01,631,631-0755179 空格 股海殺人鯨,,https://drive.google.com/file/d/1a-fcDCrO5vEgMO_5_Tp2QceXPyvVZDYs/view?usp=drivesdk
905,2025/7/25（週五） 15:54,15:54,637,637-0437604 julian霖,六月小作文-友華康霈處分利益策略,https://docs.google.com/document/d/1KDBJQX61eDaOmO0Tk6btqmdGkSkPhifA_cWDFXTJ0JM/edit?usp=sharing
906,2025/7/25（週五） 15:58,15:58,670,🔥⭐670-0782621秀乙,七月小作文-旭源8421,https://docs.google.com/document/d/1GWcGE01QGRRBkjL8jgjqCYsInMWDhso2gdzEnc2uaYs/edit?usp=sharing
907,2025/7/25（週五） 16:06,16:06,669,669-0783549EdwardLin,七月小作文-MU,https://docs.google.com/document/d/1OEDXIT4oVoIFs8mpDKBVGWaIhNGukoI2/edit?usp=drive_link&ouid=106916785482688871808&rtpof=true&sd=true
908,2025/7/25（週五） 16:08,16:08,607,607-9800004小火龍,7月小作文-台玻,https://docs.google.com/document/d/1HJpgkWPXEGldVBejTYWliUCPSzfGDgKJwhRbdMsTqkU/edit?usp=sharing
909,2025/7/25（週五） 18:10,18:10,402,402-0511960 雪花冰,,https://docs.google.com/document/d/1MhUTgDNgRR90iwyM79WCSDQ8SzwHpoOk/edit?usp=drivesdk&ouid=103740366053566449567&rtpof=true&sd=true
910,2025/7/25（週五） 18:38,18:38,483,483-0677765Athena,,https://docs.google.com/document/d/1QagewmdTtTqv0jRV7OqIgCSvh9oRG5iNjqCimIzA8c8/edit?usp=sharing
911,2025/7/25（週五） 19:20,19:20,509,🔥📊⚡️ ⭐ 509-0726577小棕熊,,https://docs.google.com/document/d/1itrdVlORPuSBCnmfR-5aTMRzcDsy3nngjnSaWxrzR_Q/edit?usp=sharing
912,2025/7/25（週五） 23:31,23:31,670,🔥⭐670-0782621秀乙,,https://docs.google.com/document/d/1_dSOpL-9hGVxMWhRYl7pZZOpiCuzqHpie2zoA26iXTA/edit?usp=sharing
913,2025/7/26（週六） 00:31,00:31,378,378-0489775凱特,七月小作文-新盛力4931,https://drive.google.com/file/d/1JIzE3BZW6Ymfxv5JWoQ95sHKI2EP3jc3/view
914,2025/7/26（週六） 09:44,09:44,626,626-9800005rich,FIGMA(美股尚未掛牌 預計下週左右),https://docs.google.com/document/d/1wHLAD4eU1vk0aQThXF7K5JCJ367FgKhq/edit?usp=drive_link&ouid=116363410657624684517&rtpof=true&sd=true
915,2025/7/26（週六） 09:44,09:44,646,646-0760423林,,https://www.youtube.com/watch?v=YVnp7AmQi9I
916,2025/7/26（週六） 12:11,12:11,668,668-0780076jackychen,七月小作文-泓德能源6873,https://docs.google.com/document/d/1BIYxXIAH_eT8pJGlZ2TOKuxWeq0vrDhQt7or-FgUtp0/edit?usp=sharing
917,2025/7/26（週六） 14:15,14:15,403,403-0511148 布萊恩,七月小作文 德州儀器 TXN Q2'25 update,https://drive.google.com/file/d/11Z2YFjB9_vXPEQbjNVRMXjQDHWQYKQ_J/view?usp=drive_link
918,2025/7/26（週六） 21:15,21:15,527,527-0726894耀,7月小作文3-博智 (8155)CB策略,https://docs.google.com/document/d/10PJD24XejoINIWqePJ2E73Lv1yNod-Bk/edit#heading=h.9v7w2ik2ydvx
919,2025/7/26（週六） 22:54,22:54,375,375-0488831財經百寶袋,7月小作文-艾斯摩爾（ASML),https://drive.google.com/file/d/1Mgdar01hjCnE7ouMn-VTfPaJLhRpjsTw/view?usp=drivesdk
920,2025/7/27（週日） 00:27,00:27,660,660-0769589聾五,,https://docs.google.com/document/d/1HSCj4abPAy5j4nYPsRFhnlpwVY-baqnTKIIEcJxZVZY/edit?usp=drivesdk
921,2025/7/27（週日） 00:43,00:43,438,438-0549592 Ono,,https://docs.google.com/document/d/1LVGry2vRr3zXri1otyEYQTXLJJjoxXNQqIfGD_pHEis/edit?usp=sharing
922,2025/7/27（週日） 00:52,00:52,659,659-0773876眼睛畫XX,7-2小作文 TPK,https://drive.google.com/file/d/15j_cNRxV_OgK4dEhOZqDHDmlN7lHWqr0/view?usp=drive_link
923,2025/7/27（週日） 01:38,01:38,560,560-0741251 強尼,7月小作文 標的:Figma（FIG）7/31掛牌上市,https://docs.google.com/document/d/1UaYxjMgiLSoWL7FB4q8ll60t-dpXz2KBtn9icLbskEg/edit?usp=sharing
924,2025/7/27（週日） 12:26,12:26,399,399-0507288 Kim Chen,7月小作文-6191 精成科,https://docs.google.com/document/d/1WSZ5r9pClVQ1vHy9yUaAMo7yNmA5sp_i/edit?usp=sharing&ouid=101924550352225612878&rtpof=true&sd=true
925,2025/7/27（週日） 14:00,14:00,485,485-0530080克里斯,7月小作文-8422 可寧衛,https://docs.google.com/document/d/1OiErLiALcIy711xGXJc2v4-DqN52mPRT/edit?usp=drivesdk&ouid=116098567997374387789&rtpof=true&sd=true
926,2025/7/27（週日） 14:02,14:02,451,451-0634041阿山,7月小作文 - Mimi 產業報告：當非 AI 半導體族群漲翻天後，下一波接棒/佈局的半導體族群是什麼 - 文章重點整理,https://docs.google.com/document/d/16u7E_R53HZHf2KLyXMQZkH48I384qSAu/edit?usp=drive_link&ouid=117180024349907731538&rtpof=true&sd=true
927,2025/7/27（週日） 14:07,14:07,499,499-0707318 開心北極熊,7月小作文-3587閎康,https://docs.google.com/document/d/1l7nePQS5Ap0VoMMQqSmr91jK07ctNG1wdEG6YwhtMwI/edit?usp=drivesdk
928,2025/7/27（週日） 14:35,14:35,583,583-0741594迷因哥,7月小作文-1326台化,https://docs.google.com/document/d/1eHPodn5KDT0UNpYZq1gGahZnzgPen2xx65YmYh3Ydcs/edit?tab=t.0
929,2025/7/27（週日） 14:51,14:51,569,569-0741507兩津腿庫,7月小作文_GEV,https://docs.google.com/document/d/1qwVoK6j7JIM_3vGKRHhRV-yugUvnA-CyzMaIdfJaysw/edit?tab=t.0
930,2025/7/27（週日） 15:22,15:22,577,577-0741727Silence張震,8月小作文_尚凡國際、大研生醫,https://www.dropbox.com/scl/fi/tpepz2qicmcf1n6egtpgh/.pdf?rlkey=55y7g7ibel6l7lslfbk6dkqtw&st=qog30tlo&dl=0
931,2025/7/27（週日） 17:12,17:12,610,610-0750365淳,七月小作文,https://docs.google.com/document/d/14JYSXTAS9ll91B4ZUGWI-Cn2hGLudUPxXI6ggURUmeE/edit?usp=drivesdk
932,2025/7/27（週日） 19:29,19:29,434,434-0547510菲獅,7月小作文-國巨2327,https://docs.google.com/document/d/1B-vJuq_GF9zuNqrxUEYjofaH86DJHc1nERM_BieYTM8/edit?tab=t.0
933,2025/7/27（週日） 20:51,20:51,421,421-0299033青蛙狼,,https://docs.google.com/document/d/1-OeWOZfZ8-KQb2-S-QhfthC7k-UPb4KofyzmLiGT17Y/edit?usp=drivesdk
934,2025/7/27（週日） 21:16,21:16,513,513-0727822 Loui,七月小作文：台指期下週規劃分享,https://drive.google.com/file/d/17a-ttjh7t0L5wu9xZSjjnSQN0l1GunwG/view?usp=drive_link
935,2025/7/27（週日） 21:24,21:24,626,626-9800005rich,3131弘塑  弘塑二競拍剛結束成交明細中大張數且價格高的不少,https://docs.google.com/document/d/1WZ1plksZhWF9NhRtIXciLTAovnlaSG84/edit?usp=drive_link&ouid=116363410657624684517&rtpof=true&sd=true
936,2025/7/27（週日） 21:31,21:31,606,606-0750640麻糬ioi,7月小作文-3702大聯大,https://docs.google.com/document/d/1fZ0Fb7oWZ4L5KkagrW6ewmyCYWquyUFko_--GbZS4dM/edit?tab=t.85k6rrf8s9ic
937,2025/7/27（週日） 22:08,22:08,620,620-0752871 YH Lin,7月小作文_以期貨常用短沖技法套用至股票小波段操作演示-台郡案例,https://drive.google.com/file/d/1QfSv7369eujLNujG5BWzcRvacbevvnkA/view?usp=sharing
938,2025/7/27（週日） 22:34,22:34,651,651-0741170三毛,7月小作文：6139亞翔,https://drive.google.com/file/d/14q9d_JktGoAFd43aXpquaAtwAgWKE4GZ/view?usp=drive_link
939,2025/7/27（週日） 22:36,22:36,209,209-0394462 馬奎爾,小作文-台新辛特2887I,https://drive.google.com/file/d/1kHIjis-5fQ-ISrotVGA9vgISxiFmzgva/view?usp=drive_link
940,2025/7/27（週日） 22:49,22:49,601,601-0743220邦邦,七月小作文：騰輝電子-KY(6672),https://docs.google.com/document/d/1ftRjOGQPd1-TQZCWVsWeznQ5EiH86aBG8VtqkucSFP0/edit?tab=t.0
941,2025/7/27（週日） 23:01,23:01,484,484-0401708 YWL,7月小作文: 國化 1713，潛在母憑子貴且兼顧資產處分利多,https://drive.google.com/file/d/1oDJvg19qKGgQuMY2ovqiE7V1laXNqrf5/view?usp=sharing
942,2025/7/28（週一） 00:58,00:58,408,408-0212997 賞星星,7月小作文 4979 華星光,https://docs.google.com/document/d/1s5_hfr-Sz-HgLGqE-CMNN-1MZJ-jqQ4G/edit?usp=drivesdk&ouid=116226013342888550840&rtpof=true&sd=true
943,2025/7/28（週一） 01:08,01:08,387,387-0405856 Wesley,7月小作文 – 6125 廣運,https://docs.google.com/document/d/1P-cs_Uc2uRuSRwAAizWjozdKuGWEvlU5BXX6gJbEEPY/edit?usp=sharing
944,2025/7/28（週一） 02:13,02:13,576,576-0741743 Zack,7月小作文 天鈺科技4961,https://drive.google.com/file/d/12-wlKxFXib6R9utjbrDxAyPg_6M9nl56/view?usp=sharing
945,2025/7/28（週一） 09:55,09:55,454,454-0454292RS,3583 辛耘,https://docs.google.com/document/d/1mMAQk5a6ZbngEaukeH1KiKfxXeZ-FqlA/edit?usp=sharing&ouid=118141708314069713984&rtpof=true&sd=true
946,2025/7/28（週一） 11:18,11:18,448,448-0566151MIN KAO,七月小作文：光寶科2301,https://docs.google.com/document/d/1DCBs_ApTLXHmeQATdM-jseqKNNSc2ej-3tSFDf1-lZs/edit?usp=sharing
947,2025/7/28（週一） 12:32,12:32,496,496-0720984林小白,七月小作文: 輝哥期權心得,https://docs.google.com/document/d/1YIjln-D7isSxFCis3ZL4eFrTC36vC2Es3VrXobEh_tU/edit?tab=t.0
948,2025/7/28（週一） 14:39,14:39,502,⚡⭐502-0724579 Cowboy,七月小作文之2-個股期大行情策略,https://drive.google.com/file/d/1EdkzrODASzy04TQxDhTYhLpSg62_X0Fl/view?usp=drive_link
949,2025/7/28（週一） 14:58,14:58,672,672-0432997lan,七月小作文-鼎炫 ky 8499,https://drive.google.com/file/d/1hSkJEmb95vCX_7gucdA7Cxx_htVKBONo/view?usp=drivesdk
950,2025/7/28（週一） 17:22,17:22,671,671-0787312 Hi there,七月小作文-TDG,https://docs.google.com/document/d/1hjXc6y_tJe2vBC3AR1WRyiQxJmI7OaH0Vy6e7tNQ1tY/edit?tab=t.0
951,2025/7/28（週一） 17:39,17:39,673,673-0785110特特,七月小作文-MP,https://docs.google.com/document/d/1YHZR99SBoajw0OLxLwcH5yLidvtT5pLcArEQvQasi4U/edit?usp=drive_link
952,2025/7/28（週一） 18:38,18:38,442,442-0435237Raymond,七月小作文-宜特 3289,https://docs.google.com/document/d/1lqSBePfA_4-fTI7z0kaKBt26VScy0Kj5Zn8kRsr92W0/edit?usp=sharing
953,2025/7/28（週一） 22:44,22:44,642,642-0759007查理王,七月小作文-6290 良維,https://docs.google.com/document/d/19EAnWAGmsFxE6ENc_ZhtwA-g4F2FGQhy/edit?usp=sharing&ouid=103278528203083253429&rtpof=true&sd=true
954,2025/7/29（週二） 00:21,00:21,381,381-0491048彼得森,7月小作文 - Vistra Corp. (VST),https://docs.google.com/document/d/1J4ZO4YkbQefHXUjjqTz0tp47bSOqTX_6MsWsf4tHHKk/edit?tab=t.0#heading=h.rql0cc6q93p5
955,2025/7/29（週二） 00:50,00:50,591,591-0678531AlanLin,7月小作文志強-KY,https://docs.google.com/document/d/10VBplQAJ5ntcXoqnfO4WzFrxlmBj2LEmOV6EsAbRsyA/edit?usp=drivesdk
956,2025/7/29（週二） 14:58,14:58,531,531-0606228 QD,7月小作文 中磊(5388),https://docs.google.com/document/d/1nsgI-shuzxUeSDY4iK3yYc7Ym4C0cRKZppinRlzpJbI/edit?usp=drive_link
957,2025/7/29（週二） 15:03,15:03,439,439-0529059 空格 整骨,七月小作文—Centrus Energy Corp.(LEU),https://docs.google.com/document/d/1rprWkMftSoHXMuZfMo1P2pwwXFSGtCpt/edit?usp=drivesdk&ouid=116720414754143254069&rtpof=true&sd=true
958,2025/7/29（週二） 15:28,15:28,522,522-0727110Hsin,七月小作文 - 尖點(8021)小作文,https://docs.google.com/document/d/1_whKCJNkSMYMd8D0ESN3E1-hyx8SUrd8bzjVUTAgiTE/edit?usp=drivesdk
959,2025/7/29（週二） 16:51,16:51,688,688-0756482阿奇,七月小作文-南亞1303,https://docs.google.com/document/d/1-RJo9xE3n1uqXi4z57_60EmBZN1AdxXCBrO6qnHdw6o/edit?usp=drivesdk
960,2025/7/29（週二） 18:31,18:31,557,557-0727411威力力力,七月小作文-文曄3036-公告併購後交易,https://docs.google.com/document/d/1TuzS2_WFRLvlLNoDeP6yICZ_OjPqzjeL/edit?usp=sharing&ouid=101047127970704222066&rtpof=true&sd=true
961,2025/7/29（週二） 18:48,18:48,626,626-9800005rich,3715 定穎投控,https://docs.google.com/document/d/14Hf13qmfNfoCT4dyTaTp2XGd1ow1hUh2/edit?usp=drive_link&ouid=116363410657624684517&rtpof=true&sd=true
962,2025/7/29（週二） 19:40,19:40,506,506-0723994 樂觀感恩,,https://docs.google.com/document/d/1hcds-71eN-C9oGArhLegMBp5mC5hbWBf/edit?usp=sharing&ouid=100650480530505613853&rtpof=true&sd=true
963,2025/7/29（週二） 21:01,21:01,464,464-0678146小書僮,七月小作文-漢唐2404,https://drive.google.com/file/d/1l28lmbKA3ur_BvZ3q_p2amv9DW2qEGam/view?usp=drive_link
964,2025/7/29（週二） 21:54,21:54,674,674-0786261 橘太郎,七月小作文-群翊6664,https://docs.google.com/document/d/1nkdmViulreFYPX84821P_siJ5jaQZbxYYOEC_dPfk2Q/edit?tab=t.0
965,2025/7/29（週二） 22:49,22:49,675,675-0783303只會做雞本麵加韭菜,七月小作文-NVDA 與 ASIC,https://docs.google.com/document/d/1-bdNITS1G0xOLGc2WrlE6G9EK6mfneNTFywrKzviJCs/edit?usp=drivesdk
966,2025/7/29（週二） 23:47,23:47,539,539-0727848威少,7月小作文- 7850寶泰生醫,https://docs.google.com/document/d/1Ne0g_5LeisAA_owVaJZvqKEzkzGfnyRT/edit?usp=drive_link&ouid=106402131487664706236&rtpof=true&sd=true
967,2025/7/30（週三） 00:28,00:28,390,390-0489924_Joe,七月小作文 光寶科（2301）,https://docs.google.com/document/d/1_pRq3F7XiHI7hezx5dDbNaH4yYl9MnnZ/edit?usp=drivesdk&ouid=118195642779018767860&rtpof=true&sd=true
968,2025/7/30（週三） 00:59,00:59,615,615-0396172John(小志),七月小作文 長榮（2603）-Q3旺季不旺。,https://docs.google.com/document/u/0/d/1ZfRBCm9JfRnVGeQlmvmC_lwvEOYs5sIa0hZ3AH1KQLs/mobilebasic
969,2025/7/30（週三） 01:29,01:29,611,611-0541723 鴿五郎,七月小作文  和椿(6215),https://docs.google.com/document/d/1NWdGyg4iNCP5_nh9-VvNkXRuUVSSy7Ob/edit?usp=drive_link&ouid=104588451278844838269&rtpof=true&sd=true
970,2025/7/30（週三） 14:27,14:27,675,675-0783303只會做雞本麵加韭菜,,https://docs.google.com/document/d/11iw3vwpdsSS_uBoV9xS34aGedmnPPkTo8qZcAiEo6p4/edit?usp=drivesdk
971,2025/7/30（週三） 14:58,14:58,417,417-0405649 阿賢,七月小作文-精華光學1565,https://drive.google.com/file/d/1HEG6nVpCQibMg4p5V85O4g-WSO2xVfIT/view?usp=sharing
972,2025/7/30（週三） 15:39,15:39,676,676-0782537 Taka,七月小作文-個人資金控管方法分享,https://docs.google.com/document/d/1W5jkPiC8I9YlQpdpQPVuPTW_fr99C5hxQJ2CU1AkM1w/edit?usp=drivesdk
973,2025/7/30（週三） 17:01,17:01,533,📊⭐️533-0525286 MT,7月小作文--1909 榮成,https://docs.google.com/document/d/1kFgA24XnUQlC9QXUL2zpXic12s7q2DJdxDBr_GCbqQI/edit?usp=sharing
974,2025/7/30（週三） 17:44,17:44,581,581-0721734Barney,7月小作文 - 3081 聯亞,https://docs.google.com/document/d/1PFvGZvsqshTYT_0AJnTbxVJf1R2eXuZj5e1y7savTFY/edit?usp=sharing
975,2025/7/30（週三） 19:11,19:11,665,665-0783840tony99,小作文日電紡,https://docs.google.com/document/d/1tHmHftu8Z15TwU1MY585BxUE9UHg6Ub5yozh4GQ2f6A/edit?tab=t.0
976,2025/7/30（週三） 20:40,20:40,488,488-0707486 TK,7月小作文 - 台塑集團,https://docs.google.com/document/d/1Ep1pslGBzl1ChqiYtnb9P6OoE_Vy-1sZ39-wb-5INU8/edit?usp=sharing
977,2025/7/30（週三） 21:25,21:25,500,500-0724304FOMO就剁手手,7月小作文 - 個股股期的區間交易 - 中磊,https://docs.google.com/document/d/13x8qN753cZ28qw7pJikh2kc3sx4jOJnmlj40WmSQul8/edit?usp=sharing
978,2025/7/30（週三） 22:29,22:29,544,544-0735623 星期六早上,7月小作文 - 台塑化,https://docs.google.com/document/d/1kgIschfDes04EqxNx1q0uuRr9m6_60iiREN01m5jLqs/edit?tab=t.0
979,2025/7/30（週三） 23:05,23:05,462,462-0421377 RL,7月小作文 2247 汎德,https://docs.google.com/document/d/1dev9uylbqE8Xvhd03o3XmsL8qDfUxCtaUVvGDxN5Zh0/edit?usp=sharing
980,2025/7/30（週三） 23:31,23:31,395,395-0497903 Yu,,https://docs.google.com/document/d/1i7IQtGsjpBHi_dSY4snnHuuiUD71dQmEgU33MQw6q0A/edit?usp=sharing
981,2025/7/31（週四） 01:06,01:06,519,519-0725280 Benson,7月小作文 2449 京元電,https://drive.google.com/file/d/1SrsMBWo5OF1BhzBlA984UatK3EkNxflC/view?usp=sharing
982,2025/7/31（週四） 02:41,02:41,589,589-0737566jim,七月小作文_Pico 秘密開發的新品VR/MR,https://docs.google.com/document/d/1vmqRIC60URcF6sD6Vorvddzk-v7tf2v_/edit?usp=drive_link&ouid=108336771090379463941&rtpof=true&sd=true
983,2025/7/31（週四） 09:27,09:27,013,💎⭐️013-0395953 Che Li,七月小作文 金居,https://docs.google.com/document/d/1nATYvg5EyNG0tFE6c5MsCiDj_PcNt7A2Zg-_In8ekdU/edit?usp=drivesdk
984,2025/7/31（週四） 09:39,09:39,145,145-0398992馬克,七月小作文 2376技嘉,https://docs.google.com/document/d/1MOAkokfo-aQ4XS9n_1Ohz612dH_47z9NwUmguKo1CMc/edit?usp=sharing
985,2025/7/31（週四） 10:27,10:27,430,430-0533702   從小買500,7月小作文- 菱光科技 8249,https://reurl.cc/2Q81MX
986,2025/7/31（週四） 10:37,10:37,414,414-0505439JCCC,7月份小作文-中鋼-2002,https://www.dropbox.com/scl/fi/pdsu1tlcjzb7exubdd7g3/2002-JCCC-4.docx?rlkey=sywkjvvuaqjj79hcx2kd4ameb&st=9vkcano1&dl=0
987,2025/7/31（週四） 11:01,11:01,149,149-0394491小豬哥,七月份小作文－台塑化,https://docs.google.com/document/d/1cCHibQSHUc4xeVPK_cEQoS8S_syB_H9k/edit?usp=share_link&ouid=102217930404666154665&rtpof=true&sd=true
988,2025/7/31（週四） 16:40,16:40,515,515-0725565ycc,七月份小作文－中視,https://docs.google.com/document/d/1V9LyygbfAZZFrwCERUO47X6evcQfj4Q7_qfVnN4VNI8/edit?usp=sharing
989,2025/7/31（週四） 17:23,17:23,582,582-0741280 RL,七月小作文-富喬1815,https://docs.google.com/document/d/1odttygCwtSjhP0aZLnw8oMT4YUR8-rM8/edit
990,2025/7/31（週四） 17:38,17:38,551,⚡️⭐️551-0689779QQ,七月小作文-3596 智易,https://docs.google.com/document/d/1D3rPW5RqHB3W2Y6cRqpMrngUhuD2nVSIE7ZluheGElw/edit?tab=t.0
991,2025/7/31（週四） 18:05,18:05,573,573-0741497快樂寶貝,七月份小作文- 7747 昕奇雲端,https://docs.google.com/document/d/1l2I-05X11mUyTD_BgANhP6WEUmnYlHUHMwuFAwBVFRs/edit?usp=sharing
992,2025/7/31（週四） 18:39,18:39,538,538-0736538 ㄟ死笑笑笑,七月份小作文- 國巨 2327,https://drive.google.com/file/d/129eIT5qIh5hagK1qNmbwnaBfXvGOgjge/view?usp=sharing
993,2025/7/31（週四） 18:43,18:43,489,489-0678971Wade,七月份小作文-士電,https://docs.google.com/document/d/1-a8i-vk_afHBHwyD1141LFRTzNC25QpGbl_uS9iCw1Q/edit?tab=t.0
994,2025/7/31（週四） 20:41,20:41,623,623-0752473bad,七月小作文 - 家登 3680,https://docs.google.com/document/d/1l0F2ijTOZRxa28naDSdrPvG0GcanjplLltJB-y6JfCU/
995,2025/7/31（週四） 21:02,21:02,470,470-0529994承承,七月小作文 - 欣興 3037,https://docs.google.com/document/d/1y_p9-t39r_fwx4mvgrHiOfonIIH45HWy/edit?usp=sharing&ouid=106380519427054374241&rtpof=true&sd=true
996,2025/7/31（週四） 21:19,21:19,422,422-0502966-thomasH,2507小作文5388中磊,https://docs.google.com/document/d/1go-0L7R-QyucOX8rya7QPDhoGI4ekOV1DERLgdAOJRU/edit?usp=sharing
997,2025/7/31（週四） 21:22,21:22,571,571-0727961小P,,https://drive.google.com/file/d/1BUd30UIduV17u-swhmg8tmnabW7Ccxgd/view?usp=sharing
998,2025/7/31（週四） 21:45,21:45,597,597-0735283霹靂不看布袋戲,7月小作文-1301台塑,https://docs.google.com/document/d/1jiM5cYHDBdtP-8aKV8GndeYqvGOWqpTG/edit?usp=drivesdk&ouid=106678726823243559533&rtpof=true&sd=true
999,2025/7/31（週四） 21:46,21:46,587,587-0736295寫程式的工程師,七月小作文 啟碁 (6285),https://docs.google.com/document/d/1H-5MBNLCNImd92zccgLpQkTsxmA4A49v3w48AEh7UtM/edit?tab=t.0
1000,2025/7/31（週四） 21:56,21:56,508,508-0324115 Sean,,https://docs.google.com/document/d/1jukavP_jpKP7l3YNlAJEVvzFCeWPd66xvj1gjX3xhqc/edit?tab=t.0
1001,2025/7/31（週四） 22:04,22:04,450,450-0424183 Seal,七月小作文- 3030 德律,https://docs.google.com/document/d/1Sn6SI47dGk_NsInq_fHTUmoECYTRSilpWtREAKo2-_U/edit?tab=t.0
1002,2025/7/31（週四） 22:36,22:36,137,137-0396703 Kura,7月小作文-twlo,https://docs.google.com/document/d/1vEpfIrdxNSkf9muJpFmf9EgL2IXdnHLedfIq9JdzqfQ/edit?tab=t.0
1003,2025/7/31（週四） 22:42,22:42,570,570-0742289努力就會成功,七月小作文-6739竹陞科技,https://docs.google.com/document/d/1b2pmW-hx47I9_Ee540bdFlM-jQ-vgy1N/edit?usp=drive_link&ouid=110464693689209888577&rtpof=true&sd=true
1004,2025/7/31（週四） 22:58,22:58,433,433-0519807 股市破壞者,七月小作文-材料*-KY 4763,https://docs.google.com/document/d/1MM2t6bOlP9RsA2gZLJ2Y5Ia8NlQLKiSt/edit?usp=sharing&ouid=113745668361309012287&rtpof=true&sd=true
1005,2025/7/31（週四） 23:17,23:17,518,518-0501022豆腐,7月小作文-台特化,https://docs.google.com/document/d/e/2PACX-1vRAFpzLtO1VDYSUS_v9cdmls7pgtRQ37yGqjC-4A9WeteFO3NwLnrXMLjEQ4h0KV9ld3qPkrbeULut7/pub
1006,2025/7/31（週四） 23:36,23:36,587,587-0736295寫程式的工程師,七月小作文 「用波段剛起漲的股票做當沖 - 以1815為例」,https://docs.google.com/document/d/1Q60A8TvXm-oSFI4PH3OyK3cG1sF75wjNlkVNkW5bu28/edit?tab=t.0
1007,2025/7/31（週四） 23:37,23:37,472,472-0217714     五條,七月小作文高力8996,https://likeable-manx-e71.notion.site/8996-241dde723f2c80eaa0e2d01b667807a5?source=copy_link
1008,2025/7/31（週四） 23:47,23:47,628,628-0189541 Louis,7月 小作文  OKLO 進階分析,https://docs.google.com/document/d/1yjNI-urUOx0ZDWlqrzN36G0BryMYNJL9J7GhEz3JEA4/edit?usp=drive_link
1009,2025/7/31（週四） 23:54,23:54,579,579-0740320Jack,七月小作文   1605 華新技術面分析,https://docs.google.com/document/d/19GXO7rZ3-w2zbL4fy1pMeeiZVL0yyp3x/edit?usp=drive_link&ouid=118019031832096772647&rtpof=true&sd=true
1010,2025/7/31（週四） 23:59,23:59,550,⚡️⭐️550-0488718一度贊,七月小作文 1815富喬,https://docs.google.com/document/d/1sJF258pWhQXy4xtOWmaww93kr25KstSy39rLRriSj4w/edit?usp=drivesdk
1011,2025/8/1（週五） 00:13,00:13,013,💎⭐️013-0395953 Che Li,,https://docs.google.com/document/d/1yZQNkDBVIjY0XMFaNK-9JDBU_v6kt2xWuTyQ7NauckE/edit?usp=drivesdk
1012,2025/8/1（週五） 00:31,00:31,537,537-0525273momoju,7月小作文 - 可轉債策略,https://momoju.notion.site/7-24166c95fe8d8033b448dd0fd1985d0d?source=copy_link
1013,2025/8/1（週五） 00:31,00:31,627,627-0512286 十圓,7月小作文：NVMI,https://docs.google.com/document/d/1QLtxWnSeAXQncPjh1d_80-rRzFjUfgKdSC9gzFjWFaQ/edit?usp=sharing
1014,2025/8/1（週五） 00:52,00:52,548,548-0737184 Ryan,7月小作文 3706 神達,https://1drv.ms/w/c/ad3e6cf15fb884b7/EfPpkGvcqkNKiE-xcLrwmHkBC8UIuUvBsbC141WhKt6n5w?e=osCA5l
1015,2025/8/1（週五） 01:20,01:20,445,💎🌀⭐445-0556394 Kai,,https://docs.google.com/document/d/1ZBdxzZMcox8-NKMqDfFws12PQNHFgTizPR54dpJxmIE/edit?usp=drivesdk
1016,2025/8/1（週五） 01:46,01:46,511,511-0558402 James建智,7月小作文-金色三麥7757,https://docs.google.com/document/d/1VsKoFRzozYesy0IM459wI6e-Zp6HDJM_/edit?usp=sharing&ouid=107833663147907152196&rtpof=true&sd=true
1017,2025/8/1（週五） 04:54,04:54,553,553-0720939東東,,https://docs.google.com/document/d/183l4FBNijHx9F05XglXCfllYK4gW6XH8Pf1I3fqpbC0/edit?usp=sharing
1018,2025/8/1（週五） 09:31,09:31,646,646-0760423林,,https://docs.google.com/document/d/1Qivkx6docR1ArBlR2KNz2pUs94Le2fwBXQg02FyFqq8/edit?usp=sharing
1019,2025/8/1（週五） 10:30,10:30,536,536-0723583SC,8月小作文 定穎投,https://drive.google.com/file/d/1FY0wI9Avy1cC-xHoK3ndlw8adkGzaUtb/view?usp=sharing
1020,2025/8/1（週五） 11:06,11:06,503,503-0551726千千,八月小作文-1524耿鼎,https://docs.google.com/document/d/17b8V66qA1TrAiGXOleO5XxHfo8Wfx3iFphjzJznSCok/edit?usp=sharing
1021,2025/8/1（週五） 13:04,13:04,427,427-0534073 ant🐜,7月小作文：志強-KY  6768,https://docs.google.com/document/d/18TKAgBUIJCKwK7dHQ1E5qgY9fYxVyw6AL1-4hx5J3qI/edit?usp=sharing
1022,2025/8/1（週五） 13:50,13:50,482,482-0696571 VT,七月小作文 SYM,https://docs.google.com/document/d/18UgWAvBG4_PmolTesduunDh5vEjRfKIJimEushAVeM4/edit?usp=sharing
1023,2025/8/1（週五） 13:51,13:51,482,482-0696571 VT,八月小作文 GRAB,https://docs.google.com/document/d/1BjMxjZbht8wL0Fe3lJUlvIscq8ZObsWBvEioLoQGrcs/edit?usp=sharing
1024,2025/8/1（週五） 15:47,15:47,603,603-0749046高福福,七月小作文 -,https://drive.google.com/file/d/1L2qMBkzelavHM8Ic5JRWAyx3aR3kTI0n/view?usp=sharing
1025,2025/8/1（週五） 17:13,17:13,447,447-0429654 Samuel,七月小作文-北海道旅遊分享,https://docs.google.com/document/d/1A8gDLlcXPopJ8VpWYKFtEV9F1jNksQ9IZRYHhfZiTRQ/edit?usp=sharing
1026,2025/8/1（週五） 17:18,17:18,675,675-0783303只會做雞本麵加韭菜,八月小作文。META Q2電話會議重點,https://docs.google.com/document/d/1gU2fjUiFO7nBWO6fpIJnkFQYzPdBaG59xDyeIb_upVw/edit?usp=drivesdk
1027,2025/8/1（週五） 21:10,21:10,491,491-0717793白交易,6月份小作文 晟田,https://docs.google.com/document/d/1Y5eTLMYMlOKLx7UdcPRHC6TI5E7q6cQV/edit?usp=drivesdk&ouid=102208883993501817284&rtpof=true&sd=true
1028,2025/8/1（週五） 21:31,21:31,633,633-0547293Link,8月小作文 必應6625,https://drive.google.com/file/d/1WLuYvq-wtQNUnbm3XwUP7zb7mCS6E2C6/view?usp=drivesdk
1029,2025/8/1（週五） 22:01,22:01,477,477-0696872過兒,八月小作文樺漢6414,https://docs.google.com/document/d/e/2PACX-1vR56PQ0NawKFVeigfuIRXbQFN9fUzRvA9B1pI0qKj-_xKVXZiX95UjCbTLBYUsbs9WjgEpvGQnKSn3i/pub
1030,2025/8/1（週五） 23:09,23:09,046,046-0406114 JOY88,7月份小作文-寶雅 (5904) 付清節概念股操作策略,https://docs.google.com/document/d/1KJ9a2N8-9ybpJV_60cTG7uEfTjhVqkm8x1MFrrrTwGE/edit?usp=sharing
1031,2025/8/1（週五） 23:50,23:50,672,672-0432997lan,8月小作文 3019亞光,https://drive.google.com/file/d/1RJzR6su8AbLYpxf63n5G-_666NQnjwLr/view?usp=drivesdk
1032,2025/8/1（週五） 23:52,23:52,400,400-0430135 公園居民汪喵,8月小作文 華擎-3515,https://docs.google.com/document/d/1-2dnNqJAz5ymRRUS37SnSDOa4o7GbMnD/edit
1033,2025/8/1（週五） 23:56,23:56,481,481-0703493 大黑菊,,https://docs.google.com/document/d/1arMQ1a0gjkGClziAHfO4yK_Xnyd3PTW_/edit?usp=sharing&ouid=111827764144515851907&rtpof=true&sd=true
1034,2025/8/2（週六） 00:09,00:09,299,299-0397647咪蛋,補一下～7月小作文～訂房薅羊毛3.0~,https://docs.google.com/document/d/11XJlvZpwwo9ke8TYcrqqBDf2eaiOEGBVf7ogOcgOybM/edit?tab=t.0#heading=h.at9n45js3lvz
1035,2025/8/2（週六） 10:28,10:28,545,545-0735474阿隆,（補）七月小作文-5371中光電,https://drive.google.com/file/d/1ormSR-vUYPO8uGNqn5_P3EHBDw4x61Kw/view?usp=drive_link
1036,2025/8/2（週六） 17:55,17:55,012,012-0403340漢堡,八月小作文,https://docs.google.com/document/d/1WdPGBS_06LGkwdTy17QfiXAVf1BrJG9YdT9bgJO-fNU/edit?usp=sharing
1037,2025/8/2（週六） 20:36,20:36,637,637-0437604 julian霖,七月小作文-弘塑3131,https://docs.google.com/document/d/1dE9-ZDh1kOG1Bb1eSGeczSkBtX4D3v6hb2glzRbruHM/edit?usp=sharing
1038,2025/8/2（週六） 21:23,21:23,563,563-0554668社工日常,8月小作文-股癌策略整理,https://socialworkerdaily.com/strategy-of-gooaye/
1039,2025/8/2（週六） 22:02,22:02,122,122-0396237JL,8月小作文-輝哥7/19講座,https://docs.google.com/document/d/1P3hZeXEWVVvjG1Y_FGAdAt-gnBRs-E4V-OvoGAUPqDY/edit?usp=drive_link
1040,2025/8/2（週六） 22:14,22:14,571,571-0727961小P,,https://drive.google.com/file/d/1JlYgumWikDq4raDr-ni7iPf2QFMAQ6LF/view?usp=sharing
1041,2025/8/2（週六） 23:48,23:48,459,459-0677503登大狼小海龜拔拔,七月小作文＿晶彩科3535,https://docs.google.com/document/d/15_U6D0bivqFT9_okn5l3RVzOLgIVL-_e/edit?usp=drive_link&ouid=113713286884009637132&rtpof=true&sd=true
1042,2025/8/3（週日） 07:27,07:27,454,454-0454292RS,5209 新鼎 後續追蹤,https://docs.google.com/document/d/1OJiAy5Z0mG5MYgIpCBQy_0Qa3MCcTjRA/edit?usp=sharing&ouid=118141708314069713984&rtpof=true&sd=true
1043,2025/8/3（週日） 11:14,11:14,616,616-0749800 吉拉,七月小作文補交,https://docs.google.com/document/d/18m8u0_b831z91e03Zo-5RzYQXHAKEJzkh8mrn15dCDk/edit?usp=drivesdk
1044,2025/8/3（週日） 14:22,14:22,592,592-0395380YH,七月小作文補交,https://docs.google.com/document/d/15cUh8uwPhZ158gRFePVdTj1_wgA9xv-hcrS1sef-09k/edit?usp=sharing
1045,2025/8/3（週日） 14:49,14:49,563,563-0554668社工日常,我回去翻我的儲存紀錄，找到了298集，應該是這集,https://yuaninvest.blog/gooayeep298/
1046,2025/8/3（週日） 16:24,16:24,630,630-0755577 十四,八月小作文_日月光投控,https://reurl.cc/VW8y3Y
1047,2025/8/3（週日） 16:52,16:52,675,675-0783303只會做雞本麵加韭菜,ServiceNow Q2FY25 重點,https://docs.google.com/document/d/11pUWjUqR27p1px1MmV0ktHseIwFVDxCdv84fS_KJe10/edit?usp=drivesdk
1048,2025/8/3（週日） 20:49,20:49,379,379-0489759 迪諾,七月小作文補交 透過 TV 統計小分享,https://docs.google.com/document/d/1CrtHrBQ_vZKUKlqEKSdHCgbkXdaaausVUYG3Nytv3Ss/edit?usp=sharing
1049,2025/8/3（週日） 22:33,22:33,382,382-0489733Liou,,https://docs.google.com/document/d/1pphK6l6DuxzwWj5mGHE4T6R9xGimdF67/edit?usp=sharing&ouid=111696808857150992772&rtpof=true&sd=true
1050,2025/8/3（週日） 23:18,23:18,560,560-0741251 強尼,8月小作文 eToro-負餘額保護(非業配),https://docs.google.com/document/d/1fGDolE1Q0XbZgIyw7ag0lARCC7guHzFGfoNbcwm-RsE/edit?usp=sharing
1051,2025/8/3（週日） 23:36,23:36,504,504-0718103Leo,七月小作文補交可寧衛（8422.TT）,https://docs.google.com/document/d/1lB14j1AAYFYQe852H3D1UT4Dywe2u1co/edit?usp=sharing&ouid=116221624610756520924&rtpof=true&sd=true
1052,2025/8/3（週日） 23:47,23:47,572,572-0739946韭韭窩,8月小作文-松上(6156),https://docs.google.com/document/d/11t6tSeAFd13ZNDTt88fcRoS1D9SdK2POn5nEk8-umZw/edit?usp=drivesdk
1053,2025/8/3（週日） 23:55,23:55,653,653-0764005下五沒有事做的小希,2025 七月小作文 what is mini-Trading Preface,https://docs.google.com/document/d/1UizKJQ24CNwJvPl_oAJe3LXI6U2maqlz/edit?usp=drive_link&ouid=102742943529460054148&rtpof=true&sd=true
1054,2025/8/4（週一） 00:12,00:12,183,183-0401766 shiang,八月小作文 南俊國際6584,https://docs.google.com/document/d/1n7cDl2izBZm6Eled3BBvL4ybvt8aVqdo/edit?usp=sharing&ouid=114709552569798262796&rtpof=true&sd=true
1055,2025/8/4（週一） 02:27,02:27,605,605-0735461小蘋果,補 7月小作文 宏易(4530),https://docs.google.com/document/d/1olwRIxxbq-A-5lL4rAWE-1Al8Fl-DOvXCC-sF0bUEIw/edit?usp=sharing
1056,2025/8/4（週一） 07:00,07:00,652,652-0760258STwind,8月小作文 東科-KY 5225,https://docs.google.com/document/d/1hg2s2-19hePZr902qLI_AQYjqM9b12_o/edit?usp=drive_link&ouid=110495011898721488726&rtpof=true&sd=true
1057,2025/8/4（週一） 08:38,08:38,535,535-0724553空格 王玉1個億,七月小作文-中華電信2412,https://docs.google.com/document/d/10BxlQYozuPbPXdn7nlIHljrC-pyQUl84/edit?usp=drivesdk&ouid=108855551660568832776&rtpof=true&sd=true
1058,2025/8/4（週一） 10:17,10:17,069,069-0401669Crswin,8月小作文-大井泵浦6982,https://docs.google.com/document/d/1ANt5ovIfeD3m5Y0kRzhgb9TtviIzrWwo1tnZRUKVh7k/edit?tab=t.0
1059,2025/8/4（週一） 10:49,10:49,658,658-0775188馬來貘,8月小作文-提高現金收益,https://docs.google.com/document/d/10Rs0GUqrGgijPm6UK0Sllb6D5v_jB5KRWCgkEkI_MRc/edit?usp=drivesdk
1060,2025/8/4（週一） 11:15,11:15,517,517-0726218HK,7月小作文（補）-揚博（2493）,https://docs.google.com/document/d/1f6GXsOwB9_m3VPVTrZRRYXk2gYsFrMzUfYKrcEWdK8M/edit?usp=drivesdk
1061,2025/8/4（週一） 13:22,13:22,086,086-0397919-ya,小作文,https://drive.google.com/file/d/1iSo0Wj6t1rKBsFujrfG_gXTqwQzQ-Y4L/view?usp=drivesdk
1062,2025/8/4（週一） 15:27,15:27,675,675-0783303只會做雞本麵加韭菜,NET Q2FY25,https://docs.google.com/document/d/12lbhRzF1bz80eA5lfwk6_6HRxpdYVb2ONEZKdS5Y1P4/edit?usp=drivesdk
1063,2025/8/4（週一） 20:46,20:46,571,571-0727961小P,,https://drive.google.com/file/d/18fHDsZ8jEIT_rVXAjhsa4963KkovkMEO/view?usp=sharing
1064,2025/8/4（週一） 20:48,20:48,571,571-0727961小P,,https://drive.google.com/file/d/1QK--3gre2AV8psurgaE_OLSkGNXzcQRW/view?usp=sharing
1065,2025/8/4（週一） 22:23,22:23,473,473-0680338下面一位,7月小作文-宏全9939,https://docs.google.com/document/d/1JOz5lQSd8qhGIzO1KV29ZxrKVcMTVxSuTuSAuDkAtYM/edit?usp=sharing
1066,2025/8/4（週一） 22:32,22:32,347,347-0454315  dale123,台指放空規劃分享,https://docs.google.com/document/d/1ZHXbZRUvAr7VmOe5oPvmvuD4uEL9OYz3UpFVVij4hiM/edit?usp=sharing
1067,2025/8/5（週二） 00:36,00:36,407,407-0516211史蛋,7月小作文-尖點(8021),https://docs.google.com/document/d/1j-TyqopIV4fMnmrLj1BCTKHnaebvN45Tz4SsiCa2kVo/edit?usp=sharing
1068,2025/8/5（週二） 02:43,02:43,529,529-0729189 書蟲,八月小作文-榮運2607,https://drive.google.com/file/d/1TIywOQnXG96_VuE2hI-wpJ1Mf_frdZYt/view?usp=sharing
1069,2025/8/5（週二） 09:03,09:03,378,378-0489775凱特,八月小作文-普發一萬策略,https://drive.google.com/file/d/1Nn1Ww_i1fAHSCsTxmHZeGoYAzZKluVTp/view
1070,2025/8/5（週二） 09:13,09:13,675,675-0783303只會做雞本麵加韭菜,CFLT Q2FY25 電話會議重點。,https://docs.google.com/document/d/1SxOM_PuSlEp67_j3GFQQjzWIDF46xVYjFu0XeJ_9_qQ/edit?usp=drivesdk
1071,2025/8/5（週二） 10:15,10:15,289,289-0394556/Agogo,更新目前狀況,https://docs.google.com/document/d/1-A7PcnptmdDNqENBo31kYg5lx6LnYd-P8l_fInm-_i4/edit?usp=drivesdk
1072,2025/8/5（週二） 11:03,11:03,289,289-0394556/Agogo,美國國家策略 -稀土政策,https://docs.google.com/document/d/10rnoVInP3DWXqDx_i0awSpcsDTEHGw1vNFkn4iQMsqU/edit?usp=drivesdk
1073,2025/8/5（週二） 15:19,15:19,383,383-0488695 三寶,七月小作文  -  光寶科2301,https://docs.google.com/document/d/1Yk44VyR5rBSvaHYNkBH6N3jbS1tihLg4/edit?usp=drive_link&ouid=105443695704290227678&rtpof=true&sd=true
1074,2025/8/5（週二） 15:40,15:40,580,580-0743628失業的交易人,八月小作文-飛宏 2457,https://reurl.cc/XQEKej
1075,2025/8/5（週二） 16:14,16:14,675,675-0783303只會做雞本麵加韭菜,CFLT Q2FY25 電話會議重點。最後有更新我的淺見😵‍💫,https://docs.google.com/document/d/1SxOM_PuSlEp67_j3GFQQjzWIDF46xVYjFu0XeJ_9_qQ/edit?usp=drivesdk
1076,2025/8/5（週二） 16:32,16:32,599,599-0749350小季,7月小作文,https://docs.google.com/document/d/1Srokeavz-sOZpOaWZ7X_YcmhmskhtyCx/edit?usp=sharing&ouid=117486004754482198597&rtpof=true&sd=true
1077,2025/8/5（週二） 21:15,21:15,571,571-0727961小P,,https://drive.google.com/file/d/1DWB0knmzQyhojc-ZCHXvQ89xu2nXTwWG/view?usp=sharing
1078,2025/8/5（週二） 22:30,22:30,231,231-0401287 Steven,8月小作文 看新聞買股票,https://docs.google.com/document/d/1dUlRjDY-qsFwbTqNIpM2a3edbSAfyUxwaSBkT9r9IoE/edit?tab=t.0
1079,2025/8/5（週二） 23:02,23:02,618,618-0752428MMRT,7月小作文(補) 台美股大盤,https://docs.google.com/document/d/1M6ShciuRFZNHd1NniOrfYIr7CnljaFOV44D9e98MPkA/edit?usp=sharing
1080,2025/8/5（週二） 23:11,23:11,424,424-0528115guidex,7月小作文(補) 3030 德律簡介與2025股東會QA,https://drive.google.com/file/d/1gDUAPlLdQFM5yVLqycRqRxBgQB5TneNn/view?usp=sharing
1081,2025/8/5（週二） 23:47,23:47,498,498-0717418 修,（補） 7月小作文 RGTI之簡略概要及個人佈局想法,https://drive.google.com/file/d/1ntWyQEmu5KD070EdlmlAa2W7VM8NycHh/view?usp=drivesdk
1082,2025/8/5（週二） 23:59,23:59,498,498-0717418 修,8月小作文 論QLD之長期投資耗損成本及操作配置想法,https://drive.google.com/file/d/1gnwF3ytCb7SMJjU20-B0KS9J1sw3ZwHm/view?usp=drivesdk
1083,2025/8/6（週三） 15:10,15:10,539,539-0727848威少,8月小作文- 總經數據整理&想法,https://docs.google.com/file/d/1R5rn_YR-P0M0M-TBTiCISR7K8xROoo_T/edit?usp=docslist_api&filetype=msword
1084,2025/8/6（週三） 19:44,19:44,647,🔥💎⭐647-0727712 竹北良,八月小作文 202508(一)-UNH,https://docs.google.com/document/d/1yLS_-Fa5sW8LPM7Sgpclxv5tw7CVVDtyJh74yoahyWU/edit?usp=sharing
1085,2025/8/7（週四） 08:35,08:35,571,571-0727961小P,,https://drive.google.com/file/d/1iiWuEz9qSiqTLkktegFWxU8abuhGh0JU/view?usp=sharing
1086,2025/8/7（週四） 08:36,08:36,571,571-0727961小P,,https://drive.google.com/file/d/1_OhGZ57W9vpoZvDRFABjFOOv8Ea497wI/view?usp=sharing
1087,2025/8/7（週四） 20:29,20:29,586,586-9800001安煦,八月小作文-綠葉Bitfinex借款利率,https://docs.google.com/document/d/1bQwmiwKrdZdhnxRfStrhhXOrb1sjHHb4InLiPAB8pWM/edit?tab=t.0
1088,2025/8/7（週四） 22:03,22:03,678,678-0782553 Wei Ming,八月小作文-宏齊6168,https://drive.google.com/drive/folders/1DhlWuo0iErVLukcsktqF0RIR8mVIgS8h
1089,2025/8/7（週四） 23:54,23:54,466,466-0431600見龍於田,七月小作文-CRWV(補),https://docs.google.com/document/d/1h9-IF173iwiD5tA8Vlhxo2Dk60ly2boYsxjfP390WJk/edit?usp=sharing
1090,2025/8/8（週五） 00:11,00:11,659,659-0773876眼睛畫XX,8月小作文 聯穎3550,https://drive.google.com/file/d/1eqnVYZdXFVw8nRkiBzrXbaEy7iFndv-Z/view?usp=drive_link
1091,2025/8/8（週五） 08:40,08:40,571,571-0727961小P,,https://docs.google.com/document/d/1hEDs9iFIf_JfhmTkwX1D_zOwnvPalcqHEKZLVDeoN58/edit?usp=sharing
1092,2025/8/8（週五） 09:48,09:48,679,679-0785068期貨卡卡西,,https://docs.google.com/document/d/1wZlRDnvotWel-f4RvUgkoaF4BZHeqRjhxWFr582DdlE/edit?tab=t.0
1093,2025/8/8（週五） 11:04,11:04,555,💎⭐555-0739797來信,8/8小作文 劍麟,https://docs.google.com/document/d/15wszOlUfaypoxHJgUj2faDi7u3yEe2Qyduew3HMxg_0/edit?tab=t.0
1094,2025/8/8（週五） 14:37,14:37,480,480-0693299 Benson,,https://docs.google.com/presentation/d/1J6pi_V588n2ajUx525eOPPIP09db6Ddt/edit?usp=drive_link&ouid=118154091252196378446&rtpof=true&sd=true
1095,2025/8/8（週五） 15:46,15:46,675,675-0783303只會做雞本麵加韭菜,HIMS Q2FY25 重點整理和簡短看法,https://docs.google.com/document/d/13PdGdVB3nYtp8GQj_uCoEqGEq9nhMJvNFyNEA3Muo1k/edit?usp=drivesdk
1096,2025/8/8（週五） 16:50,16:50,681,681-0771836yu chen,,https://docs.google.com/document/d/11Ss77wRAFmySLdJzibV2bqkwm7xhOlHR1GIwlVUYpd8/edit?usp=drivesdk
1097,2025/8/8（週五） 16:51,16:51,682,682-0790846穩套,八月小作文-巨大9921,https://docs.google.com/document/d/1YjttukL-WyhNrRLfMAAsCpbACQ0g-O_b/edit?usp=drivesdk&ouid=115864917273302154000&rtpof=true&sd=true
1098,2025/8/8（週五） 17:49,17:49,571,571-0727961小P,,https://docs.google.com/document/d/1uQGBCatzciFH4_rsfEIx5UzNl6CmauP8EfbxNqG04OY/edit?usp=sharing
1099,2025/8/8（週五） 20:58,20:58,680,680-0784881 欸冷,八月小作文-Circle (CRCL) 和 Coinbase(COIN),https://docs.google.com/document/d/1BsQaxFoqsW6AXYr_VcPnDRY1WE_QOjITaU53lKbXrs8/edit?usp=sharing
1100,2025/8/9（週六） 01:55,01:55,475,475-0680477三明治,小作文永信3705,https://docs.google.com/document/d/1LzEZUrgsgLtd9mai7tVHE8ehTggiQMRT/edit?usp=sharing&ouid=107583198783536937751&rtpof=true&sd=true
1101,2025/8/9（週六） 01:56,01:56,475,475-0680477三明治,小作文 科妍1786,https://docs.google.com/document/d/1gMoog_y3ike6gOGviuMr6komv3MGA7HY/edit?usp=sharing&ouid=107583198783536937751&rtpof=true&sd=true
1102,2025/8/9（週六） 01:57,01:57,475,475-0680477三明治,小作文 大車隊2640,https://docs.google.com/document/d/1ie0F6kUGQx5ksvLsaCcbd0RLuZaMVBQn/edit?usp=sharing&ouid=107583198783536937751&rtpof=true&sd=true
1103,2025/8/9（週六） 02:25,02:25,248,248-0397346 Kenny,,https://docs.google.com/document/d/1DjghtOwZrgiG6aNIm5z33yR2YeFEBy9g/edit?usp=sharing&ouid=107847097418173919204&rtpof=true&sd=true
1104,2025/8/9（週六） 06:50,06:50,571,571-0727961小P,,https://drive.google.com/file/d/1Loiqrg2iFk60Q6w1vviePLeLYFHBPVCz/view?usp=sharing
1105,2025/8/9（週六） 07:06,07:06,609,609-0749949非洲巨象,八月小作文_ 達欣工 (2535),https://docs.google.com/document/d/1kHVwG59oyGBCmwYKuxyUL76JelZ3YdC7/edit?usp=sharing&ouid=101843848990126886739&rtpof=true&sd=true
1106,2025/8/9（週六） 07:49,07:49,272,272-0398086虱目魚💗,八月小作文_用即期匯率開心玩日本¥,https://docs.google.com/document/d/1cxCIteJmDD0lDBMKOPqmfMVdbSZ3Inbd/edit?usp=drive_link&ouid=102521659727590333820&rtpof=true&sd=true
1107,2025/8/9（週六） 09:23,09:23,289,289-0394556/Agogo,,https://docs.google.com/document/d/1D6sAK9FGDP9sobCY0Ff5Ylk1ChEt4ejczNZcusUD8Ho/edit?usp=drivesdk
1108,2025/8/9（週六） 10:38,10:38,632,632-0752790柚子,8月 小作文 ONDS,https://slash-swing-a80.notion.site/ONDS-24ae8e90de0080249370f5cbd8597b3c
1109,2025/8/9（週六） 14:46,14:46,494,494-0724582  ERIC,7月狼友小作文-2404漢唐,https://docs.google.com/document/d/1PWxWupMIHUUTFWHaezHVG7fTRtPVcy4AKxRmGd_e27I/edit?usp=sharing
1110,2025/8/9（週六） 16:36,16:36,683,683-0783691AIWeb3,八月小作文-聯亞光電3081,https://docs.google.com/document/d/1E74qgFnwduxBJbplT9B62YNFWFbOwHNmbER9vMzRiTw/edit?usp=drive_link
1111,2025/8/9（週六） 17:43,17:43,437,⚡️⭐ 437-0548182林大大,8月小作文 - 湧德（3689）,https://docs.google.com/document/d/1tkPXYW93RUhqh4xdVJSblwfUUQXYiOHK/edit?usp=sharing&ouid=102413103344657402164&rtpof=true&sd=true
1112,2025/8/9（週六） 20:00,20:00,630,630-0755577 十四,8月小作文_分析師教你看研究報告,https://reurl.cc/3M7649
1113,2025/8/9（週六） 20:18,20:18,688,688-0756482阿奇,8月小作文＿聯純 (6977),https://docs.google.com/document/d/1Lnc0XKlzABxVSIg64lPwnUUTOGwFAh0u9bBtrLvsNOo/edit?usp=sharing
1114,2025/8/9（週六） 20:21,20:21,664,664-0782605阿德,8月小作文-桃園航空城,https://drive.google.com/file/d/1N0LoZaahOrfUXxh3MrtOhjO1aznHKlaO/view?usp=drive_link
1115,2025/8/9（週六） 23:44,23:44,595,595-0405979Julia Lin,,https://docs.google.com/document/d/1vqqMw5n5XS8qiaUjWSeyVBeQRaMuhPji/edit?usp=sharing&ouid=111876163755521082625&rtpof=true&sd=true
1116,2025/8/10（週日） 12:12,12:12,575,575-0741277 黃金獵款,,https://drive.google.com/file/d/1J0EP4V_6s3pPPT8uwEYbE-XLzcDSDK7D/view
1117,2025/8/10（週日） 17:33,17:33,437,⚡️⭐ 437-0548182林大大,8 月小作文part2 - 台玻（1802）,https://docs.google.com/document/d/1wOMVyXsSjF_EJL_fNr_JFxnGwz4Pnb3I/edit?usp=sharing&ouid=102413103344657402164&rtpof=true&sd=true
1118,2025/8/10（週日） 21:04,21:04,381,381-0491048彼得森,八月小作文 0810交易員分享會筆記及心得隨筆,https://docs.google.com/document/d/1J4ZO4YkbQefHXUjjqTz0tp47bSOqTX_6MsWsf4tHHKk/edit?tab=t.0
1119,2025/8/11（週一） 00:03,00:03,547,547-0729532蹦蹦熊,七月小作文(補),https://docs.google.com/document/d/1OjofT0q9IUHTtRPLmDqP50iT6APnuJrh9xJ8uwrT_DA/edit?usp=sharing
1120,2025/8/11（週一） 07:38,07:38,013,💎⭐️013-0395953 Che Li,八月小作文-劍麟2228 精華版,https://docs.google.com/document/d/1-_g50ixwxuFkcOV1Wbj14B1zccVyzNp0QmthBeckN6s/edit?usp=drivesdk
1121,2025/8/11（週一） 09:58,09:58,546,546-0728449Douhua,八月小作文-毅嘉2402,https://docs.google.com/document/d/1TBOmJEaTB0okVbgiZqnrv18HL2ybTwA30DFDFsVxn8M/edit?usp=sharing
1122,2025/8/11（週一） 10:21,10:21,392,392-0426534定宏,七月小作文 （補交）,https://docs.google.com/document/d/1n-EQwil3FZ38kRSkiYxbvnlbenYaTBMa6IX1kHadjds/edit?usp=drivesdk
1123,2025/8/11（週一） 14:28,14:28,527,527-0726894耀,8月小作文，投資的當下，散戶的我該怎麼做,https://docs.google.com/document/d/1tzmqpt0xU6_0dlMV50Pl0zcsnvZOGQmv/edit?usp=drive_link&ouid=106899638007069152878&rtpof=true&sd=true
1124,2025/8/11（週一） 14:40,14:40,638,638-0361071鵝爸,8月小作文-善用交通卡鎖住現行匯率遊日本--,https://docs.google.com/document/d/1Y2PIQPJM-UG06Uh-3eKL0Er4Vqz-YdvaoppFjZOV1tk/edit?tab=t.0
1125,2025/8/11（週一） 14:59,14:59,439,439-0529059 空格 整骨,八月小作文—Materials Corp.(MP),https://docs.google.com/document/d/1llB4UqUCMrsUpZ41K0tevUJK0EP_eVzq/edit?usp=drivesdk&ouid=116720414754143254069&rtpof=true&sd=true
1126,2025/8/11（週一） 16:12,16:12,446,446-0597683   高鐵自由座,,https://docs.google.com/document/d/1biaqFngQpopOiKvaSYKhrviXDfZroHkZoDwv2FEnInY/edit?usp=sharing
1127,2025/8/11（週一） 17:53,17:53,685,685-0809847冷鴿,八月小作文-統振 6170,https://docs.google.com/document/d/17EyZTm9CkT6C7FWX4Urwzvg3VbhXEscjma1Mir0gDHY/edit?usp=drivesdk
1128,2025/8/11（週一） 23:31,23:31,502,⚡⭐502-0724579 Cowboy,8月小作文 - 8996 高力,https://drive.google.com/file/d/1mAp8X6qQAmMztq8KCSkJrDWqf5IMViyL/view?usp=sharing
1129,2025/8/12（週二） 15:40,15:40,687,687-0461939你豪弟,八月小作文-燿華 2367,https://docs.google.com/document/d/1XK2JPwLfgld6Ov3GKvnNH5ifhpX6Dsed/edit?usp=drivesdk&ouid=107276251758633899681&rtpof=true&sd=true
1130,2025/8/12（週二） 16:22,16:22,086,086-0397919-ya,本週內部買進詳情,https://drive.google.com/file/d/1H_BBRy9kpq0iE8qd3IYgaums8lR3btbz/view?usp=share_link
1131,2025/8/12（週二） 19:01,19:01,622,622-0751982 Leon,八月小作文-野村美國研發龍頭 ETF 00971,https://docs.google.com/document/d/1hdOjfZzyxOTm3dOaJXHkQxddSlphnZezkqQF8IIpwgI/edit?usp=sharing
1132,2025/8/12（週二） 19:16,19:16,012,012-0403340漢堡,八月小作文2,https://docs.google.com/document/d/11qDN4pMK1TsVmzSGefplZYBWxJoX2nhYfVhS_AYp_Cc/edit?usp=sharing
1133,2025/8/12（週二） 21:06,21:06,666,666-0761406Frank,八月小作文,https://docs.google.com/document/d/10RhMNQ2-ii5Alq560binNNOBCM56JUGlWeUe3VEl_VM/edit?usp=drivesdk
1134,2025/8/13（週三） 08:54,08:54,499,499-0707318 開心北極熊,8月小作文,https://docs.google.com/document/d/1oNVDmu0keQE1OS408njHSkrTRz06Y4L0LEp8Mh1tH9c/edit?usp=drivesdk
1135,2025/8/13（週三） 16:48,16:48,465,465-0677707股市細漢,8月小作文,https://docs.google.com/document/d/1IHjL_YAK2L-hfe-gM9GU7Mrelpvt-lmF/edit
1136,2025/8/13（週三） 20:20,20:20,552,552-0738248小炫風,7月小作文（補）,https://1drv.ms/w/c/691f33e0f672afe9/EZ704V0f5x5Ao_tDg453szYBT5P6PqPgLCSFYGy4_tQRJw
1137,2025/8/13（週三） 20:32,20:32,608,608-0750132 Kris,8月小作文,https://docs.google.com/document/d/1yerHJy3hg7jT4lVuswoC1WL3g1MeeWa7xwDA4_AY-1M/edit?usp=sharing
1138,2025/8/13（週三） 22:31,22:31,567,567-0726661 Gary,八月小作文-宏致 3605,https://walnut-planarian-4a2.notion.site/2025-08-13-24a7d11db04c8081a90cf6d4a5bc364a?source=copy_link
1139,2025/8/13（週三） 22:34,22:34,667,667-0782388鑽石商人,,https://youtu.be/KpM3ojlu2kU?si=ydMwI4W8rQCsurjg
1140,2025/8/13（週三） 22:37,22:37,530,530-0728960Harris,八月份小作文 台光電,https://www.notion.so/2383-242ea376be3880e79832da05954a5733?source=copy_link
1141,2025/8/14（週四） 00:21,00:21,659,659-0773876眼睛畫XX,8月-2 小作文 宇瞻,https://drive.google.com/file/d/1plpvmSBZZWiKcAgqHYtUR4VIj1R7Uahq/view?usp=drive_link
1142,2025/8/14（週四） 10:15,10:15,526,526-0347875小妞,八月小作文 長興,https://docs.google.com/document/d/1D41WyxUx6HNkOP1gSLenRgtbPuv2vyuKJtPZVkvd0Uk/edit?usp=sharing
1143,2025/8/14（週四） 11:11,11:11,476,⚡️⭐️476-0689643  賢妻良母,,https://docs.google.com/document/d/1HqCyLoYm-JL4mqOUdC0ysd1VqkL9TDVNGgAMsbKW3gE/edit?usp=sharing
1144,2025/8/14（週四） 12:51,12:51,507,507-0707376shihhan,八月小作文-BZAI,https://drive.google.com/file/d/1s2Yk2tiQAHrnWQOGdIg4ljnt5ttI6I0C/view?usp=drivesdk
1145,2025/8/14（週四） 14:17,14:17,568,568-0740906MilesDad,八月小作文 美食-KY,https://drive.google.com/file/d/1rrzRVLYhHIrOwQRYNmTUFfcWpHyxtc5Q/view?usp=sharing
1146,2025/8/14（週四） 21:48,21:48,666,666-0761406Frank,8月小作文2,https://docs.google.com/document/d/10TZFZ4eWBnAC7f5-LrlJ47f9MBU1cNaNkh1t3xXHs5c/edit?usp=drivesdk
1147,2025/8/15（週五） 14:20,14:20,641,641-0759544阿財,8月半小作文-2498宏達電,https://docs.google.com/document/d/10pUiwMUJIAec9U1OGcnfpztJZtDxwPRsHUkDJ8V16k4/edit?usp=drivesdk
1148,2025/8/15（週五） 14:57,14:57,689,689-0809216大眼殘,八月小作文-萬泰科6190,https://drive.google.com/file/d/1SefpB-Oc2iJB92LZcK12q60Wt_3d4FwB/view?usp=drive_link
1149,2025/8/15（週五） 15:02,15:02,690,690-0758503RUBY,八月小作文-聯電2303,https://docs.google.com/document/d/1f4vj_XB1iqDP0ftd6DC55rfBHzM609HD/edit?usp=drivesdk&ouid=110368905864115935226&rtpof=true&sd=true
1150,2025/8/16（週六） 10:55,10:55,527,527-0726894耀,8月份小作文2選股策略－催化劑（故事性),https://docs.google.com/document/d/1GBfRQIiqQAky1Br83BtLpesVYxqoPlSN/edit?usp=drive_link&ouid=106899638007069152878&rtpof=true&sd=true
1151,2025/8/16（週六） 15:59,15:59,664,664-0782605阿德,8月份小作文2-聯亞 3081籌碼分析-以事後論來談右上角股票,https://docs.google.com/spreadsheets/d/1Xi0CIM74qnPi_arZ9O_5BMmHNY66WNXR/edit?usp=drive_link&ouid=112391174252515152790&rtpof=true&sd=true
1152,2025/8/16（週六） 16:18,16:18,499,499-0707318 開心北極熊,2508小作文2 中繼元件,https://docs.google.com/document/d/1l4rLv9lOXZz0YlGugwGIBXuAuk9OHsG2OZb2LXEOzoY/edit?usp=drivesdk
1153,2025/8/16（週六） 17:04,17:04,671,671-0787312 Hi there,八月小作文_選擇權八月操作們,https://docs.google.com/document/d/18kzDDf0OEpsRwsocTGyydf9GQtp0qmmDDQt1fObgnF4/edit?tab=t.0
1154,2025/8/16（週六） 20:21,20:21,552,552-0738248小炫風,八月小作文-華孚6235,https://1drv.ms/w/c/691f33e0f672afe9/EWOjZUO2VQtJuZtvMBpBRZsBKqK2OOJTN_2srostxm_lbw
1155,2025/8/16（週六） 21:37,21:37,571,571-0727961小P,,https://docs.google.com/document/d/1EvbtvdQfgI8UMcnDjjarVye_8n7h9ybsvwowVAPhZFE/edit?usp=sharing
1156,2025/8/16（週六） 21:56,21:56,574,574-0725109Flower SH,,https://docs.google.com/document/d/1tGlo6weTs7XPQTHLs7KcuVDGzyEGqK_-/mobilebasic
1157,2025/8/16（週六） 22:39,22:39,593,593-0745150RRRRR,7月小作文(補）SoFi Tech,https://drive.google.com/file/d/1Pbu5-8ZI7G-2GmJID_VMho6par_UTcsb/view?usp=drivesdk
1158,2025/8/16（週六） 22:41,22:41,593,593-0745150RRRRR,8月小作文 SPDR Gold Shares,https://drive.google.com/file/d/10bUQPm09uh6tg4YoPSy57lLQvaoQuI1D/view?usp=drivesdk
1159,2025/8/17（週日） 00:02,00:02,405,405-0510259黃柏,7月小作文：飯店免費升等高階房型(忘記丟),https://drive.google.com/file/d/1qnWHyw4wCGydC7Ro4X1ksFsTwbp3M9T8/view?usp=sharing
1160,2025/8/17（週日） 00:29,00:29,385,385-0497440 麥當勞股東,7月小作文：景氣投資策略（補）,https://docs.google.com/document/d/11udJEUQOKU83pysVYM8Zn_P-sjIkTLw5l_3Hm5Z-V-s/edit?usp=drivesdk
1161,2025/8/17（週日） 08:22,08:22,497,497-0724032鳳梨zong,7月小作文(補)-事欣科(4916),https://docs.google.com/document/d/1K9Kmqmk_YvkvsG-sd0KkUVCQ0WGVEiYM/edit?usp=sharing&ouid=104264847360063600080&rtpof=true&sd=true
1162,2025/8/17（週日） 08:22,08:22,497,497-0724032鳳梨zong,8月小作文-致伸(4915),https://docs.google.com/document/d/18IMBLhfkGvY_YI7oOilv4yDa034j1hCk/edit?usp=sharing&ouid=104264847360063600080&rtpof=true&sd=true
1163,2025/8/17（週日） 09:19,09:19,510,510-0726629小平,,https://docs.google.com/document/d/1_gQyJPFhPgL1G2tGVtScllwu4BasJKTmUg2xV0REp_8/edit?usp=drivesdk
1164,2025/8/17（週日） 09:19,09:19,510,510-0726629小平,,https://docs.google.com/document/d/1kTrZgPDUBYLu8NQlmuXd-OC0Pwi9bRkzl2FMBj38CTw/edit?usp=drivesdk
1165,2025/8/17（週日） 10:38,10:38,624,624-0748762張仔,7月小作文-補-LMND,https://drive.google.com/file/d/1V4wvtBNBhqt5fKmPZu2FjtqFxvhvvGIV/view?usp=drive_link
1166,2025/8/17（週日） 11:58,11:58,663,663-0782676紀爸,8月份小作文，6591動力-KY，,https://docs.google.com/document/d/1yINvqlVdx5y0385eFQJNaIRtMApSIFQp/edit
1167,2025/8/17（週日） 12:54,12:54,480,480-0693299 Benson,,https://docs.google.com/presentation/d/1oplwDiksmDh_eqSO7EPp7tPFSHLnwC5G/edit?usp=sharing&ouid=118154091252196378446&rtpof=true&sd=true
1168,2025/8/17（週日） 13:38,13:38,612,612-0751830 Bazinga,七月小作文(補) - 《成熟理財七部曲》心得Part1,https://drive.google.com/file/d/1EbGiXOE7El7R_1ohSGNM6UIqV4JaIAz2/view?usp=drive_link
1169,2025/8/17（週日） 15:36,15:36,629,629-0727880 LEE,七月小作文(補)-盟立2464,https://drive.google.com/file/d/1a0gSAPZuX9DgQq6W071l_89zM9Y3tXR5/view?usp=drive_link
1170,2025/8/17（週日） 16:11,16:11,486,486-0707732貓貓,八月小作文 -,https://docs.google.com/document/d/1xJNJGMtD9jf7_BnNTP3F2AgRp1OLyczRP3ppg0gVz5E/edit?usp=sharing
1171,2025/8/17（週日） 16:57,16:57,617,617-0739454傑森,狼友小作文 7月份(補) 台燿 6274,https://docs.google.com/document/d/1963t3V9Q1e7a_HsfwJfNLUcYNGfwx7WjiGVAJSe2334/edit?usp=drive_link
1172,2025/8/17（週日） 16:57,16:57,617,617-0739454傑森,狼友小作文 8月份 金像電 2368,https://docs.google.com/document/d/1p4koBGwc0G8likVu7fZEADhFdTUEfNT9EgN7-3t6ibg/edit?usp=drive_link
1173,2025/8/17（週日） 19:19,19:19,426,426-0527909飆仔,7月小作文（補傳此群）：金居,https://docs.google.com/document/d/1XG7gU0NJK54QhRD6VVHCyVJoS1n9QfB1/edit?usp=drive_link&ouid=116042073569870989087&rtpof=true&sd=true
1174,2025/8/17（週日） 20:20,20:20,584,584-0745448雙北健美攻擊手,8月小作文 PCB上中下游訊息搬運工，這幾天網路上訊息、題材的小小整理,https://docs.google.com/document/d/16YVpOIfZuS7r3fr8lETnM4cKiLX3HiuN7pqgkV3KSJk/edit?usp=sharing
1175,2025/8/17（週日） 22:46,22:46,650,650-0768658Nick,,https://docs.google.com/document/d/1xMjfYCAUkvo9sXIMot-IXyx0VftZTuC9CvW-9oUhBE0/edit?tab=t.0
1176,2025/8/17（週日） 22:51,22:51,315,🌀⭐315-0424057 Shen,8月小作文 - 柏騰3518,https://docs.google.com/document/d/1HIpv-WObnxF1D4LI0eKBEJRYDIUyWFYuX04Ml7o606g/edit?usp=sharing
1177,2025/8/17（週日） 23:23,23:23,532,532-0733492熊,8月小作文-台指 規劃 & 策略,https://docs.google.com/document/d/11cUqr3qe4zbv-mgXrYOHOv6UowbXLPuqVoDsYObWzus/edit?tab=t.0
1178,2025/8/17（週日） 23:44,23:44,502,⚡⭐502-0724579 Cowboy,8月小作文2 - XQ量化積木追強策略整理,https://drive.google.com/file/d/19VlLiXJaYvYOjWBfDGYhXP9hN42_NTUi/view
1179,2025/8/17（週日） 23:44,23:44,649,649-07650橋,8月小作文 4551 智伸科,https://docs.google.com/document/d/1JLgyoFIvDROwUnwmGWgo2mD9jPizszCQzNvCbfZCjLk/edit?usp=share_link
1180,2025/8/18（週一） 00:13,00:13,685,685-0809847冷鴿,八月小作文2 ─ 金居富喬股權地圖,https://docs.google.com/document/d/1BSyLNyLl894wMMKEPiGT5yJyiM43pKI-YbJHUcJYJ2Y/edit?usp=sharing
1181,2025/8/18（週一） 00:29,00:29,408,408-0212997 賞星星,8月小作文 3019亞光,https://docs.google.com/document/d/11SaeFDzQ1Aem4JUwxdH2NRlFWxlpZ_Uk/edit?usp=drivesdk&ouid=116226013342888550840&rtpof=true&sd=true
1182,2025/8/18（週一） 01:06,01:06,529,529-0729189 書蟲,八月小作文-2  台泥1101,https://drive.google.com/file/d/1u9-zrLiuUZ7CrD4ul57EKjwtKZLpYyyV/view?usp=sharing
1183,2025/8/18（週一） 07:25,07:25,420,420-0529143肥吱吱,八月小作文 世芯-ky,https://docs.google.com/document/d/1Z151AfkcSCoAEQ3QhsVvuyGqqTsm9Z8WOPBr-p8fHYo/edit?tab=t.0
1184,2025/8/18（週一） 10:41,10:41,184,184-0393188 吃魚,美股Q2-Q3 自動化產業季度整理,https://stitch-seatbelt-b23.notion.site/2025-Q2-Q3-2532e5272eb280c1b8fffb6146dcd49d
1185,2025/8/18（週一） 11:03,11:03,468,468-0677901彩虹,八月小作文 Coherent （COHR ）,https://docs.google.com/document/d/1tD-SPeYv5-ZKlw9P7tE_uUVqyBiwovYs/edit?usp=drivesdk&ouid=112793245989342679858&rtpof=true&sd=tru
1186,2025/8/18（週一） 12:26,12:26,143,💎⭐️ 143-0404491 Chris,八月小作文 - 聯合健康,https://docs.google.com/document/d/1-FFNBo77zy5rDq4k0J1wEA30HQOCBv3VSt9A0TpMRfg/edit?usp=drivesdk
1187,2025/8/18（週一） 16:04,16:04,639,639-0757928舔財犬,現行ETF與共同基金主動型商品差異,https://docs.google.com/document/d/1CHrFN11J6qO0uE3GD3CuwhGqxGAP-hGtyv4dZ-cJBFg/edit?usp=sharing
1188,2025/8/18（週一） 16:25,16:25,577,577-0741727Silence張震,八月小作文二：RBLX（註，本文以個人觀點與數據，結合chatgpt蒐集個人忽略的資料後生成，不具備買進賣出建議）,https://www.dropbox.com/scl/fi/tnbvws8fbfjffpu979uua/RBLX.pdf?rlkey=kjy7ah54emqf538z24iue9mxj&st=bfa0ny45&dl=0
1189,2025/8/18（週一） 16:38,16:38,530,530-0728960Harris,八月份小作文2 4966普瑞~,https://highfalutin-feverfew-5f0.notion.site/4966-24eea376be3880278a8ff98f36522434?source=copy_link
1190,2025/8/18（週一） 17:00,17:00,550,⚡️⭐️550-0488718一度贊,八月小作文-崑鼎6803,https://docs.google.com/document/d/1746Jz2I8fDJHjOT_2zl3NT4XvqQmHQSWF0Kvk5mG18s/edit?usp=drivesdk
1191,2025/8/18（週一） 21:27,21:27,440,440-0208121  voice,補7月小作文,https://docs.google.com/document/d/1FFz9tWlg-m9reZnKLN6WfMibLts2Y85S/edit
1192,2025/8/18（週一） 21:29,21:29,590,590-0747255JEROME,補7月小作文,https://docs.google.com/document/d/1K3SFwLju1KcpxH0r88X8sIQwhaVdxZS8/edit
1193,2025/8/18（週一） 22:16,22:16,604,604-0435923電電甲三碗公,,https://docs.google.com/document/d/1yAiEStFYUA6OVHZKRXitk2U908N3GKojnbbAR9N6YNM/edit?usp=sharing
1194,2025/8/18（週一） 22:25,22:25,590,590-0747255JEROME,,https://docs.google.com/document/d/1K3SFwLju1KcpxH0r88X8sIQwhaVdxZS8/edit?usp=drivesdk&ouid=111600987723467763025&rtpof=true&sd=true
1195,2025/8/19（週二） 00:22,00:22,561,561-0732082河雅郎,,https://docs.google.com/document/d/1VAwyo7iwzk6UoF5c7K6YnsoAeGRCXocKiOU_1RbqEwY/edit?usp=sharing
1196,2025/8/19（週二） 01:23,01:23,510,510-0726629小平,,https://docs.google.com/document/d/1ToItHgCPRMNNv_4uCMVB05aMXhTYuS6iP-1XmDJLhGM/edit?usp=drivesdk
1197,2025/8/19（週二） 12:14,12:14,556,556-0738099Richard,8月小作文,https://docs.google.com/document/d/1SLhg7Gqv1QL4-V_jlTLbttQXwrXDCmKbGlTbJNdrvqQ/edit?usp=sharing
1198,2025/8/19（週二） 14:51,14:51,412,412-0432269 Abby,7月小作文-環宇-KY (4991),https://reurl.cc/qYnlZp
1199,2025/8/19（週二） 15:06,15:06,549,549-0736240 秋風漸落,八月小作文  當沖的現象,https://docs.google.com/document/d/e/2PACX-1vTJXgvPQVBOZjvcvrut4NjEeiQsBrQMKt_64zwVpU9H5kshgYVkKBAW59es3oEac98_Ar9Sb5N5sU9z/pub
1200,2025/8/19（週二） 18:24,18:24,691,691-0812313Roy,八月小作文-億豐 8464,https://docs.google.com/document/d/1EcdtmOJi5xTLGOmOMCcCPXgMVs4__JOqcVClk_wdQvY/edit?tab=t.0
1201,2025/8/19（週二） 19:57,19:57,519,519-0725280 Benson,8月小作文:  6944 兆聯實業,https://drive.google.com/file/d/1weIyYJdtkCT6FjAJ-HNSJrZGdQCvCTIL/view?usp=drive_link
1202,2025/8/19（週二） 20:21,20:21,665,665-0783840tony99,8月小作文:CRSP,https://docs.google.com/document/d/1mdJXdZMlfvwH3gKq3JDoTNSX9-wpLnaR5N2jVr7M33Y/edit?tab=t.0
1203,2025/8/19（週二） 21:32,21:32,540,540-0726483小林,,https://docs.google.com/document/d/1ZKkYjk_HlwLZR8dFFZaXxzbPPDwvwXldRdCcGHRJ_vI/edit?usp=sharing
1204,2025/8/19（週二） 22:26,22:26,102,102-0407647 Ethan,8月小作文 : 意藍 6925,https://docs.google.com/document/d/1vem_gdXN1YDf25qNPS0STgejvtGc77FAgfsYPWhnhU4/edit?usp=sharing
1205,2025/8/19（週二） 22:54,22:54,086,086-0397919-ya,小作文本週美股內部人報告,https://drive.google.com/file/d/1iSo0Wj6t1rKBsFujrfG_gXTqwQzQ-Y4L/view?usp=share_link
1206,2025/8/19（週二） 23:47,23:47,648,648-0339100健達出奇蛋,補7月小作文:4772台特化(族群性),https://drive.google.com/file/d/1EaP8dI_YZhBL3InEYz3fjFn5KI0FSQFh/view?usp=sharing
1207,2025/8/20（週三） 00:03,00:03,648,648-0339100健達出奇蛋,8月小作文：4722國精化(族群中漲幅最強),https://drive.google.com/file/d/1OWUv-MC_x0_T2m_5zpzZKUner3nE9vcz/view?usp=sharing
1208,2025/8/20（週三） 00:33,00:33,452,452-0640491小凱,8月小作文-8358金居-股票期貨,https://docs.google.com/document/d/1rNWgeL10qdQobNNGZ3KgsrApk3JZSUE-/edit?usp=sharing&ouid=101863675658538783335&rtpof=true&sd=true
1209,2025/8/20（週三） 08:08,08:08,565,565-0741387Boy(58E),202508(八月小作文1)-文章彙整(20250820),https://1drv.ms/w/c/8076a8f18a0af7b7/Ebf3CorxqHYggICTTgAAAAABwiepeJXjMn4Ay3CnFmitIQ
1210,2025/8/20（週三） 08:09,08:09,565,565-0741387Boy(58E),202508(八月小作文2)-金像電2368,https://1drv.ms/w/c/8076a8f18a0af7b7/EcCR3A1zKJNFpVM8J-Qjr10B0LM3qQCKrYhv-xXxViyXXQ?e=Nd9JMW
1211,2025/8/20（週三） 16:45,16:45,431,431-0530336梅子,,https://docs.google.com/document/d/14fSxkyLJ6pEFGxqaOirlpZ9FxrJu_tH2tqDc193Iw9w/edit
1212,2025/8/20（週三） 16:49,16:49,366,366-0402367-KAIKAI,,https://docs.google.com/document/d/1njBGR9iloloajymMiEAyfMYPmjrnLEOBeH7FWE4kVLY/edit?usp=sharing
1213,2025/8/20（週三） 20:34,20:34,692,692-0519098新手駕駛,八月小作文-長榮航太2645,https://drive.google.com/file/d/1yAH-PrYSA372Z0ozpMCkfT2lCYHdvWDY/view?usp=drivesdk
1214,2025/8/20（週三） 21:13,21:13,609,609-0749949非洲巨象,小作文_技術面0820反彈到前高壓力放空橡膠期貨,https://docs.google.com/document/d/1csnuMWprJIu3aJmCvALdYa8pNsiaAKwD/edit?usp=sharing&ouid=101843848990126886739&rtpof=true&sd=true
1215,2025/8/20（週三） 23:41,23:41,661,661-0781606亨利,8月小作文:3305 昇貿,https://docs.google.com/document/d/1Wt8Du5reBQBvz8Qrau4_SQcpfHmDM4n3/edit?usp=sharing&ouid=108877945366556848895&rtpof=true&sd=true
1216,2025/8/21（週四） 00:47,00:47,605,605-0735461小蘋果,8月小作文:6535 順藥,https://docs.google.com/document/d/1jZI4tniYZqXX-8Q8Gw-7awBOz5XtADHnBgJxGJZmxo8/edit?usp=sharing
1217,2025/8/21（週四） 10:35,10:35,448,448-0566151MIN KAO,八月小作文：大成（1210） VS 卜蜂（1215）,https://docs.google.com/document/d/1T-vrbST9DMKjdtzQpIJ0Po9R7ze0bLfJ_uMD1IlIg7o/edit?usp=sharing
1218,2025/8/21（週四） 11:26,11:26,635,635-0557322阿展,8月小作文:3661 世芯ky,https://docs.google.com/document/d/1FQBIUHDeHpAZwMQyzjpK8Mo6yjs2o43P/edit?usp=drive_link&ouid=109030146905094579631&rtpof=true&sd=true
1219,2025/8/21（週四） 16:02,16:02,693,693-0812465Faye₍ᐢ･֊･,八月小作文-康霈6919,https://docs.google.com/document/d/14Qs7Jlqsc2KycrU8bB4WXXq9WUFKHlmC/edit?usp=drivesdk&ouid=108215031068955095951&rtpof=true&sd=true
1220,2025/8/21（週四） 18:08,18:08,437,⚡️⭐ 437-0548182林大大,8月小作文PART3 - 騰輝電子-KY(6672),https://docs.google.com/document/d/1OheFeOft1_UHsvPZpZyY2MrJf0x_N82Y/edit?usp=sharing&ouid=102413103344657402164&rtpof=true&sd=true
1221,2025/8/22（週五） 09:03,09:03,639,639-0757928舔財犬,新纖(1409),https://docs.google.com/document/d/1Iz01dUNPdehrhtlP-RguDQV5EytKe4o7IWsKJ-rBoiI/edit?usp=sharing
1222,2025/8/22（週五） 14:05,14:05,694,694-0426369KaiHsiang,狼友小作文-淺談不點交法拍屋,https://1drv.ms/w/s!AggWXWCPu9UqgQUOUgrT_Rurtblb?e=8PzBjk
1223,2025/8/22（週五） 17:42,17:42,398,398-0502254昶,8月小作文-美股高速傳輸交換器,https://drive.google.com/file/d/1FQCWSzAP-2Jr8tnx4Dfd5w50wyJceHIg/view?usp=sharing
1224,2025/8/22（週五） 19:49,19:49,554,554-0726975大平,8月小作文-營建持股心得反思與追蹤,https://reurl.cc/899Nrg
1225,2025/8/22（週五） 23:55,23:55,477,477-0696872過兒,九月小作文禮來lly,https://docs.google.com/document/d/1bBNVnytGTMT-SWu09deILWxLRG2noYnqKRc_2i8RRfY/edit?usp=sharing
1226,2025/8/23（週六） 23:08,23:08,594,594-0741808二奶老爸,八月小作文 雲豹,https://docs.google.com/presentation/d/1sc1UEUST25lzKmHngwKydaXN0tzxJ7NU/edit?slide=id.p3#slide=id.p3
1227,2025/8/24（週日） 09:50,09:50,626,626-9800005rich,1717 長興,https://docs.google.com/document/d/1Z5npAF-3CyBfEzR3rkuAJxoE5XOXe18S/edit?usp=drive_link&ouid=116363410657624684517&rtpof=true&sd=true
1228,2025/8/24（週日） 10:20,10:20,438,438-0549592 Ono,8月小作文炎洲流通（3171）,https://docs.google.com/document/d/1XlhIAPY0_PCjYitoLbAWU0L1CG0Ah3y_lujrzNYPhYc/edit?usp=sharing
1229,2025/8/24（週日） 10:39,10:39,122,122-0396237JL,9月小作文,https://docs.google.com/document/d/1shbd5MMGj2lPz4SOror1mDwQ2GuG5lVTUsMA_wa_hP4/edit?usp=sharing
1230,2025/8/24（週日） 11:20,11:20,434,434-0547510菲獅,8月小作文 新盛力-(股票代號 4931),https://docs.google.com/document/d/15W5raTV7ECN6G_pTaq4sZPKkj8hxSHZyGtUMIy98xyM/edit?tab=t.0
1231,2025/8/24（週日） 11:40,11:40,129,129-0397692 天天過年,8月小作文 2543皇昌,https://docs.google.com/document/d/1sC3A733iRg0Wchv7h8C7V_vJSJoFQlBRMGbuBv005RE/edit?usp=sharing
1232,2025/8/24（週日） 15:02,15:02,460,460-0544474 Monson,7月小作文_《我炒的是人生，不是股票！》讀後心得｜成為全職交易者的關鍵思維,https://drive.google.com/file/d/1R6DqWbjVeagNx5yvRMaztJZFtr1LyEoq/view?usp=sharing
1233,2025/8/24（週日） 15:02,15:02,460,460-0544474 Monson,8月小作文_美股ONON研究報告,https://drive.google.com/file/d/1qiojLJ6DiuqsuB_viXqjOaTmbUYfT4tQ/view?usp=sharing
1234,2025/8/24（週日） 15:38,15:38,626,626-9800005rich,8499 鼎炫-KY,https://docs.google.com/document/d/1200hQ-qQDlt1ssBeg-opSS3juSzUbSEZ/edit?usp=drive_link&ouid=116363410657624684517&rtpof=true&sd=true
1235,2025/8/24（週日） 17:04,17:04,634,634-0744957溫蒂漢堡,八月小作文 網路圖書資源,https://docs.google.com/document/d/1bTP95apvX6nyyt7TwwRlh-M91UZh2euL/edit?usp=sharing&ouid=108517892925346239777&rtpof=true&sd=true
1236,2025/8/24（週日） 17:35,17:35,437,⚡️⭐ 437-0548182林大大,8月小作文 part4 - 大量(3167),https://docs.google.com/document/d/1zAG2a8BCI2D_s-CgeZk6y3680_f4kyWC/edit?usp=sharing&ouid=102413103344657402164&rtpof=true&sd=true
1237,2025/8/24（週日） 17:37,17:37,685,685-0809847冷鴿,八月小作文3 ─ 南寶4766,https://docs.google.com/document/d/1YVf9RHDn0NQzZG9CLaUe2fHXZNPRoJYp3Rk3KOIgFKk/edit?tab=t.0#heading=h.uxn0pr2kt0j7
1238,2025/8/24（週日） 22:12,22:12,672,672-0432997lan,"8月小作文-PART2,",https://drive.google.com/file/d/1PacNsKZ3EahrwCd2zK72kTjEVgxJspl4/view?usp=drivesdk
1239,2025/8/25（週一） 00:13,00:13,614,614-0750996咖喱,8月小作文-亞光3019,https://docs.google.com/document/d/1u31_x47pYPY2-NEtiGngoLAWqXPMmhSJ/edit?usp=drivesdk&ouid=115213020927724656256&rtpof=true&sd=true
1240,2025/8/25（週一） 07:58,07:58,645,645-0761383 ZN寶寶,8月小作文-美股Sofi公司介紹,https://docs.google.com/document/d/1cpNQiER-OqOutJJatr1loERdi9DKxy62/edit?usp=sharing&ouid=102250208818512340017&rtpof=true&sd=true
1241,2025/8/25（週一） 09:27,09:27,666,666-0761406Frank,,https://docs.google.com/document/d/10nGpC12R4Rtlf38YByqmpW-IqPC7i3jf9O-3jjodLOU/edit?usp=drivesdk
1242,2025/8/25（週一） 10:37,10:37,399,399-0507288 Kim Chen,八月小作文_旺矽6223,https://docs.google.com/document/d/19_0bNa64e2b7xc4LVv30AQvvFjCA2lb9/edit?usp=sharing&ouid=101924550352225612878&rtpof=true&sd=true
1243,2025/8/25（週一） 10:49,10:49,531,531-0606228 QD,8月小作文_2395研華,https://docs.google.com/document/d/1p84otE0XwIOWO0b4eKe5jYMfz8HDnAMQ3z6oNeA8g54/edit?usp=sharing
1244,2025/8/25（週一） 12:29,12:29,575,575-0741277 黃金獵款,8月小作文 6185幃翔,https://drive.google.com/file/d/1j-FwWdWsyCrWEkUfs7isRE7fId4KLu6s/view?usp=drive_link
1245,2025/8/25（週一） 14:04,14:04,622,622-0751982 Leon,9月小作文 馬摩機票攻略整理&住宿訂房優惠,https://www.notion.so/25a09bdfd37a80d39ac0c48878a1d740
1246,2025/8/25（週一） 16:40,16:40,642,642-0759007查理王,8月小作文_5284 jpp-ky,https://docs.google.com/document/d/19H_Ak9OV_y4LmKLrIwNBSik3GbSG1Hm1/edit?usp=sharing&ouid=103278528203083253429&rtpof=true&sd=true
1247,2025/8/25（週一） 19:13,19:13,558,558-0548865滷蛋,8月小作文 晶彩科,https://docs.google.com/document/d/1_7FDpBwMteQnEgl4VquOsURtozqwJAnO/edit?usp=drive_link&ouid=113842627436254727840&rtpof=true&sd=true
1248,2025/8/25（週一） 19:14,19:14,695,695-0672171 MM,8月小作文 緯穎,https://docs.google.com/document/d/1Q_x23JUkP_DP2nuuEKGAPUVBFuyPD8sFDNVAKWLdMZo/edit?tab=t.0
1249,2025/8/25（週一） 19:54,19:54,314,314-0420763 抹布,玉米12月跟9月期貨跨期價差策略,https://docs.google.com/document/d/1fPNNVTOJWgynPc9FyUKMRjk0bx9xX9dzdpZoIq9b1jc/edit?usp=sharing
1250,2025/8/25（週一） 22:49,22:49,308,308-0405403 Nick,八月小作文-中光電,https://docs.google.com/document/d/15X2EeD9wBCavavW81wupjGXOlLh3ImBH/edit?usp=sharing&ouid=104803538302964277856&rtpof=true&sd=true
1251,2025/8/25（週一） 23:41,23:41,430,430-0533702   從小買500,8月小作文-2439美律,https://reurl.cc/pYKxzb
1252,2025/8/26（週二） 00:03,00:03,481,481-0703493 大黑菊,八月份小作文 -正德,https://docs.google.com/document/d/1ER3gTrM-xxYUTW9WM4mU3-bmltaoCCUr/edit?usp=sharing&ouid=111827764144515851907&rtpof=true&sd=true
1253,2025/8/26（週二） 08:13,08:13,651,651-0741170三毛,8月小作文_2449京元電：,https://drive.google.com/file/d/1rKl2URN3gyOeIV7i_WpLCBoOzT6csZyU/view?usp=drive_link
1254,2025/8/26（週二） 10:52,10:52,402,402-0511960 雪花冰,,https://docs.google.com/document/d/1YFE6OJ28JIvUg6ch3-Bhgvx8vudvqR3z/edit?usp=drivesdk&ouid=103740366053566449567&rtpof=true&sd=true
1255,2025/8/26（週二） 10:52,10:52,483,483-0677765Athena,,https://docs.google.com/document/d/1qvXSHvii1fHZbLtwRR52VWXv04YJNGub-PyON3JPbNg/edit?usp=sharing
1256,2025/8/26（週二） 13:42,13:42,674,674-0786261 橘太郎,8月小作文  宸曜,https://docs.google.com/document/d/1LGhJjjDlYQAC02e6_arrApbXJhU8uVrJkfqLwEBgE68/edit?tab=t.rpijomlpqvq5
1257,2025/8/26（週二） 13:49,13:49,487,487-0489351 阿棋,8月小作文-週期性交易2031 新光鋼,https://docs.google.com/document/d/1Crz9JIPxBk7BDhlfABCHiRJeTK2RsMqNITZFsbQ0-hc/edit?usp=drivesdk
1258,2025/8/26（週二） 15:07,15:07,405,405-0510259黃柏,8月小作文,https://drive.google.com/file/d/1ltt4g60qbUCdILS-RXKy0T88wPvQjot0/view?usp=sharing
1259,2025/8/26（週二） 16:18,16:18,515,515-0725565ycc,八月小作文 1504東元,https://docs.google.com/document/d/1BHZ87BIAqzZg83TG9mbKJtKdEQYCPINzv9OnBKo6Uec/edit?usp=drive_link
1260,2025/8/26（週二） 17:52,17:52,528,528-0434571荒唐信,八月小作文  NAS Q3做空策略優化,https://docs.google.com/document/d/1zfSqKhk3p1QAq3i4MEtUxNHEglmzFMTa1Z_-3Sq6D3E/edit?usp=sharing
1261,2025/8/26（週二） 19:21,19:21,688,688-0756482阿奇,小作文-杜拜黃金簽證,https://docs.google.com/document/d/1ZiDmIdCTsjj3T9WCYOxQzfecKcsPBVfNwKQKV4tQdZk/edit?usp=sharing
1262,2025/8/26（週二） 20:18,20:18,079,079-0412687 Jimmy,重傳(已開放權限)-,https://drive.google.com/file/d/1PF9KXXuZ3BJ4eLTglq7QpalpqIrdE7xH/view?usp=sharing
1263,2025/8/27（週三） 15:47,15:47,580,580-0743628失業的交易人,8月小作文 8103_2 瀚荃,https://reurl.cc/mYkVe9
1264,2025/8/27（週三） 16:53,16:53,564,🔥⚡️⭐️564-0721983 飛利浦,8月小作文-找半年內最大量個股做短波段策略_飛利浦,https://docs.google.com/document/d/1dK5y9Bifssqi4Rm0hOOqXaeOmlc0ds7x/edit?usp=drive_link&ouid=107585458892499599889&rtpof=true&sd=true
1265,2025/8/27（週三） 17:00,17:00,690,690-0758503RUBY,9月小作文 精確 3162,https://docs.google.com/document/d/1-mira_knodjj8UvkpGews8l2VNInoRXNmBEya7UMuGM/edit?usp=drivesdk
1266,2025/8/27（週三） 17:28,17:28,625,625-0754138威廉Wang,8月小作文 臻鼎-ky,https://docs.google.com/document/d/1cScf9vmN98T40f4VBs6cWiuWCMkkBJc3MttIhXAvtuM/edit?usp=sharing
1267,2025/8/27（週三） 22:02,22:02,559,🔥⚡⭐559-0740236哩奧娜多,不好意思 5月 7月小作文有換地方儲存,https://docs.google.com/document/d/1Bo2pYIUwUf8p5p-3rd3H5NvgECdRoP3hRkVleOz9GcA/edit?usp=sharing
1268,2025/8/27（週三） 22:24,22:24,640,640-0760313游子龍,8月小作文-台股解放日後反彈波段因子分析,https://docs.google.com/document/d/1vzyhmch5A8Ug1EsYO8HJinJW1Fwbw6aOFh1c6-I-7I4/edit?usp=sharing
1269,2025/8/27（週三） 23:35,23:35,572,572-0739946韭韭窩,9月小作文-臻鼎(4958) 分析練習,https://docs.google.com/document/d/1ZcY2cYNMKZikd68umQgxySbZxcN4yi3m968PhFjjbsU/edit?usp=sharing
1270,2025/8/27（週三） 23:41,23:41,589,589-0737566jim,八月小作文-UNH,https://docs.google.com/document/d/1xKF_vwZW2kRPCg_yPZ4N3VQMIqSjBJCZSy9njSNQMVI/edit?usp=drive_link
1271,2025/8/28（週四） 00:06,00:06,143,💎⭐️ 143-0404491 Chris,九月小作文 -ONDS ( sell put ),https://docs.google.com/document/d/19LLZECj4cKC5MbD34E7NyxJFRp1xZzX6qUFlD9NqJ6k/edit?usp=sharing
1272,2025/8/28（週四） 03:00,03:00,299,299-0397647咪蛋,8月小作文～訂房薅羊毛4.0 （🐑：感到害怕）,https://docs.google.com/document/d/1IX8Kq6ro8jj7IWh521PK9z8kXb8lJHEaXQO5G_bHAXY/edit?tab=t.0
1273,2025/8/28（週四） 07:47,07:47,400,400-0430135 公園居民汪喵,9月小作文 融程電-3416,https://docs.google.com/document/d/1P8qLOrrGpqvUGJAu3_1AAe3A1Wr_GCO2/edit?tab=t.0
1274,2025/8/28（週四） 13:23,13:23,149,149-0394491小豬哥,8月份小作文-德麥,https://docs.google.com/document/d/1Oj-ZUgEq9ofesKTE6Oskq3PCCLGhah3d/edit?usp=sharing&ouid=102217930404666154665&rtpof=true&sd=true
1275,2025/8/28（週四） 15:00,15:00,697,697-0819617吳哥窟,8月小作文-永新-KY 4557,https://docs.google.com/document/d/14IRYXJwJ7qcK5ujSZQsnvqtYd-Z2CZyW/edit?usp=drivesdk&ouid=101256574752603373411&rtpof=true&sd=true
1276,2025/8/28（週四） 16:07,16:07,382,382-0489733Liou,八月小作文-光麗-KY6431,https://docs.google.com/document/d/12BoUnIRAK5auxKqaRQzdRkZw5SpA03RT/edit?usp=sharing&ouid=111696808857150992772&rtpof=true&sd=true
1277,2025/8/28（週四） 16:19,16:19,656,656-0461450停利永遠是對的,8月小作文-牧德,https://docs.google.com/document/d/116AXdH322r767-Xe_UKikVFaj_8lMHHS3ID0YpzNXc0/edit?usp=drivesdk
1278,2025/8/28（週四） 17:45,17:45,674,674-0786261 橘太郎,8月小作文-6922宸曜,https://docs.google.com/document/d/1yZhXQ08PxxO7DCDt3juAiRYPRoTKEUwedSPG1TPDbJU/edit?tab=t.0
1279,2025/8/28（週四） 19:09,19:09,536,536-0723583SC,九月小作文-晚點最粗最大的那個,https://drive.google.com/file/d/1RyI5pj4qlM9ygclH833f4s297ZEDQI1v/view?usp=sharing
1280,2025/8/28（週四） 19:13,19:13,506,506-0723994 樂觀感恩,,https://docs.google.com/document/d/1Tu6uF3ZWL1eIgIxsQ4APzH8hCwqYGbWr/edit?usp=sharing&ouid=100650480530505613853&rtpof=true&sd=true
1281,2025/8/28（週四） 20:09,20:09,536,536-0723583SC,,https://www.threads.com/@pricebetween/post/DN5E0rpD6ZX?xmt=AQF0dbVieeCLJf-Kn4DYQKIilG7-t__ByZ6iONftvQVEyg&slof=1
1282,2025/8/28（週四） 20:12,20:12,527,527-0726894耀,9月小作文１餘裕,https://docs.google.com/document/d/1YhTSxpxV8LhrV96w1IouomCtGDVRxYqo/edit?usp=drive_link&ouid=106899638007069152878&rtpof=true&sd=true
1283,2025/8/28（週四） 20:13,20:13,527,527-0726894耀,9月小作文2法人評價選股法AES-KY(6781)為例,https://docs.google.com/document/d/1t6PzvbANH7AQRzi0yoqFbAUJY4X8Qj54/edit?usp=drive_link&ouid=106899638007069152878&rtpof=true&sd=true
1284,2025/8/28（週四） 20:38,20:38,425,425-0531458狄桃培,八月小作文-6112邁達特,https://docs.google.com/document/d/1PYTrfgP5T03Oxrauc7OLq82CBPpdbsMn/edit?usp=drive_link&ouid=109149861247779089562&rtpof=true&sd=true
1285,2025/8/28（週四） 21:16,21:16,658,658-0775188馬來貘,,https://docs.google.com/document/d/19Y-RmW7uKOy-FNRveQhF1qDNn3ngjVSW7HBFwgY8QXc/edit?usp=drivesdk
1286,2025/8/28（週四） 21:24,21:24,377,377-0399496-99496-糸隹,8月小作文:杭特 3297,https://docs.google.com/document/d/1GKbJIjXcbRl1R7xsjui2zbTDnBynuxIh/edit?usp=drivesdk&ouid=100871849434388685062&rtpof=true&sd=true
1287,2025/8/28（週四） 22:12,22:12,485,485-0530080克里斯,8月小作文-創意（3443),https://docs.google.com/document/d/10siLacMUZEtdR42DatI367uPRzLtyZIb/edit?usp=sharing&ouid=116098567997374387789&rtpof=true&sd=true
1288,2025/8/28（週四） 22:47,22:47,143,💎⭐️ 143-0404491 Chris,9 月小作文 - 金居目標價預估,https://docs.google.com/document/d/1mIrB1-Ln4GXOWSM41VAo9m3e5sZcTk9kwFaU-X7XuvU/edit?usp=sharing
1289,2025/8/29（週五） 01:54,01:54,655,655-0769819Liam,8月小作文 NQ期貨，頭部形成,https://docs.google.com/document/d/13uYWHhCT3gOoRhsvAoIXEaenO0pKtZOMOKmaF7oBKoE/edit?usp=sharing
1290,2025/8/29（週五） 07:14,07:14,422,422-0502966-thomasH,,https://docs.google.com/document/d/11synSrzF5q04x1-WHVI18aKI5ZiZ5SnUDNLNqtNZOsE/edit?usp=sharing
1291,2025/8/29（週五） 11:07,11:07,289,289-0394556/Agogo,9月小作文 - AES-KY,https://docs.google.com/document/d/1VvOR4PzimE4StJGwnSpYpbKwUCrG3y7I1fucwssGP1Y/edit?usp=drivesdk
1292,2025/8/29（週五） 11:28,11:28,416,416-0516004小象の小金庫,8月小作文-京元電子,https://docs.google.com/document/d/1M_DI1lB4wJctU7QZa81Izw0v0Qrw73uo/edit?usp=drive_link&ouid=116844414747715886483&rtpof=true&sd=true
1293,2025/8/29（週五） 12:07,12:07,668,668-0780076jackychen,8月小作文-8105凌巨,https://tinyurl.com/yc54wbsu
1294,2025/8/29（週五） 12:40,12:40,451,451-0634041阿山,8月小作文-日經225未來操作規劃,https://docs.google.com/document/d/1tkpI4TsWaQsclXqMhSNBsenok6ZqPDa9/edit?usp=drive_link&ouid=117180024349907731538&rtpof=true&sd=true
1295,2025/8/29（週五） 13:30,13:30,414,414-0505439JCCC,8月份小作文-長榮-2603,https://www.dropbox.com/scl/fi/fl39vk7owkg28wm1kpluc/2603-2-JCCC.docx?rlkey=0a3jwp6hiys2zchkfwh53e9sg&st=gz2dsl20&dl=0
1296,2025/8/29（週五） 14:19,14:19,698,698-0755564JA,八月小作文-光洋科 1785,https://docs.google.com/document/d/1NezicmXRG3w7daJlEcCWHAZp_xBWqzBeTeXlu9fZebs/edit?tab=t.x13sbn8z9cav
1297,2025/8/29（週五） 21:21,21:21,375,375-0488831財經百寶袋,八月小作文-微軟msft,https://drive.google.com/file/d/1nZ-mHowHl0lPuncIyHHBr5iXXdO7hrVl/view?usp=drivesdk
1298,2025/8/29（週五） 23:58,23:58,417,417-0405649 阿賢,八月小作文-8279 生展,https://drive.google.com/file/d/1QBpN4TV2Z0Lvf9ILxSJUtnBRkb597LBt/view?usp=sharing
1299,2025/8/30（週六） 00:06,00:06,429,429-0531924三毛,八月小作文-MARA,https://docs.google.com/document/d/1uAs2o_8lN66ohTZj_mlEmCpIq_nePTSH/edit?usp=sharing&ouid=104235377859924673226&rtpof=true&sd=true
1300,2025/8/30（週六） 14:50,14:50,426,426-0527909飆仔,8月小作文：中光電,https://docs.google.com/document/d/1e_QYxnO6m0_IAXRsph1RXM8xQwmYlumZ/edit?usp=drivesdk&ouid=116042073569870989087&rtpof=true&sd=true
1301,2025/8/30（週六） 14:53,14:53,403,403-0511148 布萊恩,八月小作文 Unity Software U,https://drive.google.com/file/d/1bNvyiUiW0okjwC-FNe8r3JxuDWT3tzzn/view?usp=drive_link
1302,2025/8/30（週六） 16:42,16:42,379,379-0489759 迪諾,八月小作文 港股打新,https://docs.google.com/document/d/106q2uBcErUE2X2WPWhDtba4KlYUCaMMT_b0JguL3ciY/edit?hl=zh-tw&tab=t.0
1303,2025/8/30（週六） 21:45,21:45,591,591-0678531AlanLin,,https://docs.google.com/document/d/11f-YxbKfuVtTU3zxOtvq0dPeMJIlHYPzkM8pTphlsEo/edit?usp=drivesdk
1304,2025/8/30（週六） 22:10,22:10,459,459-0677503登大狼小海龜拔拔,八月小作文,https://docs.google.com/document/d/10iMyf4q9muLanhbkNboJJVgoUbd_997l/edit?usp=drive_link&ouid=113713286884009637132&rtpof=true&sd=true
1305,2025/8/30（週六） 22:29,22:29,464,464-0678146小書僮,八月小作文-漢唐2404,https://drive.google.com/file/d/16V68nYPZxaRpmyF33_mecdn-Gole5SyY/view?usp=drive_link
1306,2025/8/30（週六） 22:38,22:38,514,514-0724883Ryan,八月小作文-ONDS,https://docs.google.com/document/d/1XpB8xnHwinAr321EtCM4qZYo5Mas0VsrGx2nY7LrrEA/edit?usp=sharing
1307,2025/8/30（週六） 22:54,22:54,597,597-0735283霹靂不看布袋戲,八月小作文-6664群翊,https://docs.google.com/document/d/1Q7l6u5u4r0I-WmYq499o0B5ZMNNbydh1/edit?usp=drivesdk&ouid=106678726823243559533&rtpof=true&sd=true
1308,2025/8/30（週六） 23:31,23:31,469,469-0529347小宇,八月小作文-3491昇達科,https://docs.google.com/document/d/1QYrjlp_ZMW52Piff7UKiX90Sh_XAQ0Gv/edit?usp=drive_link&ouid=116028103918394948460&rtpof=true&sd=true
1309,2025/8/31（週日） 00:07,00:07,442,442-0435237Raymond,八月小作文-2428興勤,https://docs.google.com/document/d/1cJa5pxo2lDTXdbRmZa0SrpG18A2FiAyehLkxRcPa_V8/edit?usp=sharing
1310,2025/8/31（週日） 00:21,00:21,662,662-0782508Joseph,八月小作文 - 量化交易與策略分享(一),https://docs.google.com/document/d/1KMRnu9mmR55Fhur7JSLLc5dOzsQAFB4oFKmEnyEpeXs/edit?usp=sharing
1311,2025/8/31（週日） 00:33,00:33,404,404-0513832 Vicc,八月小作文-6944兆聯實業,https://tinyurl.com/2bufz4g9
1312,2025/8/31（週日） 00:33,00:33,545,545-0735474阿隆,八月小作文-4772台特化,https://drive.google.com/file/d/1Dl4QQvY8WlA5bwjuuAXyDePPtU8qU04J/view?usp=drivesdk
1313,2025/8/31（週日） 00:52,00:52,516,516-0724825EJAY,八月小作文-3293鈊象,https://drive.google.com/file/d/1QdYHtfCu014ygvvUiTrt8jgrP-0bAl-8/view?usp=drivesdk
1314,2025/8/31（週日） 00:53,00:53,390,390-0489924_Joe,八月小作文- 波段策略: 三大法人連買五日,https://docs.google.com/document/d/1-JPstD_IRknl0SLsL9ed_SUOnF1F1siplco7ilVPnSs/edit?usp=drivesdk
1315,2025/8/31（週日） 01:33,01:33,629,629-0727880 LEE,八月小作文 鴻呈,https://drive.google.com/file/d/10DMUdTblr-G8wjrFTYL-VknCbsp8Ulo7/view?usp=drive_link
1316,2025/8/31（週日） 01:51,01:51,611,611-0541723 鴿五郎,八月小作文-短線交易中的轉折  心得筆記,https://docs.google.com/document/d/1L2Fp3Lblu5MXpGC9c4Xoip4rx4opeVYf/edit?usp=sharing&ouid=104588451278844838269&rtpof=true&sd=true
1317,2025/8/31（週日） 08:30,08:30,459,459-0677503登大狼小海龜拔拔,八月小作文 佳能2374,https://docs.google.com/document/d/10iMyf4q9muLanhbkNboJJVgoUbd_997l/edit?usp=drive_link&ouid=113713286884009637132&rtpof=true&sd=true
1318,2025/8/31（週日） 08:47,08:47,513,513-0727822 Loui,八月小作文-台指下週操作與規劃,https://drive.google.com/file/d/1H5WsfoKZQe17sXdMiRqYFQ0D-PwT-ONE/view?usp=drive_link
1319,2025/8/31（週日） 09:47,09:47,508,508-0324115 Sean,,https://docs.google.com/document/d/1FNQjGkQjuFmKdrX0wVqjdqUx8QLZnfEDwbqBAzkHETk/edit?tab=t.0#heading=h.nkuzsiko6fv3
1320,2025/8/31（週日） 09:59,09:59,627,627-0512286 十圓,,https://docs.google.com/document/d/1jn8r-D3O1E_55qrX5rZ-uOB8qD34sYidsWxTrk2qfmA/edit?usp=sharing
1321,2025/8/31（週日） 10:21,10:21,491,491-0717793白交易,8月小作文,https://drive.google.com/file/d/1H7tB_z8T__E2xCRriIcxFh5n82R1MZtS/view?usp=drivesdk
1322,2025/8/31（週日） 10:50,10:50,585,585-0734569止水,8月小作文,https://docs.google.com/document/d/1UOW11xP9jjJJdsAocCfiqgkY4V8tlvJHGm-ZonZP7F8/edit?usp=sharing
1323,2025/8/31（週日） 16:10,16:10,623,623-0752473bad,8月小作文 - 降息歷史與股市影響和失業率觀察,https://docs.google.com/document/d/16mqinyVHDiShLAHuqmeIgR-Cd1OGitEQJjulqeVbYIY/
1324,2025/8/31（週日） 16:33,16:33,573,573-0741497快樂寶貝,8月小作文- 東元 1504,https://docs.google.com/document/d/1-OFB1oeaT3sXKfhgETpDHcjrUQ5C17PSZNezyvEdZHs/edit?tab=t.0
1325,2025/8/31（週日） 17:24,17:24,445,💎🌀⭐445-0556394 Kai,,https://docs.google.com/document/d/1nais00NUenHYntXJ-3cdYjFNWuW6n4Xm2Pz51JdxTug/edit?usp=drivesdk
1326,2025/8/31（週日） 17:42,17:42,621,621-0752923jen,,https://docs.google.com/document/d/14xKpJ-tXJgkXDMsgFBx2GLY2Wxo9yLBkykIA40LeF1w/edit?usp=sharing
1327,2025/8/31（週日） 18:22,18:22,450,450-0424183 Seal,八月小作文- 6664 群翊,https://docs.google.com/document/d/1MFWp3SRbeauHjML-dSKuM2BRZ5rWm4ShDIzCA8FVycQ/edit?tab=t.0
1328,2025/8/31（週日） 18:37,18:37,478,478-0541613 WL,8月小作文-PSU&BBU發展趨勢,https://drive.google.com/file/d/1m2wa9iPlY7vdKC-lQ2yZFaOcz4kZjiif/view?usp=drive_link
1329,2025/8/31（週日） 19:51,19:51,667,667-0782388鑽石商人,8月小作文-智通-讓航海王再次偉大,https://docs.google.com/document/d/1-gHSpI6q9Jtuf5MiktJUf4KBeHObcmWVPBZlnfuOfFY/edit?usp=drivesdk
1330,2025/8/31（週日） 20:37,20:37,488,488-0707486 TK,8月小作文-公開觀測站 即時重大訊息 Parser分享,https://www.notion.so/8-Parser-26011723f5dc80a19afbc1a78b34fa7a
1331,2025/8/31（週日） 20:39,20:39,676,676-0782537 Taka,8月小作文-成為優秀的輸家 交易中曾遇到的問題與反思,https://docs.google.com/document/d/1ZaaY-N5_8l7iIQ9kgy0qTTJwlRwLcLqN3Lzo6OAuvaA/edit?usp=sharing
1332,2025/8/31（週日） 20:43,20:43,632,632-0752790柚子,八月小作文 認識 Options，群組應該很多大大都是 option 大神了 。因為之前沒試過，剛好看到 Terry 有發教學影片，趁機學一波,https://www.notion.so/Options-25fe8e90de0080709b87f4ce003d59db?source=copy_link
1333,2025/8/31（週日） 20:44,20:44,041,041-0397236拖泥帶水,8月小作文-SITM,https://docs.google.com/document/d/1AY14gKxdDVE0RKlZ3cnFW6j_cdqhJrvt0j5OggW5wuQ/edit?usp=sharing
1334,2025/8/31（週日） 20:52,20:52,583,583-0741594迷因哥,8月小作文-黃金期貨,https://docs.google.com/document/d/1eHPodn5KDT0UNpYZq1gGahZnzgPen2xx65YmYh3Ydcs/edit?tab=t.0#heading=h.al3kgk4gxqgk
1335,2025/8/31（週日） 20:55,20:55,551,⚡️⭐️551-0689779QQ,8月小作文-雍智科技,https://docs.google.com/document/d/16ggSG6gjqQb5NhrLmWalomz2OQir2Sp1zj89BqpIQio/edit?usp=sharing
1336,2025/8/31（週日） 20:58,20:58,606,606-0750640麻糬ioi,8月小作文- 6669緯穎,https://docs.google.com/document/d/1fZ0Fb7oWZ4L5KkagrW6ewmyCYWquyUFko_--GbZS4dM/edit?tab=t.vmtumpx4duiz
1337,2025/8/31（週日） 21:14,21:14,543,543-0531953瘋狂吉娃娃,8月作文,https://drive.google.com/file/d/1QH6343R2cxpNjUVu1D6F4sIXRecMK5DR/view?usp=drivesdk
1338,2025/8/31（週日） 22:16,22:16,518,518-0501022豆腐,8月小作文,https://docs.google.com/document/d/1eadwTulmhq0x42FILiwHI-PETXyXdS9jXqB23P45lJo/edit?usp=sharing
1339,2025/8/31（週日） 22:34,22:34,524,524-0727783馬伕傑,,https://docs.google.com/document/d/1oyw5oNfhWlRz1gDHlfv-lJWqP8YPq-ql0bz5SAwfIBU/edit?usp=drive_link
1340,2025/8/31（週日） 22:39,22:39,535,535-0724553空格 王玉1個億,8月小作文-台達電（2308）,https://docs.google.com/document/d/1igbMZgIWGmWhzRwytEEJl55CDfT_rwnf/edit?usp=drivesdk&ouid=108855551660568832776&rtpof=true&sd=true
1341,2025/8/31（週日） 22:45,22:45,570,570-0742289努力就會成功,八月小作文-2374佳能,https://docs.google.com/document/d/1-f6FfVj7bUuynUlYz7KQ6iVFUXD7GfWa/edit?usp=drive_link&ouid=110464693689209888577&rtpof=true&sd=true
1342,2025/8/31（週日） 22:56,22:56,601,601-0743220邦邦,八月小作文-1608 華榮,https://docs.google.com/document/d/1wjcR2HY94BDMU9UweFSrWjHt17s8Dq7bTFE70XgnrcY/edit?usp=sharing
1343,2025/8/31（週日） 23:00,23:00,533,📊⭐️533-0525286 MT,8月小作文--00919空單,https://docs.google.com/document/d/137r1b4ZROQbjCBgb8y2FCK_XIynUYknwKqHOMlXa4aY/edit?usp=sharing
1344,2025/8/31（週日） 23:02,23:02,628,628-0189541 Louis,八月小作文  北美大麻產業,https://docs.google.com/document/d/1hBqyifi7txxxRTr2I_tbydjCSIrY3DLuThQZw83SWcI/edit?usp=drive_link
1345,2025/8/31（週日） 23:03,23:03,537,537-0525273momoju,8月小作文 - 6179 亞通,https://momoju.notion.site/8-6179-26066c95fe8d803a92adcba7a737fbd4?source=copy_link
1346,2025/8/31（週日） 23:05,23:05,654,654-0768001Han,8月小作文-對於9月台股現況的個股觀察規劃,https://docs.google.com/document/d/1AoTXZV6K4f0UvNMKsUFlI5sYBwX2RqRH/edit?usp=drive_link&ouid=100124887576573109492&rtpof=true&sd=true
1347,2025/8/31（週日） 23:05,23:05,462,462-0421377 RL,八月小作文 3680家登,https://docs.google.com/document/d/1HF85HPp1Abuwg5gHKv1Y_2EH99FyBqe4o-mtUrtJFj4/edit?usp=sharing
1348,2025/8/31（週日） 23:06,23:06,620,620-0752871 YH Lin,8月小作文 - 海期指數常用日內策略CRT解析說明,https://drive.google.com/file/d/1S5oaj-syVieS2ADMWmCCiAaxEAG9vSDN/view?usp=sharing
1349,2025/8/31（週日） 23:09,23:09,522,522-0727110Hsin,八月小作文 - 中光電(5371)小作文20250831,https://docs.google.com/document/d/1GT3oWpHg-08MJgEldfo7IMWiGGZM_2j1/edit?usp=drive_link&ouid=104280978726469480618&rtpof=true&sd=true
1350,2025/8/31（週日） 23:29,23:29,433,433-0519807 股市破壞者,8月小作文-陽明 2609,https://docs.google.com/document/d/1mCszJ89S8-4M1EsHpMShh6AXftUF8kWN/edit?usp=drive_link&ouid=113745668361309012287&rtpof=true&sd=true
1351,2025/8/31（週日） 23:30,23:30,569,569-0741507兩津腿庫,八月小作文_美股_ADI,https://docs.google.com/document/d/1gRE0o-2Q1GUWWnVrC-laoqp2bZKrGKmGAgEx-Chm6Nw/edit?tab=t.0
1352,2025/8/31（週日） 23:35,23:35,576,576-0741743 Zack,八月小作文-通嘉科技(3588.TW),https://drive.google.com/file/d/1IghiWoGn5p9ImXWBJ0ddHSVTwRvKHTm5/view?usp=sharing
1353,2025/8/31（週日） 23:53,23:53,472,472-0217714     五條,8月小作文樺漢(6414),https://likeable-manx-e71.notion.site/6414-23fdde723f2c801594c3f28774789bd0?source=copy_link
1354,2025/9/1（週一） 00:00,00:00,315,🌀⭐315-0424057 Shen,9月小作文 - CB對沖交易,https://docs.google.com/document/d/1cti9vgl9qUJrzIL1HP4tpByJ7dM-NhIn_KBSr3QD3ic/edit?tab=t.0
1355,2025/9/1（週一） 00:14,00:14,610,610-0750365淳,8月小作文-新手韭菜找台股標的,https://docs.google.com/document/d/151CkmK9N1emjnBXViItZNLIMe_x0WonXCsnGei_T8F8/edit?usp=drivesdk
1356,2025/9/1（週一） 00:23,00:23,587,587-0736295寫程式的工程師,八月小作文 - 從當沖加碼到波段持有的交易心法,https://drive.google.com/file/d/1kyrFb21AI7dHs43sYbKLqfjs2dH0tfUe/view?usp=drive_link
1357,2025/9/1（週一） 00:33,00:33,615,615-0396172John(小志),八月小作文-萬泰科（若公司下週有回覆小弟的email，pending 10天了QQ，會再補充更詳細的資訊，如基建/印度5G/機器人）,https://docs.google.com/document/u/0/d/10faYwly0H7DeaLdYafwSnBRF-okxwYCXDcJE8Bvmbko/mobilebasic
1358,2025/9/1（週一） 00:59,00:59,559,🔥⚡⭐559-0740236哩奧娜多,八月小作文-3665貿聯KY,https://docs.google.com/document/d/1i_tjWxbOJRQIx2kdbstLZZ0isNTdcX-kAz82xTBx3m8/edit?usp=sharing
1359,2025/9/1（週一） 01:36,01:36,547,547-0729532蹦蹦熊,八月 小作文韓國新羅免稅店 LINE PAY最高30趴回饋,https://docs.google.com/document/d/1q_JnTW1SZawalW0F6ait_60pn4ydFpaCLrmTe74J81s/edit?usp=sharing
1360,2025/9/1（週一） 01:39,01:39,219,219-0394352 負二貸,8月小作文 金居股票與期貨分析,https://docs.google.com/document/d/1-OTgtRbC_hT_dXDBLVUyguE-GBNaHSdNRCIDIe3bGkw/edit?usp=sharing
1361,2025/9/1（週一） 02:23,02:23,602,602-0383910波西,八月小作文_美股ETF - SPMO,https://docs.google.com/document/d/1Y4wZjgaR8UggEWROrnAh1YhxZVe8JdcY/edit?usp=sharing&ouid=106226827257978896515&rtpof=true&sd=true
1362,2025/9/1（週一） 03:00,03:00,511,511-0558402 James建智,,https://docs.google.com/document/d/1pXLMGc4AOOh-wn2wW1z_qlHjdpSryjre/edit?usp=sharing&ouid=107833663147907152196&rtpof=true&sd=true
1363,2025/9/1（週一） 03:34,03:34,496,496-0720984林小白,,https://docs.google.com/document/d/1a51A8FPwoHf5Jg8RbKtxBlJ8MK6jgdayIBoLW5HRF3E/edit?usp=sharing
1364,2025/9/1（週一） 09:03,09:03,624,624-0748762張仔,8月小作文-MP,https://drive.google.com/file/d/1IVqF3g8tPqMoQTH7tXMXke4rVi7a6cXp/view?pli=1
1365,2025/9/1（週一） 09:17,09:17,395,395-0497903 Yu,,https://docs.google.com/document/d/17XCxb16aeWszg3jZmMu1uraHvNWYifFT8UAQ77506Jc/edit?usp=sharing
1366,2025/9/1（週一） 09:17,09:17,395,395-0497903 Yu,8月小作文,https://docs.google.com/document/d/17XCxb16aeWszg3jZmMu1uraHvNWYifFT8UAQ77506Jc/edit?usp=sharing
1367,2025/9/1（週一） 11:05,11:05,633,633-0547293Link,9月小作文-健策3653,https://docs.google.com/document/d/1e1k60gKpzhKgDN8GVP4vyMWn0R3tkhck/edit?usp=drivesdk&ouid=117453146904423090482&rtpof=true&sd=true
1368,2025/9/1（週一） 11:48,11:48,646,646-0760423林,,https://docs.google.com/document/d/1kEjttoSxs_gfBOskup30krYrkt4lgKFKVVh8Xq02wY8/edit?usp=sharing
1369,2025/9/1（週一） 16:01,16:01,653,653-0764005下五沒有事做的小希,8月小作文,https://docs.google.com/document/d/1e9f-idY8O4XYTkaYMjj0FC64cpwpxAt-/edit?usp=drive_link&ouid=102742943529460054148&rtpof=true&sd=true
1370,2025/9/1（週一） 17:10,17:10,354,354-0459909 Chuck,9月小作文-Vix出場檢討文,https://pattern-magazine-e7f.notion.site/261b34904421807b9767c7f601f3b891#261b34904421802c952bc0a31e5d4618
1371,2025/9/1（週一） 17:47,17:47,578,💎⭐578-0742519GRACE,8月小作文  3305 昇貿操作方式,https://drive.google.com/file/d/1SbuFxYwsZrIhpBpQUtNqW2qB-Suyd_DV/view?usp=sharing
1372,2025/9/1（週一） 18:47,18:47,517,517-0726218HK,八月小作文 股東紀念品心得分享,https://docs.google.com/document/d/1uAk5cPqTx6Eg-mgO1TY0kzQ3SmTZUTzOR8XbHtKUb94/edit?usp=drivesdk
1373,2025/9/1（週一） 21:20,21:20,700,700-0815093阿沐,九月小作文-CIEN,https://docs.google.com/document/d/1SSYD2NfIq0deZZzRFoJ7JnYmolB3fssV98k5aIatu8w/edit?usp=sharing
1374,2025/9/1（週一） 22:07,22:07,137,137-0396703 Kura,八月小作文- CFLT,https://docs.google.com/document/d/1oJBJ8S-0y0KBEQ1gRT5mENrijz-KQnVLu5JUZvF1gYc/edit?tab=t.0#heading=h.5o9gyw2kk6n3
1375,2025/9/1（週一） 23:38,23:38,470,470-0529994承承,八月小作文-聖暉(5536),https://docs.google.com/document/d/1s2UtOc_cbpXcsW1JWn0U5yuy1-lmlyqJ/edit?usp=sharing&ouid=106380519427054374241&rtpof=true&sd=true
1376,2025/9/2（週二） 02:06,02:06,557,557-0727411威力力力,八月小作文-小飛鷹交易猛男勳哥限動QA問答重點整理,https://docs.google.com/document/d/1ny2sGhbxxJsE3VYgkXBYiC8PMkHTn7s5/edit?usp=drive_link&ouid=101047127970704222066&rtpof=true&sd=true
1377,2025/9/2（週二） 08:53,08:53,041,041-0397236拖泥帶水,9月小作文3653-健策,https://docs.google.com/document/d/1-ED7TsfLU-eaFtwr-m3ObFTwbejkmZkfnAWRIbjzqJQ/edit?usp=sharing
1378,2025/9/2（週二） 10:36,10:36,590,590-0747255JEROME,8月小作文,https://docs.google.com/document/d/1mT197_S6zRhOhOCMMiO39AxlvKDzXubr/edit?usp=drive_link&ouid=111600987723467763025&rtpof=true&sd=true
1379,2025/9/2（週二） 14:24,14:24,702,💎⚡️⭐️702-0826118 溫溫,九月小作文-達明4585+新代7750 Long short配置,https://drive.google.com/file/d/1RzGAw2b20Q3y04Et9zW1l7rXmJZ8-eR_/view?usp=drive_link
1380,2025/9/2（週二） 16:23,16:23,701,701-0810302布萊恩,九月小作文-森崴能源6806,https://drive.google.com/file/d/1-Gxgh7almF1dTBnSMR2UdLqB7d0Mh8xX/view?usp=drive_link
1381,2025/9/2（週二） 16:25,16:25,704,704-9800006阿波,九月小作文-亞光3019,https://drive.google.com/file/d/1Ga_wz5ZoQ-kxogwZ8v0aCUvB0OA9QpB7/view?usp=drive_link
1382,2025/9/2（週二） 17:17,17:17,465,465-0677707股市細漢,九月小作文-整理Morningstar晨星(threads)上的產業分享知識,https://docs.google.com/spreadsheets/d/1tEu7IQF5JCd3Xc_GkHO4fPSedVGM7vIg/edit?gid=1015954954#gid=1015954954
1383,2025/9/3（週三） 01:31,01:31,046,046-0406114 JOY88,,https://docs.google.com/document/d/1i4c5MIfHxGV2N0rqjTmH971tOOWHC01A/edit?usp=drive_link&ouid=102342029662928345304&rtpof=true&sd=true
1384,2025/9/3（週三） 02:11,02:11,561,561-0732082河雅郎,,https://docs.google.com/document/d/e/2PACX-1vTX41kaNgMi2Ipn2Se3nGDGxBigIENHz4LHc9B9I4tsy7tY-U9RND_3sTWvBo35032JW1UE7PlAY5mB/pub
1385,2025/9/3（週三） 14:08,14:08,588,588-0743848MKTY,8月小作文 3587,https://www.dropbox.com/scl/fo/pcr9nhppxhjjfm8r0p554/AIxOEv1qPB-cOgQG01UDHyM?rlkey=8okul7yc2nhu2f7ot6zk89hwf&dl=0
1386,2025/9/3（週三） 15:55,15:55,671,671-0787312 Hi there,9月小作文 KLAC,https://docs.google.com/document/d/1xcPdNnMlvergQfsBumNREHD4fuCcyPTSMf3X8mTwrws/edit?tab=t.0#heading=h.p101haj92er9
1387,2025/9/3（週三） 17:01,17:01,707,707-0826846好想下班,九月小作文-士電1503,https://docs.google.com/document/d/1H-hF0FW1vSU-Oac_d05z0hXKHzSGEYux/edit?usp=sharing&ouid=116712566787713913164&rtpof=true&sd=true
1388,2025/9/3（週三） 17:05,17:05,705,🔥 ⚡⭐ 705-0825850小哥哥,九月小作文-維熹 3501,https://docs.google.com/document/d/10AAVrDfowBDoJBppH2hIoGevEviNW5ZP/edit?usp=drivesdk&ouid=114546188172100508037&rtpof=true&sd=true
1389,2025/9/3（週三） 17:10,17:10,568,568-0740906MilesDad,九月小作文-長虹 5534,https://drive.google.com/file/d/1Va_UbhA7N5Z4_tYxmMZcpCS8NTK9VGjm/view
1390,2025/9/3（週三） 19:35,19:35,599,599-0749350小季,8月小作文-AMD,https://drive.google.com/drive/home?dmr=1&ec=wgc-drive-globalnav-goto
1391,2025/9/3（週三） 20:39,20:39,584,584-0745448雙北健美攻擊手,9月小作文 聖暉* 5536,https://docs.google.com/document/d/1Et4xr-iE37XMr3mInRRLaD2IgefRUR85CKsIxvOWhZY/edit?tab=t.0
1392,2025/9/3（週三） 20:50,20:50,115,115-0398769 阿六,9月小作文-櫃買警報器,https://drive.google.com/file/d/1LgtRKC1P9Ik6JHEGxROJSR9pcrYOS0o_/view?usp=sharing
1393,2025/9/3（週三） 23:25,23:25,652,652-0760258STwind,9月小作文 佳必琪6197,https://docs.google.com/document/d/10gWgpSUZ9fYi95bv5y-CixoquGqmw9tZ/edit?usp=drive_link&ouid=110495011898721488726&rtpof=true&sd=true
1394,2025/9/3（週三） 23:49,23:49,553,553-0720939東東,,https://docs.google.com/document/d/1_p8b_3hgSdWMNsgPFqIkRI4kCiG32umbjALSiRYaGjc/edit?usp=sharing
1395,2025/9/4（週四） 09:52,09:52,670,🔥⭐670-0782621秀乙,,https://docs.google.com/document/d/1coGEbZppDywQhCm5MZplniLIB8tOYdvF9XacHqYyazw/edit?usp=sharing
1396,2025/9/4（週四） 15:38,15:38,708,708-0827175南極熊,九月小作文-華通2313,https://docs.google.com/document/d/1-83SbMTjGG-XXw0XYCGm2_TU2LsTNRZakr67yzqQsr0/edit?usp=drivesdk
1397,2025/9/4（週四） 15:44,15:44,706,706-0825193Harpist,九月小作文-中華化 1727,https://docs.google.com/document/d/1R8k-gqxV9xIcuqpizZPduJIhLT0xL_Ibm6bLWXR4SGU/edit?tab=t.0
1398,2025/9/4（週四） 16:33,16:33,046,046-0406114 JOY88,9月小作文以FOMC投票票委來分析,https://drive.google.com/file/d/1JfxcgM68NB60uUhyNF_v9rp5u8_ce4T6/view?usp=drive_link
1399,2025/9/4（週四） 17:41,17:41,709,709-9800007子J,九月小作文-經寶jpp-KY 5284,https://docs.google.com/spreadsheets/d/1K76QNpxSzzQjcr9LF8C6xOkco13mGT3sJtZv2EIpg-8/edit?usp=sharing
1400,2025/9/4（週四） 23:32,23:32,447,447-0429654 Samuel,8月小作文-日本一級棒大金,https://docs.google.com/document/d/1GX8dTSCk21wh-ibES6hUUah5XmkB1z7GAPlcyyuUa4A/edit?usp=sharing
1401,2025/9/4（週四） 23:41,23:41,686,686-0810001卡爾森,九月小作文-遠雄港5607,https://docs.google.com/document/d/12j12OKLZd2EhotPAK-ZuARsKKwPqRxVQEAv9P7FUqvo/edit?usp=sharing
1402,2025/9/5（週五） 01:46,01:46,427,427-0534073 ant🐜,8月小作文：中光電5371,https://docs.google.com/document/d/1_z6O9SiWkOJzF5X25V4E4KTkbKsKzj-aF_VftvE9gtg/edit?tab=t.0
1403,2025/9/5（週五） 12:12,12:12,706,706-0825193Harpist,九月小作文 我個人用程式寫的 每日籌碼流向報告,https://docs.google.com/document/d/1QFCy8EY9ob6Y29KYykFdmAtsuphmKUP-bM5OSVw1IG4/edit?tab=t.0用程式
1404,2025/9/5（週五） 13:01,13:01,617,617-0739454傑森,狼友小作文 9月份 永信建 5508,https://docs.google.com/document/d/1ZLAIQ0V_bSjX7f2vDMD4MmPzY6nSxuIqFZi7d-IH3gs/edit?usp=sharing
1405,2025/9/5（週五） 16:24,16:24,289,289-0394556/Agogo,9🈷️小作文 2481 強茂,https://docs.google.com/document/d/15h0CQ6SbTBcAvzWCLLH846UWrpAmJev3Bp1AVQ7IAxA/edit?usp=drivesdk
1406,2025/9/5（週五） 16:34,16:34,616,616-0749800 吉拉,8月小作文 1513中興電,https://docs.google.com/document/d/1vvfhz0mWg-TkzC_JwNEX_e9hi3vJwF0L736oumJ5ugE/edit?usp=sharing
1407,2025/9/5（週五） 17:38,17:38,687,687-0461939你豪弟,,https://docs.google.com/document/d/1jaxym8JxxGlbs0--nrXnK-lUs2OqgJjZ/edit?usp=share_link&ouid=107276251758633899681&rtpof=true&sd=true
1408,2025/9/5（週五） 19:19,19:19,546,546-0728449Douhua,9月小作文 Perplexity領取,https://docs.google.com/document/d/1YcjmdrIzxzdeenFO-lhTa7jaF_OIlDipMsbuiUAI8L0/edit?usp=sharing
1409,2025/9/5（週五） 21:15,21:15,699,699-0432133山姆,九月小作文-泰金-KY 6629,https://docs.google.com/document/d/1dqGjw-jjhfRzR4-CWen7thahWPcqJmQAYSY3MYhRjbc/edit?usp=drive_link
1410,2025/9/6（週六） 14:16,14:16,711,711-0824408我要成為通靈王,九月小作文-ALAB,https://drive.google.com/drive/folders/16uRGm8xvtqCoXTLlPvPOtieOkJy3Vq8l?usp=sharing
1411,2025/9/6（週六） 14:56,14:56,540,540-0726483小林,八月小作文-當日開盤內5-30分鐘成交量前10名的觀察及探討-3，以8/28為例-,https://docs.google.com/document/d/1Uf8V3sqv8-iRcV8D6N0Hy4hoetvw-5_ZIO-AEGMs_xc/edit?usp=sharing
1412,2025/9/6（週六） 16:57,16:57,713,713-0824864小邱Eric,九月小作文-智通8932,https://drive.google.com/file/d/160WdQQc-bTK0yrn8ZQKBX58exAs6muVS/view?usp=sharing
1413,2025/9/6（週六） 17:00,17:00,712,712-0828899馬克蔡,九月小作文-崧騰3484,https://drive.google.com/file/d/1WEOtB1BunXpL49dyf6-79G5sM8lJuRLV/view?usp=drivesdk
1414,2025/9/6（週六） 20:50,20:50,608,608-0750132 Kris,9月小作文 鴻海技術分析,https://docs.google.com/document/d/10npFj5q4oiFq92r9lxQt5-GhBhbw8s0WXpwvUjLSGuA/edit?usp=sharing
1415,2025/9/6（週六） 21:00,21:00,668,668-0780076jackychen,,https://docs.google.com/document/d/10npFj5q4oiFq92r9lxQt5-GhBhbw8s0WXpwvUjLSGuA/edit?usp=sharing
1416,2025/9/6（週六） 21:12,21:12,664,664-0782605阿德,9月小作文-2020abf載版 vs2025pbc載版,https://drive.google.com/file/d/1miSUlVlR2gb_E7KVwsxWlZQ95N-K5wcK/view?usp=drivesdk
1417,2025/9/6（週六） 22:03,22:03,574,574-0725109Flower SH,8月小作文,https://docs.google.com/document/d/1fh-B6OJYN4HxmjBrdC1OKv1oV0nsyj2Z/edit?usp=sharing&ouid=104503944248444594043&rtpof=true&sd=true
1418,2025/9/7（週日） 01:41,01:41,644,644-0394158三男寶爸楊仔,,https://docs.google.com/document/d/1QEuGyK8Ypb_Vz4WObG6P_znno6ietVXSqOp8nHQW3rw/edit?tab=t.0
1419,2025/9/7（週日） 02:15,02:15,567,567-0726661 Gary,九月小作文-處置出關股日內空方當沖策略2,https://walnut-planarian-4a2.notion.site/2025-09-07-2637d11db04c80c08ddcf85b93cbf8c6
1420,2025/9/7（週日） 12:31,12:31,709,709-9800007子J,9月小作文-7402邑錡,https://docs.google.com/spreadsheets/d/1K76QNpxSzzQjcr9LF8C6xOkco13mGT3sJtZv2EIpg-8/edit?usp=sharing
1421,2025/9/7（週日） 12:49,12:49,385,385-0497440 麥當勞股東,,https://docs.google.com/document/d/120UragXWnTjc6CKmRgOhErY2kEGtRFbt_qSr7dkXsOc/edit?usp=drivesdk
1422,2025/9/7（週日） 17:18,17:18,437,⚡️⭐ 437-0548182林大大,9月小作文 - 天虹（6937）,https://docs.google.com/document/d/1RKK1bcxYefg6UI1sgsTbQuDIePKFmdtp/edit?usp=sharing&ouid=102413103344657402164&rtpof=true&sd=true
1423,2025/9/7（週日） 22:04,22:04,670,🔥⭐670-0782621秀乙,,https://docs.google.com/document/d/1UQoXFTW-v55nhDZ2vqWhcvN9XhYxueO89N_nEDbwQsY/edit?usp=sharing
1424,2025/9/8（週一） 00:03,00:03,563,563-0554668社工日常,9月小作文，獻給槓桿開很大，爆炸可能得去吉野家打工的群友，沒有嚴謹的回測跟計算，提供大家一個思考的方向和做法，歡迎選擇權大師補充建議和做法,https://drive.google.com/file/d/1RfVMO4ExRW1QkWP5x-vg1eMGIihWxslm/view?usp=sharing
1425,2025/9/8（週一） 00:16,00:16,661,661-0781606亨利,9月小作文 3535晶彩科,https://docs.google.com/document/d/1PI_8ITLDxWmzjwVG0GYRpyXma2_DZMcp/edit?usp=sharing&ouid=108877945366556848895&rtpof=true&sd=true
1426,2025/9/8（週一） 00:43,00:43,579,579-0740320Jack,8月小作文  5392 能率,https://docs.google.com/document/d/1EJ4gZTy5wolCwoVWq5wGnWLaaRFn3y-s/edit?usp=drive_link&ouid=118019031832096772647&rtpof=true&sd=true
1427,2025/9/8（週一） 01:15,01:15,638,638-0361071鵝爸,9月小作文-機場貴賓室免費使用技巧-,https://docs.google.com/document/d/1FWxqF6hAxlhWam_lu13WBL5rsMC3FQcdZHdb29Uvlf0/edit?usp=sharing
1428,2025/9/8（週一） 01:52,01:52,605,605-0735461小蘋果,9月小作文-6199天品,https://docs.google.com/document/d/1Xb_yXuwlYM07kSz5udRJMQcvIXeFmMdDV1rktnfAmmQ/edit?tab=t.0
1429,2025/9/8（週一） 02:21,02:21,390,390-0489924_Joe,9月小作文 - 2498宏達電,https://docs.google.com/document/d/1-9vZw-lGgzjb5lpEe1UCjhX5t27yTzNI3SrAt9DjYNU/edit?usp=drivesdk
1430,2025/9/8（週一） 06:27,06:27,454,454-0454292RS,9月小作文-3284太普高,https://1drv.ms/w/c/14af7490f40312ba/EQoeXXu4hC5Jh3J8NDtPWJ0BAZtA5YbnRlx2h_18OCk81A?e=bRUeVN
1431,2025/9/8（週一） 14:38,14:38,630,630-0755577 十四,轉傳,https://ppt.cc/fgtgPx
1432,2025/9/8（週一） 21:10,21:10,473,473-0680338下面一位,8月小作文 8442威宏,https://docs.google.com/document/d/16ou8saLt5OYXmQOyXLQMAzzhJKahUjCDnXWoJSiQXGY/edit?usp=sharing
1433,2025/9/8（週一） 21:16,21:16,630,630-0755577 十四,九月小作文_華晶科(3059),https://reurl.cc/QaONnq
1434,2025/9/8（週一） 21:45,21:45,407,407-0516211史蛋,8月小作文-良維(6290),https://docs.google.com/document/d/11NO3vZgoE0-8xpRaCN5xYfUgpQ5J1b_6f3Vdp8LYffU/edit?usp=sharing
1435,2025/9/8（週一） 22:09,22:09,716,716-0469737小陳,8月份小作文 楠梓電2316,https://docs.google.com/document/d/e/2PACX-1vQEk7p2_ajS0a7q2neczewy24yjAKbK7WUAAD5yvjitfmfo5zcfTbGSmAH36Wyfrq53wSDoJdSFHJO3/pub
1436,2025/9/8（週一） 23:14,23:14,041,041-0397236拖泥帶水,9月小作文2-ALAB,https://docs.google.com/document/d/11cCt6IjE8dUPwZ0gNYIb2fSzzpdweygzMXH3nrSQJm4/edit?usp=sharing
1437,2025/9/8（週一） 23:22,23:22,398,398-0502254昶,9月小作文-20250904軍工族群交易機會,https://drive.google.com/file/d/1fL9DIeI_Ri0J1geMEcU2CQAEBrqx5THV/view?usp=sharing
1438,2025/9/9（週二） 00:08,00:08,529,529-0729189 書蟲,九月小作文-強茂2481,https://drive.google.com/file/d/1CJ2SRPMx-Dev_sxyuf56j5lRrLRrGTru/view?usp=sharing
1439,2025/9/9（週二） 00:55,00:55,463,463-0428875JoeC,8月小作文-南電,https://docs.google.com/document/d/1aBU8sem16EP372AmICcIjK-fUDRN_9NA2N-wmNKEarc/edit?usp=sharing
1440,2025/9/9（週二） 07:38,07:38,184,184-0393188 吃魚,,https://docs.google.com/presentation/d/1dxO2OQ6T4RLD4HjGv5W9hyqN7jcLhjpdeVbsuMBLv0w/edit?usp=drivesdk
1441,2025/9/9（週二） 10:35,10:35,381,381-0491048彼得森,9 月小作文 2436 偉詮電,https://docs.google.com/document/d/1J4ZO4YkbQefHXUjjqTz0tp47bSOqTX_6MsWsf4tHHKk/edit?usp=drivesdk
1442,2025/9/9（週二） 11:18,11:18,673,673-0785110特特,,https://docs.google.com/document/d/1RVFAHGK3k6mQAWkAO4IYmIzGZVd4zOnrRTuhmTtEi8g/edit?usp=sharing
1443,2025/9/9（週二） 13:06,13:06,698,698-0755564JA,9月小作文-光洋科(補充上中下游資訊),https://docs.google.com/document/d/1NezicmXRG3w7daJlEcCWHAZp_xBWqzBeTeXlu9fZebs/edit?tab=t.x13sbn8z9cav
1444,2025/9/9（週二） 13:55,13:55,289,289-0394556/Agogo,九月小作文 定穎投控,https://docs.google.com/document/d/1rDQG-hdQ5YwNRcR8eXIRO1YnGZlK8bMeJyxe63sqwrU/edit?usp=sharing
1445,2025/9/9（週二） 15:48,15:48,717,717-0414096POLO👕,九月小作文-南電8046,https://docs.google.com/document/d/1QsC5DUW7uDt7MflIUDaDhlgbsY2zpyNkWOtw16O-wu8/edit?tab=t.0
1446,2025/9/10（週三） 15:39,15:39,718,718-0827751小J,九月小作文-GRMN,https://hackmd.io/@oKnu1ThDTlirB8lTp4ZjQQ/SyM7rkA5ee
1447,2025/9/10（週三） 15:39,15:39,719,719-0827133Eileen,九月小作文-京鼎 3413,https://docs.google.com/document/d/1cYb3GxUgfOmwhSmhWpAi3HH7i5mr0qWh/edit?usp=sharing&ouid=111607531348161543485&rtpof=true&sd=true
1448,2025/9/10（週三） 17:43,17:43,494,494-0724582  ERIC,8月狼友小作文-3703欣陸,https://docs.google.com/document/d/1hd7hHV64OASDQrJ9EUGCqzoCxa6UNbqshvOYSKb3jxo/edit?usp=sharing
1449,2025/9/11（週四） 16:25,16:25,581,581-0721734Barney,8月狼群小作文 - 1268 漢來美食,https://docs.google.com/document/d/1Z2Tl2u4164DZuYaSdgvAdgKN41jD-QAphv2KkM5J2Kk/edit?usp=sharing
1450,2025/9/11（週四） 18:35,18:35,424,424-0528115guidex,8月狼群小作文 - 5203訊連,https://drive.google.com/file/d/1dq1GUgDXXjh7GwD5tHcVX0QFaCJ4iO5k/view?usp=drive_link
1451,2025/9/11（週四） 23:35,23:35,716,716-0469737小陳,9月狼群小作文 - 5289 宜鼎,https://docs.google.com/document/d/1YeK9AnohKWJtSEiIEjNPCGnIcltbLxNxOEQQh-N2vOE/edit?usp=sharing
1452,2025/9/12（週五） 10:05,10:05,503,503-0551726千千,,https://docs.google.com/document/d/1jato7nQwyiVcJYWwX0N2SE0SbT8gCttiR8B7I-RJTf0/edit?usp=sharing
1453,2025/9/12（週五） 22:16,22:16,466,466-0431600見龍於田,8月小作文-Tempus AI (TEM),https://docs.google.com/document/d/1GQMpu6P1XRKxA4u52ibhszeypkvtmtVoSRSfXjp-HPE/edit?usp=sharing
1454,2025/9/13（週六） 13:49,13:49,318,🔥⚡⭐318-0398439交易失敗,9月狼群小作文 - 國中生也能懂得 《矽光子完整筆記》,https://docs.google.com/document/d/1rTs2pQtwSizc2QM_oyW041x1AZGUhFloEyVmk66mnxw/edit?usp=sharing
1455,2025/9/13（週六） 15:00,15:00,681,681-0771836yu chen,九月狼群小作文 出差賺外快,https://docs.google.com/document/d/12cIDquACv66LFpIVHDaMS6u0L-31CzVgsxlMzqRnvcg/edit?usp=drivesdk
1456,2025/9/13（週六） 17:16,17:16,434,434-0547510菲獅,9月小作文-台達電2308,https://docs.google.com/document/d/1ErLE15AVc56AovMO4ZXrarfggpsfvG1n_yLeA_Otrvc/edit?tab=t.0
1457,2025/9/13（週六） 23:35,23:35,041,041-0397236拖泥帶水,9月小作文03-強茂2481,https://docs.google.com/document/d/10d6sIiUlWntkch63fUL0NjqpJkM-UB-p2AveZANkOxQ/edit?usp=sharing
1458,2025/9/14（週日） 07:21,07:21,527,527-0726894耀,九月小作文3持股續抱的理由,https://docs.google.com/document/d/1kS8eor7PdgG7EnWBnM32v1RWVc3b8kDZ/edit?usp=drive_link&ouid=106899638007069152878&rtpof=true&sd=true
1459,2025/9/14（週日） 09:40,09:40,611,611-0541723 鴿五郎,9月小作文2   短線交易2-當下交易的規劃,https://docs.google.com/document/d/1_mgYne4qKa1pJazzPv_OhMY2EAWksGWc/edit?usp=drive_link&ouid=104588451278844838269&rtpof=true&sd=true
1460,2025/9/14（週日） 13:53,13:53,552,552-0738248小炫風,九月小作文-東哥遊艇8478,https://1drv.ms/w/c/691f33e0f672afe9/EX56iPY6zG9Gsh5W1sf_oSIBtXntU5TBHvj9N2nshIsgkQ
1461,2025/9/14（週日） 15:48,15:48,527,527-0726894耀,這個是我自己弄的凱莉公式EXCEL表 有興趣再使用更改成自已適合的方式,https://docs.google.com/spreadsheets/d/1SKNCPtD5sAk76b6zwykBuA1ZHkKRSHEZ/edit?usp=sharing&ouid=106899638007069152878&rtpof=true&sd=true
1462,2025/9/14（週日） 16:48,16:48,660,660-0769589聾五,9月小作文-鮮爲人知的綠賣紅買強勢股利器,https://docs.google.com/document/d/1S4xuhHH9Gb6RDpq7MlOxKUSjhYnUI0cnF_kM4OUDB9k/edit?usp=drivesdk
1463,2025/9/14（週日） 18:21,18:21,437,⚡️⭐ 437-0548182林大大,9月小作文 part2 - 南亞科（2408）& 華邦電（2344）,https://docs.google.com/document/d/1-whisCdNeEQN69MW56XYfHvh0aUBAFLx/edit?usp=sharing&ouid=102413103344657402164&rtpof=true&sd=true
1464,2025/9/14（週日） 21:22,21:22,592,592-0395380YH,八月小作文（補）,https://docs.google.com/document/d/1kDclXGocoHzD8RsV60gKszRJ0QyXnGQnv0kfKcbFqto/edit?usp=sharing
1465,2025/9/14（週日） 21:36,21:36,720,720-0782948老白,,https://docs.google.com/document/d/1nrBLsU1_AJ9oXUP1O4PkGWET_EQV6W6aDpL5NHYu28o/edit?usp=sharing
1466,2025/9/14（週日） 22:12,22:12,673,673-0785110特特,九月小作文-,https://docs.google.com/document/d/1RVFAHGK3k6mQAWkAO4IYmIzGZVd4zOnrRTuhmTtEi8g/edit?usp=drivesdk
1467,2025/9/14（週日） 22:30,22:30,612,612-0751830 Bazinga,八月小作文(補)-,https://drive.google.com/file/d/1ZKUx7eXXMzRNemuN0TCCwSqzVH4rDeKo/view?usp=sharing
1468,2025/9/14（週日） 23:06,23:06,613,613-0750653諾克堤斯,八月小作文（補）,https://drive.google.com/file/d/11IXjWRQDd3WiFSYLOw4xjXRuWsWKZNpc/view?usp=drivesdk
1469,2025/9/14（週日） 23:06,23:06,613,613-0750653諾克堤斯,九月小作文,https://drive.google.com/file/d/1VevZg6rciVQCLsFfCkhKXx9fulpwzckw/view?usp=drivesdk
1470,2025/9/14（週日） 23:21,23:21,544,544-0735623 星期六早上,八月小作文 (補),https://docs.google.com/document/d/1kgIschfDes04EqxNx1q0uuRr9m6_60iiREN01m5jLqs/edit?usp=sharing
1471,2025/9/14（週日） 23:31,23:31,538,538-0736538 ㄟ死笑笑笑,八月小作文（補）,https://drive.google.com/file/d/1RqtQK2TwhN-wj2IgNTpX73ls-61wefot/view?usp=sharing
1472,2025/9/14（週日） 23:35,23:35,643,643-0449197Eva,250914小作文-7402邑錡,https://docs.google.com/document/d/1dK2d94f5Zw9NPaPYFr1xXtjgjUqkxcXm/edit?usp=drive_link&ouid=110642065373844850390&rtpof=true&sd=true
1473,2025/9/14（週日） 23:41,23:41,421,421-0299033青蛙狼,8月小作文-,https://docs.google.com/document/d/11cI3EB-FXm0CyIl8HC-SB5BvFQ9ZccShBNZFxplGSbY/edit?usp=drivesdk
1474,2025/9/14（週日） 23:44,23:44,428,428-0429751貝卡,8月小作文AVGO-,https://docs.google.com/document/d/1dLnYofRRqwEwFPMXKY_o8OcNB7336ZUK0Wbf1kJ6Y9Q/edit?usp=sharing
1475,2025/9/14（週日） 23:45,23:45,506,506-0723994 樂觀感恩,,https://docs.google.com/document/d/14t-WzhAuEhf-yqgQQNruFX8se1F0IyLWgRg58K9jrqM/edit?usp=sharing
1476,2025/9/14（週日） 23:49,23:49,669,669-0783549EdwardLin,八月份小作文,https://docs.google.com/document/d/1DsXcMzVxNfZB7TIGyltEKykmNHOsiUGQ/edit
1477,2025/9/14（週日） 23:58,23:58,544,544-0735623 星期六早上,九月小作文,https://docs.google.com/document/d/1kgIschfDes04EqxNx1q0uuRr9m6_60iiREN01m5jLqs/edit?usp=sharing
1478,2025/9/15（週一） 00:28,00:28,500,500-0724304FOMO就剁手手,八月小作文,https://docs.google.com/document/d/1zHcdFhhVhlRKaiYnJJ6OtYlmFqP6W8mv46U6tE5OyQM/edit?usp=sharing
1479,2025/9/15（週一） 00:45,00:45,659,659-0773876眼睛畫XX,九月小作文,https://drive.google.com/file/d/1Bdu4ET8-8ZykuznSEivEaejd4U4Zw2M1/view?usp=drive_link
1480,2025/9/15（週一） 00:49,00:49,596,596-0530815龜龜,九月小作文,https://1drv.ms/w/c/068c5ddf93808c2f/EbqY1XuXPnpPlZ4Y6Xd1b4IBWH5Cl6AbHw-CKSUqLp4GYA?e=CUAlwo
1481,2025/9/15（週一） 00:50,00:50,596,596-0530815龜龜,八月小作文,https://1drv.ms/f/c/068c5ddf93808c2f/ElA_KgdBXgZIhYRc_yAwL_UBGBRYTua-B7hSPmtIFH_vdA?e=43OBEK
1482,2025/9/15（週一） 00:51,00:51,659,659-0773876眼睛畫XX,"我剛進群時寫他,",https://docs.google.com/document/d/1Jb5OET9wJL5W5H8hEbIXIAfGQxhQK9Kl/edit?usp=sharing&ouid=112969168744547444941&rtpof=true&sd=true
1483,2025/9/15（週一） 00:51,00:51,392,392-0426534定宏,八月小作文（補）,https://docs.google.com/document/d/1rb6laHdjsKkfswqRr9_VVW8mLvlh3Y22ZXiSpU0tMTo/edit?usp=drivesdk
1484,2025/9/15（週一） 01:17,01:17,440,440-0208121  voice,八月小作文,https://docs.google.com/document/d/1ytGSaOhBju3NCrcggGbwn1PYBIULAQAW/edit?usp=sharing&ouid=112140481029709627573&rtpof=true&sd=true
1485,2025/9/15（週一） 06:08,06:08,603,603-0749046高福福,八月小作文(補),https://drive.google.com/file/d/1VhVcKuikBs74mnIfTwQjBO79RhxeaGHS/view?usp=sharing
1486,2025/9/15（週一） 06:09,06:09,668,668-0780076jackychen,8月小作文,https://tinyurl.com/2npab7u2
1487,2025/9/15（週一） 10:45,10:45,318,🔥⚡⭐318-0398439交易失敗,9月狼群小作文-美中半導體衝突與對台灣電源管理 IC 產業的影響,https://docs.google.com/document/d/1a9tIAIzALwKK4um2N1aNjY3a4XUfYc54rpS013lrehY/edit?usp=sharing
1488,2025/9/15（週一） 10:48,10:48,449,449-0522027冷萃綠茶,,https://docs.google.com/document/d/1uxeju16WQidu3E844qRPcZ0fR1dZPQulVOopFXkAbqs/edit?usp=drivesdk
1489,2025/9/15（週一） 10:49,10:49,387,387-0405856 Wesley,八月小作文,https://docs.google.com/document/d/1yhN5Ya671zSIEZcXpiNXB0ObI_-A-dH1j3YBQGZwqwY/edit?usp=drivesdk
1490,2025/9/15（週一） 12:50,12:50,274,274-0268705雷門林,九月小作文,https://docs.google.com/document/d/1Xq3EN116R3qOvmB9InJLtcIOaGlLPS9iRpz43vsZtnk/edit?usp=sharing
1491,2025/9/15（週一） 16:08,16:08,635,635-0557322阿展,9月小作文,https://docs.google.com/document/d/114ygDzrqOe6Tfd2HavNkPNdAFClGfE8D/edit?usp=drive_link&ouid=109030146905094579631&rtpof=true&sd=truee
1492,2025/9/15（週一） 16:33,16:33,685,685-0809847冷鴿,九月小作文,https://docs.google.com/document/d/1hdRK_10zCq_R2LGksZOma7EegpiFT9mCY8j6O87Vdwc/edit?usp=drivesdk
1493,2025/9/15（週一） 16:51,16:51,658,658-0775188馬來貘,九月小作文,https://docs.google.com/document/d/10hvUvJ5HUxMwxvIhYKYth0l1YA6mAQo9sYDqSDrbiEQ/edit?usp=drivesdk
1494,2025/9/15（週一） 16:58,16:58,722,722-0772657 左撇子艾德,九月小作文,https://1drv.ms/w/c/4b4163e47faeea11/ERfp2yaST0dHmiHpQhSJmEgBJ-oyIdTp7nW0KKocgpGE3A
1495,2025/9/15（週一） 17:45,17:45,412,412-0432269 Abby,8月小作文-台股-虹冠電3257,https://reurl.cc/Qag4Oq
1496,2025/9/15（週一） 20:15,20:15,618,618-0752428MMRT,8月小作文-聯準會9月會議前瞻,https://docs.google.com/document/d/16j6U3zf7jebt0yvmkEzFY0YMoYqBpBwBczDixJpxuqY/edit?usp=sharing
1497,2025/9/15（週一） 21:32,21:32,582,582-0741280 RL,8月小作文,https://docs.google.com/document/d/10zMszpfSGleWnsuLIFsEROfxwFtw3Qe6/edit
1498,2025/9/15（週一） 21:40,21:40,695,695-0672171 MM,9月小作文,https://docs.google.com/document/d/1Yyp36Rt-9B4e_5LWX-EAKxwGVNC6bwSeSUm7ja-JQ9E/edit?usp=sharing
1499,2025/9/15（週一） 23:59,23:59,548,548-0737184 Ryan,8月小作文 (補)  6282 康舒,https://1drv.ms/w/c/ad3e6cf15fb884b7/EczJlrsWtmNInjZs2wB6axsBXkNsf60kE5qJtfKUcBrUDQ?e=Y47LSB
1500,2025/9/16（週二） 00:56,00:56,306,306-0412771 冠諺,九月小作文,https://docs.google.com/document/d/10AqDh8Pfv0kuj9KZo3kSUnqHXkuUHzdVPG7FD_HjH2Q/edit?usp=sharing
1501,2025/9/16（週二） 10:16,10:16,420,420-0529143肥吱吱,九月小作文  國精化 4722,https://docs.google.com/document/d/1ftx-fs6ToXR7bnQq9GHFw6z4g073BrOA-DmVkCZORwA/edit?tab=t.0
1502,2025/9/16（週二） 11:03,11:03,041,041-0397236拖泥帶水,九月小作文,https://docs.google.com/document/d/1S-aIZd0Q5RwSz5XDrbveQwNZhOOU4r2Js5-EAtIJcUc/edit?usp=sharing
1503,2025/9/16（週二） 11:09,11:09,663,663-0782676紀爸,,https://docs.google.com/document/d/1rMjWn5tpB8E0GsGbowOSq-zI7FDX8z1F/edit
1504,2025/9/16（週二） 11:45,11:45,509,🔥📊⚡️ ⭐ 509-0726577小棕熊,,https://docs.google.com/document/d/1qzpXvKvkwGcM2rTGBF__bQGMboWWjmGWhwUSSLA11pg/edit?usp=sharing
1505,2025/9/16（週二） 12:23,12:23,383,383-0488695 三寶,8月小作文-青少年情緒穩定略述,https://docs.google.com/document/d/1D2OtLXEs2QfBmP1uduFs3LdX5pzDeJc8/edit?usp=drive_link&ouid=105443695704290227678&rtpof=true&sd=true
1506,2025/9/16（週二） 12:35,12:35,393,393-0505015亮,這篇是 去年10月,https://docs.google.com/document/d/1FVzNr_RipGtWIeDVYhoROxCYT-2WwzQ2M-J4F18L2q4/edit?tab=t.0
1507,2025/9/16（週二） 12:35,12:35,393,393-0505015亮,這篇是 去年12月,https://docs.google.com/document/d/1yL_n_LIMMkcrhjMV3F4BGukIpsaRSXxcMMdyqAHx5Zw/edit?tab=t.0
1508,2025/9/16（週二） 12:36,12:36,393,393-0505015亮,今年一月,https://docs.google.com/document/d/1ZMOqJTOVfUu-FwniWrVFwHc9ZhD3WEd7G9D7_8kTQz4/edit?tab=t.0
1509,2025/9/16（週二） 12:36,12:36,393,393-0505015亮,今年二月,https://docs.google.com/document/d/1wvtGOsEXgkS-JLO1XNcUIxV83Bp5G2XO-j3BJ3pas0k/edit?tab=t.0
1510,2025/9/16（週二） 12:37,12:37,393,393-0505015亮,今年三月,https://docs.google.com/document/d/1UyPsz99oIOVegyPKZltlfeId0Nck7kXq5u9xu58xad8/edit?tab=t.0
1511,2025/9/16（週二） 12:38,12:38,393,393-0505015亮,欸不對這篇好像是四月的,https://docs.google.com/document/d/1nkqX3h5_ZXpJ6hinxjJzyTdCBeEth6UKq0aWXBL4m_w/edit?tab=t.0
1512,2025/9/16（週二） 12:38,12:38,393,393-0505015亮,今年五月,https://docs.google.com/document/d/1b4b_hHsINONh_wONLZ2rvKwjuaVUnoE1yNJeg4a12tU/edit?tab=t.0
1513,2025/9/16（週二） 12:39,12:39,393,393-0505015亮,今年六月,https://docs.google.com/document/d/15mrhKwQVEhYOUSW4unEH3jO6mRQgdsCdP6Ahfc_zjQo/edit?tab=t.0
1514,2025/9/16（週二） 14:13,14:13,527,527-0726894耀,九月小作文4-美股(open),https://docs.google.com/document/d/1K3KRp9-4_pL_CX6dRskI6NxLwsALiAGP/edit?usp=drive_link&ouid=106899638007069152878&rtpof=true&sd=true
1515,2025/9/16（週二） 14:49,14:49,439,439-0529059 空格 整骨,九月小作文,https://docs.google.com/document/d/1e093dMD0a7G6q4O9c7tOGUNRZxmIkeEE/edit?usp=drivesdk&ouid=101925351602752908642&rtpof=true&sd=true
1516,2025/9/16（週二） 16:19,16:19,544,544-0735623 星期六早上,九月小作文,https://docs.google.com/document/d/1kgIschfDes04EqxNx1q0uuRr9m6_60iiREN01m5jLqs/edit?usp=sharing
1517,2025/9/16（週二） 17:10,17:10,724,724-08342062learner,九月小作文,https://drive.google.com/file/d/1WFHEVNPdEoNK9qSvugfNoTOHjmdspPru/view?usp=sharing
1518,2025/9/16（週二） 17:24,17:24,099,099-0395995蔡在等,9月小作文 美股:CRWV,https://docs.google.com/document/d/13piplXDJUnUT5M4F5T79tDNslcz0Qe0F/edit?usp=drive_link&ouid=109219978518533684523&rtpof=true&sd=true
1519,2025/9/16（週二） 17:44,17:44,721,721-0831556余余,九月小作文,https://drive.google.com/file/d/1U6nglZJXSzyMcaXeILvEH7ykO4h8hIRY/view?usp=drivesdk
1520,2025/9/16（週二） 18:59,18:59,476,⚡️⭐️476-0689643  賢妻良母,九月小作文,https://docs.google.com/document/d/1T_LdDU5hU3kFbaH_8ovb1GTn4HlE9gOFqC2JQYypwKc/edit?usp=sharing
1521,2025/9/16（週二） 19:45,19:45,666,666-0761406Frank,,https://docs.google.com/document/d/10vvy6xMLllChd4KSKbaM8zV1So-2BBi6SsN_5AhO03g/edit?usp=drivesdk
1522,2025/9/16（週二） 20:19,20:19,725,725-0836975阿天,九月小作文,https://docs.google.com/document/d/1ZhwWaUsW5r_fViIduF7YuioyZskxr6Zy/edit?usp=drive_link&ouid=105340632181941963504&rtpof=true&sd=true
1523,2025/9/16（週二） 21:32,21:32,595,595-0405979Julia Lin,八月小作文,https://docs.google.com/document/d/1Vli_00tvaPfl0i9mmVRHXZz6GUVWfiLg/edit?usp=sharing&ouid=111876163755521082625&rtpof=true&sd=true
1524,2025/9/16（週二） 21:32,21:32,595,595-0405979Julia Lin,九月小作文,https://docs.google.com/document/d/1U9XyT5brJKJh_BPvoOO9vIovPuSoaLSR/edit?usp=drive_link&ouid=111876163755521082625&rtpof=true&sd=true
1525,2025/9/16（週二） 22:15,22:15,231,231-0401287 Steven,9月小作文,https://docs.google.com/document/d/1pKOvuxwtGgd_DkygTDz0vMTHOtwIcZALnAcx-4ADz84/edit?tab=t.0
1526,2025/9/16（週二） 23:01,23:01,532,532-0733492熊,九月小作文-,https://docs.google.com/document/d/11cUqr3qe4zbv-mgXrYOHOv6UowbXLPuqVoDsYObWzus/edit?tab=t.0
1527,2025/9/16（週二） 23:05,23:05,575,575-0741277 黃金獵款,九月小作文,https://drive.google.com/file/d/1JVa2porjLrt8-0y8NKUw5Axaz-Rq1dgs/view?usp=drive_link
1528,2025/9/16（週二） 23:16,23:16,711,711-0824408我要成為通靈王,九月小作文,https://docs.google.com/document/d/1Id5xr344a3lrr2YsGnMxMq78rLWw3prOWxnILz7reh0/edit?usp=sharing
1529,2025/9/16（週二） 23:17,23:17,615,615-0396172John(小志),九月小作文,https://docs.google.com/document/u/0/d/1ncSKOIMeyiAbQqUjyFUtvA9h5jIrCkCDk-s_xxdFE64/mobilebasic
1530,2025/9/17（週三） 00:40,00:40,641,641-0759544阿財,九月小作文,https://docs.google.com/document/d/1aBN924s8s_3wm9ALQZYh_k8tA647CT6LYjpGvBmgaww/edit?usp=drivesdk
1531,2025/9/17（週三） 01:44,01:44,709,709-9800007子J,九月小作文,https://www.notion.so/9-7856-270b6845abbb808c9a31f6b41c325fe6?source=copy_link
1532,2025/9/17（週三） 02:58,02:58,440,440-0208121  voice,9月小作文,https://docs.google.com/document/d/1ew4Tw2hbMbbfD5HZKQjADyePuKNWtyUb/edit?usp=sharing&ouid=112140481029709627573&rtpof=true&sd=true
1533,2025/9/17（週三） 10:15,10:15,502,⚡⭐502-0724579 Cowboy,九月小作文,https://drive.google.com/file/d/1UzQsM0QgoyEzzLSHtacHD198Jo3WUG2O/view?usp=sharing
1534,2025/9/17（週三） 11:36,11:36,449,449-0522027冷萃綠茶,九月小作文,https://docs.google.com/document/d/1elISkMpBLNTkwwSBikdOAboIa4l5_FiStXddq9tZMvY/edit?usp=drivesdk
1535,2025/9/17（週三） 12:37,12:37,449,449-0522027冷萃綠茶,九月小作文,https://docs.google.com/document/d/1elISkMpBLNTkwwSBikdOAboIa4l5_FiStXddq9tZMvY/edit?usp=drivesdk
1536,2025/9/17（週三） 15:53,15:53,720,720-0782948老白,九月小作文,https://docs.google.com/document/d/1nrBLsU1_AJ9oXUP1O4PkGWET_EQV6W6aDpL5NHYu28o/edit?usp=sharing
1537,2025/9/17（週三） 15:56,15:56,726,726-0837754巴斯光年,九月小作文,https://reurl.cc/jr2xAM
1538,2025/9/17（週三） 16:14,16:14,727,727-0836124Terri,九月小作文,https://1drv.ms/w/c/AB7E953B91CF9220/EZTMMQjKYthLtJl7ITOxbiMBwxkvTcdmeVj0SLCtBe2hnQ
1539,2025/9/17（週三） 17:03,17:03,480,480-0693299 Benson,9月小作文,https://docs.google.com/presentation/d/1hLF97zKm0m_xNrKqqF5AdR9ILbmGTgmC/edit?usp=drivesdk&ouid=118154091252196378446&rtpof=true&sd=true
1540,2025/9/17（週三） 17:24,17:24,728,728-0835617阿紋,九月小作文,https://docs.google.com/document/d/1CD7_oXU9EgvzxpMSUkqSPPlIUJRszsvGcdPDPoArVco/edit?usp=sharing
1541,2025/9/17（週三） 17:29,17:29,143,💎⭐️ 143-0404491 Chris,九月小作文2,https://docs.google.com/document/d/1PdhYBPS-iofsPfjFjsTWcWUB2YFIhBmY1YKSIP7YKmQ/edit?usp=sharing
1542,2025/9/18（週四） 00:33,00:33,318,🔥⚡⭐318-0398439交易失敗,九月狼群小作文 《2025 AI 帶動下的記憶體與儲存供需大變局》,https://docs.google.com/document/d/1GTM_3WanvAkXPuVeRApswAl4YgphDOp11K_Ltta2xzw/edit?tab=t.0
1543,2025/9/18（週四） 00:37,00:37,560,560-0741251 強尼,九月小作文,https://docs.google.com/document/d/1rBI2tIHLWWz6Tyn9VB_QoOn9kO8BdybsJC78kgnNpLU/edit?usp=sharing
1544,2025/9/18（週四） 07:47,07:47,586,586-9800001安煦,九月小作文,https://docs.google.com/document/d/1XWrxPKuXPga_YlFIScMcQ8FWZbO3E3p7yeelIq17PkQ/edit?tab=t.0
1545,2025/9/18（週四） 08:55,08:55,549,549-0736240 秋風漸落,九月小作文,https://docs.google.com/document/d/e/2PACX-1vTiEv1o8hyHEj5Db_D2XDBKkFUq9qdlV9Efw-NRoXOA8aD2FcDD8GLuAY55eH7OQ3r-2WgjpgxvhYPw/pub
1546,2025/9/18（週四） 08:57,08:57,560,560-0741251 強尼,九月小作文,https://docs.google.com/document/d/1rBI2tIHLWWz6Tyn9VB_QoOn9kO8BdybsJC78kgnNpLU/edit?usp=sharing
1547,2025/9/18（週四） 10:22,10:22,393,393-0505015亮,九月小作文,https://docs.google.com/document/d/18XMEzqN3JqHAWWcwQa9BrO9Ox7882SLDn5GGdIGdNtU/edit?usp=sharing
1548,2025/9/18（週四） 10:26,10:26,041,041-0397236拖泥帶水,九月小作文,https://docs.google.com/document/d/1oSriUjYQ8pOVOzdtjwIk6M48lxpxA4th51cylFZI6Vg/edit?usp=sharing
1549,2025/9/18（週四） 12:56,12:56,483,483-0677765Athena,九月小作文,https://docs.google.com/document/d/11P9-sN9O5WWzzU3KDyDCmig-fM0h2WtipA7AubR404E/edit?usp=sharing
1550,2025/9/18（週四） 14:30,14:30,041,041-0397236拖泥帶水,九月小作文06,https://docs.google.com/document/d/1UGu9Xsb86Xvjxr_99J-enfuu3gRQKyeveJvCSSJUEUY/edit?usp=sharing
1551,2025/9/18（週四） 15:13,15:13,737,🌀⭐737-0839396Daniel,九月小作文,https://drive.google.com/file/d/1rUyIOCGnuLFzpqrWQe77m9725Q8GDKtI/view?usp=drivesdk
1552,2025/9/18（週四） 15:52,15:52,729,729-0836292Harry,九月小作文,https://drive.google.com/file/d/13qW1e_BZ3n7aOVMrE1NE40jObGkU3mnT/view?usp=drive_link
1553,2025/9/18（週四） 17:15,17:15,674,674-0786261 橘太郎,九月小作文,https://docs.google.com/document/d/1o-lFJScfRegsYK-kjYMrM0g-QcEpiOREBC6guhFFdfQ/edit?usp=sharing
1554,2025/9/18（週四） 19:38,19:38,526,526-0347875小妞,九月小作文,https://docs.google.com/document/d/13BG01ueTBgn3emkErpQJ7fPUrkzpo2VArF4OD_OAwMw/edit?usp=sharing
1555,2025/9/19（週五） 11:21,11:21,665,665-0783840tony99,九月小作文,https://docs.google.com/document/d/1y-YApCfLCahnPQpmtDOCRHXBMU4q3MX55VmNoBTg-I4/edit?usp=sharing
1556,2025/9/19（週五） 12:12,12:12,578,💎⭐578-0742519GRACE,,https://docs.google.com/document/d/17Ar2tbGvq8YqH7Vn8fkTa-53WlZl5cen/edit?usp=sharing&ouid=108449927033091815004&rtpof=true&sd=true
1557,2025/9/19（週五） 16:27,16:27,012,012-0403340漢堡,九月小作文,https://docs.google.com/document/d/1E7_fnbBj1C8cXCEFAqw47PTwC82nqG3zoDMoXqVNTMs/edit?usp=sharing
1558,2025/9/19（週五） 17:43,17:43,733,733-0837770Oscar,九月小作文,https://drive.google.com/file/d/1K9SzgixttZtfSGeGFNNRCr4IG8nJLWfA/view?usp=sharing
1559,2025/9/19（週五） 17:50,17:50,734,⚡️📊⭐734-0838614數據King,九月小作文,https://drive.google.com/file/d/1AgjmPDqw1srUHhqi80HaxBb2x9ocGQw4/view?usp=drive_link
1560,2025/9/19（週五） 17:51,17:51,530,530-0728960Harris,日本旅行規劃,https://1drv.ms/x/c/4d4aea44d4b210da/Eamv_mYak55Dn7pItr-fqtgBEitHV9M48STjkamdW5zzmQ?e=I4KXLK
1561,2025/9/19（週五） 18:34,18:34,730,730-0837518VicWang,九月小作文,https://docs.google.com/document/d/1sWK7ZUTJtHLUZzNPebGXDbeavaiUZ5hJ2ZE4VSUGG9w/edit?usp=drive_link
1562,2025/9/19（週五） 20:26,20:26,041,041-0397236拖泥帶水,更新新聞,https://mp.weixin.qq.com/s/Ahi9QTSRr5nl7xWPU6_ovQ
1563,2025/9/19（週五） 21:19,21:19,731,731-0835963混分工程師,九月小作文,https://docs.google.com/document/d/1ovHcqDXm4sKvd8-ZQ425qckSWZiM9UFNMjjNtR1NWWU/edit?usp=sharing
1564,2025/9/20（週六） 10:47,10:47,732,732-0826503Alin,九月小作文,https://reurl.cc/oY3rl5
1565,2025/9/20（週六） 10:50,10:50,696,696-0817978猩猩象惜,九月小作文,https://docs.google.com/document/d/14tDAP1fIB3VCnzfpEBc9YxOWd82P6KQf/edit?usp=sharing&ouid=118071323241450088018&rtpof=true&sd=true
1566,2025/9/21（週日） 10:33,10:33,626,626-9800005rich,九月小作文,https://docs.google.com/document/d/1iG_dRmrcDJFsZlOLAkf8bD3rKw836lVn/edit?usp=drive_link&ouid=116363410657624684517&rtpof=true&sd=true
1567,2025/9/21（週日） 11:48,11:48,578,💎⭐578-0742519GRACE,9月小作文,https://docs.google.com/document/d/17Ar2tbGvq8YqH7Vn8fkTa-53WlZl5cen/edit?usp=sharing&ouid=108449927033091815004&rtpof=true&sd=true
1568,2025/9/21（週日） 14:53,14:53,041,041-0397236拖泥帶水,更新ALAB資訊,https://docs.google.com/document/d/11cCt6IjE8dUPwZ0gNYIb2fSzzpdweygzMXH3nrSQJm4/edit?usp=sharing
1569,2025/9/21（週日） 15:15,15:15,660,660-0769589聾五,九月小作文,https://docs.google.com/document/d/1V_q4zmh0QOhClAkq-rQc-j9teN4yucLHIxTOy_Adt8Y/edit?usp=drive_link
1570,2025/9/21（週日） 17:08,17:08,472,472-0217714     五條,九月小作文,https://likeable-manx-e71.notion.site/4442-KY-275dde723f2c80568918fcfe3afb4740?source=copy_link
1571,2025/9/21（週日） 17:14,17:14,437,⚡️⭐ 437-0548182林大大,九月小作文 - part3,https://docs.google.com/document/d/1NG_-d-B6OjCIRFMkdKcRLYeE5gOi5xXx/edit?usp=sharing&ouid=102413103344657402164&rtpof=true&sd=true
1572,2025/9/21（週日） 17:58,17:58,697,697-0819617吳哥窟,九月小作文,https://docs.google.com/document/d/1aPRRoOf18GwxT0EZQDNlHmfdvgjDUU_Z/edit?usp=drive_link&ouid=101256574752603373411&rtpof=true&sd=true
1573,2025/9/21（週日） 21:29,21:29,704,704-9800006阿波,九月小作文,https://drive.google.com/file/d/1gJdZS-8xyAnvt0Uv-Nsoo5aYVF1430G0/view?usp=drive_link
1574,2025/9/21（週日） 23:19,23:19,315,🌀⭐315-0424057 Shen,九月小作文-2,https://1drv.ms/w/c/bc85a8fa0d19dafb/Eeraaj5-1CFEveme68At2ucBv2kEqziaiUMJKtsJmVkgIQ
1575,2025/9/22（週一） 01:38,01:38,452,452-0640491小凱,9月小作文2455全新,https://docs.google.com/document/d/1IWpnTMqQ7UP0mJ_8I_cUI3g7ObWdCaIj/edit?usp=sharing&ouid=101863675658538783335&rtpof=true&sd=true
1576,2025/9/22（週一） 12:17,12:17,706,706-0825193Harpist,九月小作文 - part2,https://docs.google.com/document/d/1VXoPaNLF-ku-CQjHUdrx9b-2tEAQ-MllgFo6rS3AnG4/edit?tab=t.0
1577,2025/9/22（週一） 14:45,14:45,739,739-0836894菜鳥會計,九月小作文,https://docs.google.com/document/d/1-BbSJupRyrnec7RUw3feeF9K9YobAb0oN6Sl-ddNlf8/edit?tab=t.0#heading=h.74z9fgp8c330
1578,2025/9/22（週一） 14:47,14:47,692,692-0519098新手駕駛,九月小作文,https://drive.google.com/file/d/1H3Nkwjpex8NVqf7hZXUp599IOWG-UNqw/view?usp=sharing
1579,2025/9/22（週一） 14:52,14:52,738,738-0435716晨歆,9月小作文,https://docs.google.com/document/d/13n2S4xHsNsqq1-U6mncEmPmHbVXmg68X/edit
1580,2025/9/22（週一） 16:31,16:31,736,736-0836878松山a點點,九月小作文,https://docs.google.com/document/d/12YkqTbWiXiOoeBFTCIgyv_e6E9xX-coHjVWXULEkdLA/edit?usp=drivesdk
1581,2025/9/22（週一） 16:59,16:59,431,431-0530336梅子,九月小作文,https://docs.google.com/document/d/155cxNrrdXV54Snmz8KjXyeI8mlavxx8Z58R6gMVEOh4/edit
1582,2025/9/22（週一） 17:59,17:59,452,452-0640491小凱,9月小作文,https://docs.google.com/document/d/1IWpnTMqQ7UP0mJ_8I_cUI3g7ObWdCaIj/edit?usp=sharing&ouid=101863675658538783335&rtpof=true&sd=true
1583,2025/9/22（週一） 20:49,20:49,604,604-0435923電電甲三碗公,,https://docs.google.com/document/d/1yAiEStFYUA6OVHZKRXitk2U908N3GKojnbbAR9N6YNM/edit?usp=sharing
1584,2025/9/22（週一） 21:15,21:15,735,735-0835950小何,九月小作文,https://drive.google.com/file/d/1ixvUrb4hta3blDJPv0KG07dUUdgBHC8G/view?usp=drivesdk
1585,2025/9/22（週一） 22:04,22:04,041,041-0397236拖泥帶水,更新南電小作文,https://m.moneydj.com/f1a.aspx?a=1c
1586,2025/9/22（週一） 23:54,23:54,650,650-0768658Nick,九月小作文,https://docs.google.com/document/d/13mHzpyaMrIEaYMBBfvs-Hkyym0VsowtcT7JC4eUrruM/edit?tab=t.0
1587,2025/9/23（週二） 00:25,00:25,400,400-0430135 公園居民汪喵,十月小作文,https://docs.google.com/document/d/1q7kk4h5ew0h6PA09rCVitMMUbNglRKpp/edit?
1588,2025/9/23（週二） 00:45,00:45,477,477-0696872過兒,10月小作文3526凡甲,https://docs.google.com/document/d/1kWu1Uxb_-6meDcReMhUlVH6mzcMe4kIJNsncfFXQgb4/edit?tab=t.0
1589,2025/9/23（週二） 07:55,07:55,712,712-0828899馬克蔡,10月小作文美股-REAX,https://docs.google.com/document/d/1aYhmB3YHfwsAKzm_KGrbPAr9zT5zdejR/edit?usp=drive_link&ouid=105008395075553506125&rtpof=true&sd=true
1590,2025/9/23（週二） 08:04,08:04,377,377-0399496-99496-糸隹,9月小作文4979華星光,https://docs.google.com/document/d/1v-pBXsS-RVx4sbWfO2-fWhvxfq8gXk1q/edit?usp=drivesdk&ouid=100871849434388685062&rtpof=true&sd=true
1591,2025/9/23（週二） 10:57,10:57,041,041-0397236拖泥帶水,哭著更新,https://docs.google.com/document/d/1S-aIZd0Q5RwSz5XDrbveQwNZhOOU4r2Js5-EAtIJcUc/edit?usp=sharing
1592,2025/9/23（週二） 11:43,11:43,580,580-0743628失業的交易人,九月小作文,https://reurl.cc/axjZEG
1593,2025/9/23（週二） 12:42,12:42,149,149-0394491小豬哥,九月份小作文                                                                                                                                                                                                            美股-Palantir,https://docs.google.com/document/d/1JtdhN2sIJMzn0Q5sbgToiSRWs1plcDrw/edit
1594,2025/9/23（週二） 13:17,13:17,530,530-0728960Harris,九月份小作文 (PS. 拓凱還沒去問，台股我比較小心，美股我比較敢寫),https://highfalutin-feverfew-5f0.notion.site/ONTO-277ea376be3880859f26e171bfbd7efd?source=copy_link
1595,2025/9/23（週二） 15:33,15:33,741,741-0837178 PJ,九月小作文,https://drive.google.com/file/d/10fKXOIOGbbu74IYtl1NSButmAk3iFn4o/view?usp=sharing
1596,2025/9/23（週二） 15:54,15:54,742,742-0840644小金,九月小作文,https://drive.google.com/drive/folders/1YTIC6lk507rylNXfUKRbTX0rrOjrLbzR
1597,2025/9/23（週二） 16:34,16:34,460,460-0544474 Monson,九月小作文,https://drive.google.com/file/d/13w0jQWqAueshzgJed02QntKi69hUClGo/view?usp=sharing
1598,2025/9/23（週二） 19:52,19:52,405,405-0510259黃柏,九月小作文,https://drive.google.com/file/d/1Be9Frw0NQvIKa4c2l2DgJoLrcCEL5zJy/view?usp=sharing
1599,2025/9/23（週二） 21:13,21:13,740,740-0836726超級奶爸,九月小作文,https://docs.google.com/document/d/1-rh_uqIzoFouCSYiacQflye0F0FRIiSynz5F6Tgau5w/edit?usp=drivesdk
1600,2025/9/23（週二） 21:18,21:18,459,459-0677503登大狼小海龜拔拔,九月小作文 晶呈科技 4768,https://docs.google.com/document/d/1km44loiA9Few_766S7vbNwKxO4_8Ur19/edit?usp=drive_link&ouid=113713286884009637132&rtpof=true&sd=true
1601,2025/9/24（週三） 07:46,07:46,634,634-0744957溫蒂漢堡,九月小作文台股-昇達科3491,https://docs.google.com/document/d/1VZ7ZRBRgro678YAGyDBaQIzA_sokpu7G/edit?usp=sharing&ouid=108517892925346239777&rtpof=true&sd=true
1602,2025/9/24（週三） 10:00,10:00,708,708-0827175南極熊,九月小作文,https://docs.google.com/document/d/1-BvHKKINo580rOL6oxkfv1w1sXIL1uJPdXfUj_5u3MM/edit?usp=drivesdk
1603,2025/9/24（週三） 15:52,15:52,744,744-0498766賣花的小男孩,九月小作文,https://drive.google.com/file/d/1nfk6WCzdrYuvPi_Ya_BfDx6f-b13RkQv/view?usp=sharing
1604,2025/9/24（週三） 16:02,16:02,746,746-0837660小羅,九月小作文,https://docs.google.com/document/d/1EN7q-u_lASJBQpSz3R7KyfYvDV8DVLPESXGhM_bcL04/edit?usp=sharing
1605,2025/9/24（週三） 16:34,16:34,743,743-0840194Nienchun,九月小作文,https://docs.google.com/document/d/1Mjy3XJ38WEFhtnNgkSzSttWd7z24_Ogp/edit?usp=drivesdk&ouid=102145518263244093428&rtpof=true&sd=true
1606,2025/9/24（週三） 17:07,17:07,673,673-0785110特特,九月小作文,https://docs.google.com/document/d/1n2MMN1LVKzE8TY0XKQ_KIttrreEk5aRBnIv2vm-bLzY/edit?usp=sharing
1607,2025/9/24（週三） 21:39,21:39,745,745-0830450更生狼,九月小作文,https://docs.google.com/document/d/1yuZZN8WPa84jzhJXO3M6Yq0XsuC-A5Io/edit?usp=drivesdk&ouid=112274389475901734491&rtpof=true&sd=true
1608,2025/9/25（週四） 00:03,00:03,655,655-0769819Liam,九月小作文,https://docs.google.com/document/d/1O4gpU3Cu1x4uTDnQPbT63D9E5nU-fK1bAxyZ3NtjGD8/edit?usp=sharing
1609,2025/9/25（週四） 08:32,08:32,378,378-0489775凱特,九月小作文,https://drive.google.com/file/d/1yTep0-596SWaVapviYnnuy9imy5BOQj4/view
1610,2025/9/25（週四） 13:15,13:15,725,725-0836975阿天,九月小作文(2),https://docs.google.com/document/d/1ZlNl75lqgY70j1IoTduEEd3AtG09AgDG/edit?usp=drive_link&ouid=105340632181941963504&rtpof=true&sd=true
1611,2025/9/25（週四） 13:57,13:57,708,708-0827175南極熊,九月小作文（3）,https://docs.google.com/document/d/104c2mh2ssEtll20MbTgQNrlr3fvgZSP-NDvXpsApjQk/edit?usp=drivesdk
1612,2025/9/25（週四） 15:20,15:20,748,748-0516415小巨人,九月小作文,https://drive.google.com/drive/folders/14OtcIZD9bgqMtcw9InvJbkwnwPBmyQyA
1613,2025/9/25（週四） 15:27,15:27,749,749-0222178狗狗玩泥巴,九月小作文-,https://drive.google.com/file/d/1oM1XlaHer3dl_OB5HvIsGyOWv0-DVjn6/view?usp=drive_link
1614,2025/9/25（週四） 15:31,15:31,748,748-0516415小巨人,九月小作文,https://drive.google.com/drive/folders/14OtcIZD9bgqMtcw9InvJbkwnwPBmyQyA
1615,2025/9/25（週四） 17:20,17:20,475,475-0680477三明治,九月份小作文台股-雙鴻3324,https://docs.google.com/document/d/1hpk2H3H1cEdnrg0YCK5c66pzX2X0vSvN/edit?usp=sharing&ouid=107583198783536937751&rtpof=true&sd=true
1616,2025/9/25（週四） 18:35,18:35,750,750-0676889亞0,九月小作文,https://drive.google.com/drive/folders/1Mv-kZggfAzsCGTTbvW_ussOo1G2XLjOb?usp=drive_link
1617,2025/9/25（週四） 21:31,21:31,747,747-0839642葫蘆,九月小作文,https://docs.google.com/document/d/1cpOP_-YfGgUhRTMrq-NP_xfJ9Eai35mGhj4n2O9LUT8/edit?usp=sharing
1618,2025/9/25（週四） 22:19,22:19,505,505-0724540捲髮狼,,https://mopsov.twse.com.tw/mops/web/t144sb10_w
1619,2025/9/25（週四） 23:20,23:20,594,594-0741808二奶老爸,九月份小作文台股-正達3149,https://docs.google.com/presentation/d/1sc1UEUST25lzKmHngwKydaXN0tzxJ7NU/edit?slide=id.p2#slide=id.p2
1620,2025/9/25（週四） 23:45,23:45,675,675-0783303只會做雞本麵加韭菜,九月份小作文,https://docs.google.com/document/d/19ougYDjkrbpG_EElnieSadXzKNNqCLdW_IRvFZZqSeA/edit?usp=drivesdk
1621,2025/9/26（週五） 05:02,05:02,708,708-0827175南極熊,九月小作文（4）,https://docs.google.com/document/d/10jdUG8DWGXC9tt79VumWh1_b81_wNWC1r3W-34BtNV8/edit?usp=drivesdk
1622,2025/9/26（週五） 11:33,11:33,546,546-0728449Douhua,九月小作文,https://docs.google.com/document/d/17NuALdTUYoDsclZS_tumdFfvdWy28JHOeHyxoPy2ZcY/edit?usp=sharing
1623,2025/9/26（週五） 11:57,11:57,417,417-0405649 阿賢,九月小作文,https://drive.google.com/file/d/1h4QIQOwN73Jnk9oHbtz9zsv3QV23crZE/view?usp=sharing
1624,2025/9/26（週五） 13:34,13:34,422,422-0502966-thomasH,九月小作文,https://docs.google.com/document/d/110x2ivwe_COGSLgFwcMBooCIJT-FUzTQ4TJkXFNIGyw/edit?usp=sharing
1625,2025/9/26（週五） 13:55,13:55,645,645-0761383 ZN寶寶,九月小作文,https://docs.google.com/document/d/1Sm7z-Hpge6Mudmd0AL1CjkU-0xvC5t2j/edit?usp=drive_link&ouid=102250208818512340017&rtpof=true&sd=true
1626,2025/9/26（週五） 15:05,15:05,402,402-0511960 雪花冰,,https://docs.google.com/document/d/1p64SU97FHQn5xf_cbZ8Gy5us8f_uzRAG/edit?usp=drivesdk&ouid=103740366053566449567&rtpof=true&sd=true
1627,2025/9/26（週五） 16:48,16:48,446,446-0597683   高鐵自由座,九月小作文,https://docs.google.com/document/d/17eQxVO53yuQdF9itGxVcFzurbs5uAe2Z2T2GeYED-54/edit?usp=sharing
1628,2025/9/26（週五） 16:50,16:50,528,528-0434571荒唐信,九月小作文  小那9月下半空方行情統計,https://docs.google.com/document/d/1f6xD8UD0FVSwO4Af627smWN-aPQfzvqcxkfk-bzDsW8/edit?usp=sharing
1629,2025/9/26（週五） 22:30,22:30,685,685-0809847冷鴿,九月小作文2,https://docs.google.com/document/d/1Ax3aRI1HRmAlNans42TizRAkpyLdRahqz6AvCQ1U9xY/edit?usp=sharing
1630,2025/9/26（週五） 23:32,23:32,754,754-0843382五四零九九,九月小作文,https://docs.google.com/document/d/1-KPaJPtFQ8S6NtwuMG76fjkReTYUghc80xZ6IWQyqCk/edit?usp=sharing
1631,2025/9/26（週五） 23:41,23:41,486,486-0707732貓貓,九月小作文,https://docs.google.com/document/d/1B2CELqDoRz7YJGhYEp9snTxAJ5aWTo5W84RN1_KbVuw/edit?usp=sharing
1632,2025/9/27（週六） 02:00,02:00,609,609-0749949非洲巨象,9月小作文,https://docs.google.com/document/d/1XV0hk0gO9lK0Nif9ju4qSSOda2gIAjREGdAiBNxIXbw/edit?usp=sharing
1633,2025/9/27（週六） 10:29,10:29,745,745-0830450更生狼,,https://docs.google.com/document/d/1_ys3F0OrN8mlfrROuvIFi0PDGHaiaut0/edit?usp=sharing&ouid=112274389475901734491&rtpof=true&sd=true
1634,2025/9/27（週六） 11:39,11:39,375,375-0488831財經百寶袋,9月小作文,https://drive.google.com/file/d/11JpllaLvnzC_O2yG057mjv1i3RjJ4KaM/view?usp=drivesdk
1635,2025/9/27（週六） 14:25,14:25,425,425-0531458狄桃培,9月小作文,https://docs.google.com/document/d/1rK4iIQSpd7UgDKQuebLfwOznC3FMXIAX/edit?usp=sharing&ouid=109149861247779089562&rtpof=true&sd=true
1636,2025/9/27（週六） 16:08,16:08,557,557-0727411威力力力,九月小作文,https://docs.google.com/document/d/1sfsqSk7-QN9AhfYXWLgG5iGDmKWmGJ8v/edit?usp=drive_link&ouid=101047127970704222066&rtpof=true&sd=true
1637,2025/9/27（週六） 16:08,16:08,557,557-0727411威力力力,九月小作文2,https://docs.google.com/spreadsheets/d/1O-YYwB_MQj3fATz-5ehxU9RKuM6Ynjlm/edit?usp=drive_link&ouid=101047127970704222066&rtpof=true&sd=true
1638,2025/9/27（週六） 18:34,18:34,408,408-0212997 賞星星,9月小作文,https://docs.google.com/document/d/1NGJ__oNoLD0IU3rOJauh7OO_qN0QBsiJ/edit?usp=drivesdk&ouid=116226013342888550840&rtpof=true&sd=true
1639,2025/9/27（週六） 20:30,20:30,681,681-0771836yu chen,,https://docs.google.com/document/d/1bba_XnDu0YTtYnQwEOqTfAAk7nCbIl7AdbDLJgQcIXY/edit?usp=drivesdk
1640,2025/9/28（週日） 02:53,02:53,708,708-0827175南極熊,九月小作文（5）,https://docs.google.com/document/d/11IqBEbrZEmYG6tJErZiLPn76JMxztBNl50eXiuNN2bA/edit?usp=drivesdk
1641,2025/9/28（週日） 10:12,10:12,496,496-0720984林小白,九月小作文,https://docs.google.com/document/d/1Q4gf4ymZW5ipFUcMCtf-bJzsbEP3po9rwfM-SgHd6M0/edit?tab=t.0
1642,2025/9/28（週日） 14:03,14:03,399,399-0507288 Kim Chen,九月小作文_高技5439,https://docs.google.com/document/d/16uOXfxPtYZUEJg-geW01Xb64ArKMNao_/edit?usp=sharing&ouid=101924550352225612878&rtpof=true&sd=true
1643,2025/9/28（週日） 14:07,14:07,647,🔥💎⭐647-0727712 竹北良,九月小作文,https://docs.google.com/document/d/1NY58sicbi3S8Iiw8tHdvwbdJRPP8oo25cDrUmbjBjW0/edit?usp=sharing
1644,2025/9/28（週日） 14:52,14:52,649,649-07650橋,9月小作文,https://docs.google.com/document/d/1Yh8rJu8S8mzr80Y44KxvbzAB6wQ9OqfJWKIETbN6H20/edit?usp=sharing
1645,2025/9/28（週日） 21:06,21:06,499,499-0707318 開心北極熊,九月小作文,https://docs.google.com/document/d/1ZUrUHlMqcs4Y7r41XW5rHDcIdBNJ_Y9OmxdBQDlCTNc/edit?usp=drive_link
1646,2025/9/28（週日） 21:38,21:38,699,699-0432133山姆,十月小作文,https://docs.google.com/document/d/1ZEGjpPCYIhx2ybXplHXwqmfv1FJZETAPgUUKrZ0_ka8/edit?usp=sharing
1647,2025/9/28（週日） 22:21,22:21,513,513-0727822 Loui,九月小作文,https://drive.google.com/file/d/1qj5WWOV-Hu3oloGK3yPiXe7O--22ZCvS/view?usp=drive_link
1648,2025/9/28（週日） 22:33,22:33,620,620-0752871 YH Lin,9月小作文,https://drive.google.com/file/d/1I08-QgAJ-ZgwivWFcwccEdx6yV_8jn2B/view?usp=sharing
1649,2025/9/28（週日） 23:51,23:51,509,🔥📊⚡️ ⭐ 509-0726577小棕熊,,https://docs.google.com/document/d/1x4Z_lKXeWdl1Umtp2OKPvFHtg04G8RU6LdB5V5DN0hA/edit?usp=sharing
1650,2025/9/29（週一） 02:13,02:13,507,507-0707376shihhan,九月小作文（補八月）,https://drive.google.com/file/d/1yanauoQx77bWK8jCSMAD0tP2n8o7407a/view?usp=drivesdk
1651,2025/9/29（週一） 03:01,03:01,387,387-0405856 Wesley,9月小作文 台股-盈正3628,https://docs.google.com/document/d/1TTFuZxCUh8Q_kdtK790_EN32zwAtg4fWg2QV-Dfxth4/edit?tab=t.0
1652,2025/9/29（週一） 04:55,04:55,515,515-0725565ycc,9月小作文 材料ky 4763,https://docs.google.com/document/d/1CcLvB8BcfLVdoAxaddZCzZ4VRXngbOBV6IoZIxCt1kw/edit?usp=drivesdk
1653,2025/9/29（週一） 14:23,14:23,308,308-0405403 Nick,9月小作文  國精化 4722,https://docs.google.com/document/d/1dxnJ2Q6FiZtUXkW-yYUrWlnYkYAGOLXYg6CQSm3nhdM/edit?usp=sharing
1654,2025/9/29（週一） 16:43,16:43,591,591-0678531AlanLin,九月小作文 台股-遠百2903,https://docs.google.com/document/d/11f2E0qLHOYkmsB9Hc74jZZ5bsdzm3hV335y5raZVjbU/edit?usp=drivesdk
1655,2025/9/29（週一） 18:22,18:22,437,⚡️⭐ 437-0548182林大大,十月小作文台股-力積電6770,https://docs.google.com/document/d/1wHbEslxI6qPN4vwd2uLqFpTQhcDHJCiU/edit?usp=sharing&ouid=102413103344657402164&rtpof=true&sd=true
1656,2025/9/29（週一） 18:33,18:33,742,742-0840644小金,十月小作文台股2330台積電,https://drive.google.com/drive/folders/1aty5DZMNW2sK4hcrAk2DTHKTxVA9Icda
1657,2025/9/29（週一） 21:29,21:29,683,683-0783691AIWeb3,九月小作文,https://docs.google.com/document/d/1ui-fN5PzNJHr02qT-BgjZzVboz-7_6pewAm9z8v7v3k/
1658,2025/9/29（週一） 21:50,21:50,554,554-0726975大平,九月小作文,https://reurl.cc/4Nz7LK
1659,2025/9/29（週一） 22:03,22:03,488,488-0707486 TK,九月小作文,https://www.notion.so/9-27611723f5dc8038b5b9f3866c3f7ff3
1660,2025/9/29（週一） 22:24,22:24,531,531-0606228 QD,九月小作文,https://docs.google.com/document/d/1xkkw68IZCkq69ItlCr7SnT5YqIioVLoJUh0GDIutDcA/edit?usp=sharing
1661,2025/9/29（週一） 22:51,22:51,651,651-0741170三毛,九月小作文,https://docs.google.com/document/d/1sGn2AaN_nKKmvB5sm1Hbj_uPjRXtvuqm/edit?usp=sharing&ouid=118026756641120627271&rtpof=true&sd=true
1662,2025/9/29（週一） 23:08,23:08,481,481-0703493 大黑菊,9月小作文                                                                                台股-康普4739,https://docs.google.com/document/d/11shhklEiMsfLgV9oIG0yiXvW8jBj6RFH/edit?usp=sharing&ouid=111827764144515851907&rtpof=true&sd=true
1663,2025/9/29（週一） 23:47,23:47,478,478-0541613 WL,9月小作文,https://docs.google.com/document/d/1MXOFsMPE0nIn6xJ4mb11_z5nQGg-3Nti/edit?usp=sharing&ouid=109439436558587204793&rtpof=true&sd=true
1664,2025/9/29（週一） 23:48,23:48,478,478-0541613 WL,9月小作文,https://docs.google.com/document/d/1ofMeVmKdupAR1XbUpsK8GZFrgj1QYPML/edit?usp=sharing&ouid=109439436558587204793&rtpof=true&sd=true
1665,2025/9/30（週二） 00:00,00:00,627,627-0512286 十圓,9月小作文,https://docs.google.com/document/d/16w-pwd4SPFyPO6q7k0xNz7GbEEGQyuzMG2eKM6VL26U/edit?usp=sharing
1666,2025/9/30（週二） 00:17,00:17,468,468-0677901彩虹,九月小作文 台股 - 智邦2345,https://docs.google.com/document/d/1-W7YTqpQ4u19asXhedzwwH6SaM8Id00gAxPvCdVNB_g/edit?usp=drivesdk
1667,2025/9/30（週二） 00:39,00:39,514,514-0724883Ryan,9月小作文,https://docs.google.com/document/d/1aLScInLUYEpsLcjmKok3oIR8t0ibNzG46R7xDu2AgWY/edit?usp=sharing
1668,2025/9/30（週二） 00:48,00:48,539,539-0727848威少,九月小作文,https://docs.google.com/document/d/134p1ucHn_bDqCFRjKR1EUbS0127hyQQX/edit?usp=sharing&ouid=106402131487664706236&rtpof=true&sd=true
1669,2025/9/30（週二） 01:38,01:38,519,519-0725280 Benson,九月小作文,https://drive.google.com/file/d/1krqzlLfIMkz20sV8gm8NQqFlJiPiaeYS/view?usp=drive_link
1670,2025/9/30（週二） 02:17,02:17,602,602-0383910波西,九月小作文,https://docs.google.com/document/d/17xALXXukMU5rylMswsja5U_4_8cjC959/edit?usp=drive_link&ouid=106226827257978896515&rtpof=true&sd=true
1671,2025/9/30（週二） 08:10,08:10,589,589-0737566jim,9月小作文-IREN,https://docs.google.com/document/d/1U6cKo_AQxm3TUNld5XxY1YzhRAjwClQsbztMc2yQiR4/edit?usp=sharing
1672,2025/9/30（週二） 08:41,08:41,749,749-0222178狗狗玩泥巴,10月小作文-美股FSLY,https://drive.google.com/file/d/1-gnnielb2qXccf-m14xhuSGVcrgOfWXE/view?usp=drive_link
1673,2025/9/30（週二） 09:14,09:14,013,💎⭐️013-0395953 Che Li,九月小作文,https://docs.google.com/document/d/1vXl9LhbzjfC0mRnL-zGdOHngTzXvFoE3a1FEZ9AnK-Q/edit?usp=sharing
1674,2025/9/30（週二） 09:47,09:47,487,487-0489351 阿棋,9月小作文 1905 華紙,https://docs.google.com/document/d/1E3fB1phfmy82jQ49yimYNrRy1iA1Hbl1SbFfO9oxe8k/edit?usp=drivesdk
1675,2025/9/30（週二） 10:19,10:19,559,🔥⚡⭐559-0740236哩奧娜多,九月小作文,https://drive.google.com/file/d/1onmJv-xdocmqKJgj7JgpJ1_LFhINoL3-/view?usp=sharing
1676,2025/9/30（週二） 10:35,10:35,538,538-0736538 ㄟ死笑笑笑,九月小作文,https://drive.google.com/file/d/1c8LeAskGK_MKkMqBE1Pp3Vdm3UU5OqV9/view?usp=sharing
1677,2025/9/30（週二） 10:37,10:37,583,583-0741594迷因哥,九月小作文,https://docs.google.com/document/d/1eHPodn5KDT0UNpYZq1gGahZnzgPen2xx65YmYh3Ydcs/edit?usp=drivesdk
1678,2025/9/30（週二） 10:54,10:54,597,597-0735283霹靂不看布袋戲,九月小作文,https://docs.google.com/document/d/1k6J9GDlO8ADcIsD7Z0heIzU9GOu1OZP3/edit?usp=drivesdk&ouid=106678726823243559533&rtpof=true&sd=true
1679,2025/9/30（週二） 11:15,11:15,571,571-0727961小P,9月小作文,https://docs.google.com/document/d/18wlkKMV0IckKLFbqDOjZ7Yz5NqWbSq3vbgj1pz0OG24/edit?tab=t.0#heading=h.jzwaw4cylczd
1680,2025/9/30（週二） 11:47,11:47,448,448-0566151MIN KAO,九月小作文：Centrus Energy (LEU),https://docs.google.com/document/d/1ZKCc4I9ljNW1jRC6janObjgajWUigBFrwUY5-p4scCk/edit?usp=sharing
1681,2025/9/30（週二） 12:44,12:44,551,⚡️⭐️551-0689779QQ,9月小作文,https://docs.google.com/document/d/1DnzrXaEuhISnyB51TCQP8kcYQGda9UeYCue-dSyE8Co/edit?usp=sharing
1682,2025/9/30（週二） 13:14,13:14,299,299-0397647咪蛋,九月小作文,https://docs.google.com/document/d/1i-inr2NbvMf9sjqV5aqpoMkSaMgLFfuCYQNLtG7RS8I/edit?usp=drivesdk
1683,2025/9/30（週二） 13:58,13:58,498,498-0717418 修,9月小作文:,https://drive.google.com/file/d/1BvnzQrMEPpD1rqT_lVNvchCvWQbozdw0/view?usp=drivesdk
1684,2025/9/30（週二） 13:59,13:59,677,677-0783468Nokan,九月小作文,https://docs.google.com/document/d/1a5iY2aqgeWGcfGMYumP4uHVmVEO3Ap3BxFbNJ1V8ZYo/edit?usp=sharing
1685,2025/9/30（週二） 14:20,14:20,587,587-0736295寫程式的工程師,九月小作文,https://drive.google.com/drive/folders/11fntmLbQw0zLY8prboqigUx1XKnwpkge?usp=drive_link
1686,2025/9/30（週二） 14:47,14:47,414,414-0505439JCCC,9月份小作文-中鋼-2002,https://www.dropbox.com/scl/fi/akuffgjj4v180zukp1cvp/2002-JCCC-5.docx?rlkey=zw2l6rdx4p0tkyj45sfcncxrt&st=zx7j5j3x&dl=0
1687,2025/9/30（週二） 15:06,15:06,450,450-0424183 Seal,九月小作文,https://docs.google.com/document/d/1YU6cPUAJEMMn4MM-ii04NAbEHUU_p_Bgkt-UuKYbMc0/edit?tab=t.0
1688,2025/9/30（週二） 15:26,15:26,576,576-0741743 Zack,九月小作文,https://drive.google.com/file/d/1B4Z2eGF0DyrxzMVSErtn1GYxDR30qysV/view?usp=drive_link
1689,2025/9/30（週二） 17:29,17:29,625,625-0754138威廉Wang,九月小作文,https://docs.google.com/document/d/1OrmDzHqUg_-EqKG2BjrpE-5XDq8xZSnfexpZkDMelj0/edit?usp=sharing
1690,2025/9/30（週二） 17:53,17:53,702,💎⚡️⭐️702-0826118 溫溫,十月小作文,https://drive.google.com/file/d/1oAsO--0dLUttHKof1CYasd44E4cctDrr/view?usp=drive_link
1691,2025/9/30（週二） 19:12,19:12,629,629-0727880 LEE,九月小作文,https://drive.google.com/file/d/1sOQ659or7hLThbTmzNSnTwJcEsuaPick/view?usp=sharing
1692,2025/9/30（週二） 19:17,19:17,758,758-0841368庄咖郎涼水,九月小作文,https://docs.google.com/document/d/1-4QuetVB0zdzz8Or-IaR3XaVz984es7a65yVQ_B4yjw/mobilebasic
1693,2025/9/30（週二） 19:25,19:25,745,745-0830450更生狼,9月小作文2,https://docs.google.com/document/d/1_ys3F0OrN8mlfrROuvIFi0PDGHaiaut0/edit?usp=sharing&ouid=112274389475901734491&rtpof=true&sd=true
1694,2025/9/30（週二） 19:39,19:39,694,694-0426369KaiHsiang,九月小作文,https://1drv.ms/w/c/2ad5bb8f605d1608/EVz-YihqGH9AgErDEuYOC18BPCrMabh36Hjy-OBqzc3lzQ?e=2JSdzb
1695,2025/9/30（週二） 20:12,20:12,573,573-0741497快樂寶貝,九月小作文,https://docs.google.com/document/d/1QG45UE9PLgiVERk2tm-l66GkK06_FYOU4snIuEBevdM/edit?usp=sharing
1696,2025/9/30（週二） 21:04,21:04,478,478-0541613 WL,9月小作文,https://docs.google.com/document/d/1EoJUh_rbFu4r8yFP0LvpvqestBP2qOBA/edit?usp=sharing&ouid=109439436558587204793&rtpof=true&sd=true
1697,2025/9/30（週二） 21:12,21:12,426,426-0527909飆仔,9月小作文-中光電,https://docs.google.com/document/d/1MMAXzSGY658pVb7M_ndgmjLnxlZNqJMD
1698,2025/9/30（週二） 21:15,21:15,137,137-0396703 Kura,9月小作文-LAC,https://docs.google.com/document/d/1g0LcydzuHKqHkKcrQ_DTZ5jZVCUjTv6tU5E1gQ33tGw/edit?usp=sharing
1699,2025/9/30（週二） 21:15,21:15,499,499-0707318 開心北極熊,九月小作文2,https://docs.google.com/document/d/1DErvq-jJG2oZeuorndCq4AWkmTaLmK6L3hCWKEO0eUI/edit?usp=drive_link
1700,2025/9/30（週二） 21:22,21:22,464,464-0678146小書僮,9月小作文-漢唐2404,https://drive.google.com/file/d/14A2gm2rf_bMUXh_qfCY_DOJml0jvceMr/view?usp=drive_link
1701,2025/9/30（週二） 21:30,21:30,485,485-0530080克里斯,9月小作文-裕隆2201,https://docs.google.com/document/d/1DxfYnWM9oTZPQUVPM1O66L19YQzA57xK/edit?usp=drive_link&ouid=116098567997374387789&rtpof=true&sd=true
1702,2025/9/30（週二） 21:43,21:43,508,508-0324115 Sean,九月小作文,https://docs.google.com/document/d/1ZfHJrFZgqfjF0lPF-oOJcRuR8waWWB54r-0b8M2eut4/edit?tab=t.0
1703,2025/9/30（週二） 22:05,22:05,756,756-0334749Amy K,九月小作文,https://docs.google.com/document/d/1-3bXRRCY9DEfjNUyI7RKeTJmxiUSWcTb-8B2MPfjETk/edit?usp=drivesdk
1704,2025/9/30（週二） 22:16,22:16,433,433-0519807 股市破壞者,九月小作文,https://docs.google.com/document/d/1cCGNfRbL2WAy_V8zhN0kxxehiGu58kV-yFQPtQyi4sE/edit?usp=sharing
1705,2025/9/30（週二） 22:29,22:29,403,403-0511148 布萊恩,九月小作文,https://drive.google.com/file/d/1otukx0JU9n9RbLPVHmB006vPDOA6nZnI/view?usp=drive_link
1706,2025/9/30（週二） 22:38,22:38,628,628-0189541 Louis,9月小作文,https://docs.google.com/document/d/1op5SvM3aeTtYsyi05-UMEyHu2onUPbK8maqEU3ZUOe4/edit?usp=drive_link
1707,2025/9/30（週二） 22:41,22:41,552,552-0738248小炫風,十月小作文,https://1drv.ms/w/c/691f33e0f672afe9/EceA6mDgzKxAjYG8jpV6lMMBzfyRGSO7MeYVofPClSt-sQ
1708,2025/9/30（週二） 22:42,22:42,438,438-0549592 Ono,九月小作文 台股-宏泰1612,https://docs.google.com/document/d/1KGzcfjABhzEuW3oEejJDiKBsvQjp-1upVebgkzoFcrg/edit?usp=sharing
1709,2025/9/30（週二） 22:43,22:43,548,548-0737184 Ryan,9月小作文,https://1drv.ms/w/c/ad3e6cf15fb884b7/EdpLhjkxno5Hosb8He8wGRYBOGx_U5AMeNlTEhvDF7wrxw?e=UgZvRd
1710,2025/9/30（週二） 22:44,22:44,442,442-0435237Raymond,九月小作文,https://docs.google.com/document/d/1eyha2fwWF_c6ZHPEtPqCJxezoFQZ-ANOnsgOrpHePag/edit?usp=sharing
1711,2025/9/30（週二） 22:53,22:53,430,430-0533702   從小買500,九月小作文,https://reurl.cc/ekKWRK
1712,2025/9/30（週二） 23:01,23:01,570,570-0742289努力就會成功,,https://docs.google.com/document/d/1utE8bMP63Hw3PsX7pF1HhUR9ZDI0t3dS/edit?usp=drive_link&ouid=110464693689209888577&rtpof=true&sd=true
1713,2025/9/30（週二） 23:17,23:17,518,518-0501022豆腐,九月小作文,https://docs.google.com/document/d/e/2PACX-1vT8xpcnNvKCasfwW2rWZS9N55NorkuQSOG0PI5NAs7MpS-XLWVKBzhuriSxvpZvDnHiS8yC0oMI1pdn/pub
1714,2025/9/30（週二） 23:26,23:26,612,612-0751830 Bazinga,九月小作文,https://drive.google.com/file/d/1nuhFcCCHEpbZQ6MWtMtYyVohOKgyAM8T/view?usp=sharing
1715,2025/9/30（週二） 23:27,23:27,537,537-0525273momoju,九月小作文,https://momoju.notion.site/9-27e66c95fe8d80a79b18e1454cb6fdc9?source=copy_link
1716,2025/9/30（週二） 23:31,23:31,462,462-0421377 RL,九月小作文,https://docs.google.com/document/d/1PY_63rLDi9LrpyW1-F_d3ECuhZIgxZ9MM_6Ydh-9mLA/edit?usp=sharing
1717,2025/9/30（週二） 23:39,23:39,429,429-0531924三毛,九月小作文,https://docs.google.com/document/d/1WeAZyAO-EnSHEWEtEckfn-LyBfGJ2Dxb/edit?usp=sharing&ouid=104235377859924673226&rtpof=true&sd=true
1718,2025/9/30（週二） 23:50,23:50,272,272-0398086虱目魚💗,9月小作文,https://docs.google.com/document/d/1yv9EhLfruuv2Y1hKmaI0JMvZnvcHeITD/edit?usp=drivesdk&ouid=102521659727590333820&rtpof=true&sd=true
1719,2025/9/30（週二） 23:53,23:53,569,569-0741507兩津腿庫,九月小作文,https://docs.google.com/document/d/1OA9bQ0IlNLFMJMjbv30LzJQbYDLmdiYkiziXpZ2iCq0/edit?tab=t.0#heading=h.lyi7un13p56o
1720,2025/10/1（週三） 00:27,00:27,654,654-0768001Han,9月小作文,https://docs.google.com/document/d/1UyWZ87LU1p5QTNVyFd0TYQ2Kps5R2hPG/edit?usp=drive_link&ouid=100124887576573109492&rtpof=true&sd=true
1721,2025/10/1（週三） 00:28,00:28,404,404-0513832 Vicc,九月小作文,https://tinyurl.com/293lnda8
1722,2025/10/1（週三） 00:31,00:31,145,145-0398992馬克,九月小作文,https://docs.google.com/document/d/1_qxTYbQj9a7a5-jZN6_BkxsHiTIJwpJV7lJ5kGLSupY/edit?usp=sharing
1723,2025/10/1（週三） 00:36,00:36,516,516-0724825EJAY,九月小作文,https://drive.google.com/file/d/1rGgEiiBoan5sF7QaCmr-OIb6lI1_BlIH/view?usp=drivesdk
1724,2025/10/1（週三） 00:43,00:43,689,689-0809216大眼殘,九月小作文,https://drive.google.com/file/d/1Mdywg3o8opaCYGjSMP-V5oXbF7MeLBIi/view?usp=drive_link
1725,2025/10/1（週三） 00:49,00:49,379,379-0489759 迪諾,九月小作文,https://docs.google.com/document/d/1Av591vBnBQwwbR5JVVg-xr-rMekng6Uag4DbmVQxaqg/edit?usp=sharing
1726,2025/10/1（週三） 01:30,01:30,618,618-0752428MMRT,九月小作文,https://docs.google.com/document/d/1uJPHA03RagMFUF14Fs4F_OM_Bfsp20xA5JF1mptn9zo/edit?usp=sharing
1727,2025/10/1（週三） 01:36,01:36,511,511-0558402 James建智,九月小作文,https://docs.google.com/document/d/1ciu7K10ARHaWPffAw92jQhRGMXUNqRUd/edit?usp=drive_link&ouid=107833663147907152196&rtpof=true&sd=true
1728,2025/10/1（週三） 04:27,04:27,603,603-0749046高福福,九月小作文,https://drive.google.com/file/d/1ToqE82521HDPVVG4coVtLOGpoOub9eXb/view?usp=drive_link
1729,2025/10/1（週三） 05:50,05:50,623,623-0752473bad,九月小作文,https://docs.google.com/document/d/104PhJG_07zCZDxqQkffW8FzZkGL6zpRrcOR899mcvvk/
1730,2025/10/1（週三） 08:08,08:08,550,⚡️⭐️550-0488718一度贊,九月小作文,https://docs.google.com/document/d/1WiYYERXSLiPLXoq2kPF2K61Xp9R1fAr14vW018ih4y8/edit?usp=drivesdk
1731,2025/10/1（週三） 08:35,08:35,646,646-0760423林,10月小作文 健亞4130,https://docs.google.com/document/d/1yqIjEOKCs2t1oOP11UHdSVJulr4YVjJJWjdVb5FmLv0/edit?usp=sharing
1732,2025/10/1（週三） 08:52,08:52,672,672-0432997lan,9月小作文,https://drive.google.com/file/d/1HTK0QH3eIr8cQaXYCS4D3vSG8V6bglof/view?usp=drivesdk
1733,2025/10/1（週三） 08:57,08:57,705,🔥 ⚡⭐ 705-0825850小哥哥,10月小作文,https://docs.google.com/presentation/d/1di_RleK0R1K6afS0k3fVzB0zVA-i0U-c/edit?usp=drivesdk&ouid=114546188172100508037&rtpof=true&sd=true
1734,2025/10/01 09:03,09:03,723,723-0819840Sebastian,10月小作文,https://drive.google.com/file/d/14xuiOb0CavL9t2VDhmSPWC9mBMPwKcI-/view?usp=drive_link
1735,2025/10/01 09:18,09:18,720,720-0782948老白,十月小作文,https://docs.google.com/document/d/16F9MFEB5ePctJCBW3k18y1t1BYEkhLt_PfWtid4y4fY/edit?usp=sharing
1736,2025/10/01 11:09,11:09,624,624-0748762張仔,九月小作文,https://drive.google.com/file/d/1VpaEzheUd4Irdb2ZVDTs9zTSlWCHao7a/view?usp=sharing
1737,2025/10/01 12:36,12:36,564,🔥⚡️⭐️564-0721983 飛利浦,九月小作文,https://docs.google.com/document/d/1A0v4UyQgyecbRt2fP3Hau0s5u5xZcPCP/edit?usp=drive_link&ouid=107585458892499599889&rtpof=true&sd=true
1738,2025/10/01 13:20,13:20,445,💎🌀⭐445-0556394 Kai,,https://docs.google.com/document/d/1z0Wp46rLlujQyYvzL6wWBC8qa5FpmlTfz0AD8mIUmQE/edit?usp=drivesdk
1739,2025/10/01 14:30,14:30,416,416-0516004小象の小金庫,九月小作文,https://docs.google.com/document/d/1vJWL5BJQnM33BD1KG-ciZfHnBvlEy7Pz/edit?usp=sharing&ouid=116844414747715886483&rtpof=true&sd=true
1740,2025/10/01 15:05,15:05,535,535-0724553空格 王玉1個億,9月小作文,https://docs.google.com/document/d/1p0QT1cmhSHX3FjSwajFjHRti6tjuYGEL/edit?usp=drivesdk&ouid=108855551660568832776&rtpof=true&sd=true
1741,2025/10/01 17:34,17:34,760,760-0850249偽98 J,十月小作文,https://drive.google.com/file/d/1jawo0dRsDvm7DsD9k-i_HklrK47I6Oio/view
1742,2025/10/01 18:58,18:58,708,708-0827175南極熊,十月小作文,https://docs.google.com/document/d/11V6tKszchJyoogqzUndQyORi9Fz8EZ1pJGoo2vZIza4/edit?usp=drivesdk
1743,2025/10/01 19:55,19:55,046,046-0406114 JOY88,,https://docs.google.com/document/d/1eYuW1NB9wDNlOfMsD76hCWUgtzyWYXsz/edit?usp=sharing&ouid=102342029662928345304&rtpof=true&sd=true
1744,2025/10/01 21:21,21:21,543,543-0531953瘋狂吉娃娃,九月小作文,https://drive.google.com/file/d/191K0IpoxPV7MtuO_dyQlX90jOMs4h0n8/view?usp=sharing
1745,2025/10/01 21:24,21:24,530,530-0728960Harris,10月份小作文,https://highfalutin-feverfew-5f0.notion.site/6823-27eea376be388025b790ec090d97d2f5?source=copy_link
1746,2025/10/01 21:28,21:28,670,🔥⭐670-0782621秀乙,10月份小作文,https://docs.google.com/document/d/1a2N_bPZHtiwbGMUYpANi1AaHKiIrt2jeiKBIh3_oO50/edit?usp=sharing
1747,2025/10/01 21:31,21:31,761,761-0732697洞洞鞋,十月小作文,https://docs.google.com/document/d/16wk-r8dLzTOCyvWfJHk76Nn87QG5hI2y/edit?usp=sharing&ouid=107276942400815504870&rtpof=true&sd=true
1748,2025/10/01 21:32,21:32,676,676-0782537 Taka,9月小作文,https://docs.google.com/document/d/1CESDGj-eexA5jzDnGqPc5Ed4_tEdYZPYlpdNKZ3Oc3g/edit?usp=sharing
1749,2025/10/01 21:43,21:43,706,706-0825193Harpist,十月小作文,https://docs.google.com/document/d/1YcgLdIoQkYLYsexKYmXN9dDAcRYbZiS7xBaQmBnQvgY/edit?tab=t.0
1750,2025/10/01 22:10,22:10,759,759-0837835Ph,十月小作文,https://docs.google.com/document/d/1XZtDWrX9mmNPbG2En9g2ttKKajTrhFGgb8XAdE5UL_k/edit?usp=sharing
1751,2025/10/01 22:33,22:33,593,593-0745150RRRRR,九月小作文,https://drive.google.com/file/d/15QhMggwztfLGmE05zyUZPImDM9DZZNSl/view?usp=drivesdk
1752,2025/10/01 22:34,22:34,593,593-0745150RRRRR,十月小作文,https://drive.google.com/file/d/1E7QFfOErj0gy5IpBRyUnqucT5uDh1ZHu/view?usp=drivesdk
1753,2025/10/01 23:00,23:00,498,498-0717418 修,十月小作文,https://drive.google.com/file/d/1wywaAjfRQXpvPEeAPpOEi0jOnocSV-jQ/view?usp=drivesdk
1754,2025/10/2（週四） 00:13,00:13,470,470-0529994承承,九月小作文,https://docs.google.com/document/d/1qFr8UpSZjlQMcqGghpqr5TnDrN2o6XDO/edit?usp=drive_link&ouid=106380519427054374241&rtpof=true&sd=true
1755,2025/10/2（週四） 00:33,00:33,610,610-0750365淳,9月小作文-黃金,https://docs.google.com/document/d/15BxbEvl0DWc6nhBvJWquTjaNyz1o3aiJtJPCiNBkuwo/edit?usp=drivesdk
1756,2025/10/2（週四） 01:06,01:06,662,662-0782508Joseph,九月小作文 - 量化交易與策略分享(當沖策略進出場時機),https://docs.google.com/document/d/1FcZzhx5R6zT802tYZnRt2Kohi5Jb5F2XYkewLvP2ZDA/edit?usp=sharing
1757,2025/10/2（週四） 02:25,02:25,510,510-0726629小平,9月小作文,https://docs.google.com/document/d/18-bMDKW9F6zXI7sepIu3xUvIL82IdwdqflSQX10WAf4/edit?usp=sharing
1758,2025/10/2（週四） 08:51,08:51,539,539-0727848威少,10月小作文-政府關門可能影響,https://docs.google.com/file/d/1AOenlXXnkos8rNfu-9ZqWRMLa0iQ0fsI/edit?usp=docslist_api&filetype=msword
1759,2025/10/2（週四） 09:18,09:18,041,041-0397236拖泥帶水,十月小作文,https://docs.google.com/document/d/1oSriUjYQ8pOVOzdtjwIk6M48lxpxA4th51cylFZI6Vg/edit?usp=sharing
1760,2025/10/2（週四） 10:11,10:11,517,517-0726218HK,九月小作文-左側+右側交易心得分享,https://docs.google.com/document/d/1UIQulgDTyALFQ8ixInlMg0gpfFYvxe6B/edit?usp=drivesdk&ouid=114116179010273888741&rtpof=true&sd=true
1761,2025/10/2（週四） 12:01,12:01,565,565-0741387Boy(58E),九月小作文,https://1drv.ms/f/c/8076a8f18a0af7b7/Erf3CorxqHYggIBSHwAAAAABUxN4Ckh7r_vBumfnQZE6Fw?e=gBp6jM
1762,2025/10/2（週四） 12:45,12:45,649,649-07650橋,10月小作文台股-,https://docs.google.com/document/d/1_hdvFyZmuLsx21fTpb_OM0I8moQK6fhB8Dhhl5Ixug4/edit?usp=sharing
1763,2025/10/2（週四） 13:20,13:20,503,503-0551726千千,10月小作文,https://docs.google.com/document/d/1q9Y_4FNcA0k-FZ343gtru_-U5meTkuI29ouwo9L3xTo/edit?usp=sharing
1764,2025/10/2（週四） 15:46,15:46,763,763-0849849佐料,十月小作文,https://www.canva.com/design/DAG0gotxWTc/5-mEvuxWeDeI7f1AC6xETQ/view?utm_content=DAG0gotxWTc&utm_campaign=designshare&utm_medium=link2&utm_source=uniquelinks&utlId=he9314180eb
1765,2025/10/2（週四） 15:47,15:47,764,764-0840084MoneyBoom,美股-MSFT,https://www.notion.so/MSFT-27a40692d5808067b353ef7b6d408366?source=copy_link
1766,2025/10/2（週四） 15:53,15:53,757,757-0756589hayden,十月小作文,https://docs.google.com/document/d/1DWP5vlrbprnrNncufoV9oSfd29NxDNdD/edit?usp=drive_link&ouid=107408394616078045273&rtpof=true&sd=true
1767,2025/10/2（週四） 16:02,16:02,617,617-0739454傑森,10月小作文,https://docs.google.com/document/d/1rT4635taBZSLB2LoeYPrGOk8x8FXJvU67J1-F1ZRdEQ/edit?usp=sharing
1768,2025/10/2（週四） 16:13,16:13,640,640-0760313游子龍,10月小作文,https://docs.google.com/document/d/1Ff9pYzjKyytnatKaHVVID8mIgyI2iIF0mFS6ugomI9I/edit?tab=t.0
1769,2025/10/2（週四） 16:39,16:39,686,686-0810001卡爾森,十月小作文,https://docs.google.com/document/d/1DUWSfmUWiXc6rb9CVeeRVZkJqC-O9G11CXPmzi0Y8Ek/edit?tab=t.0
1770,2025/10/2（週四） 22:14,22:14,762,762-0422318Zhao,10月小作文 台股-3005 神基,https://drive.google.com/drive/mobile/folders/1BJnuUsbq8_P3NSAK8Nw-OpbO76bhQwol
1771,2025/10/2（週四） 22:35,22:35,427,427-0534073 ant🐜,九月小作文,https://docs.google.com/document/d/1vCuVRrrj5cZOZ8UlHTkAwEpLFyk6Rik_jcoNBdjJKSw/edit?usp=sharing
1772,2025/10/2（週四） 22:50,22:50,393,393-0505015亮,十月小作文,https://docs.google.com/document/d/1HqQZdgRCmC5AIx04F_cBVJE3-dO3EAmjMVZ-FvbogU8/edit?usp=sharing
1773,2025/10/3（週五） 00:29,00:29,731,731-0835963混分工程師,十月小作文,https://docs.google.com/document/d/1-CGQV8Abx6s5De6l2vu3lFax7vhO1F2sfOtrKBI_3s8/edit?usp=drivesdk
1774,2025/10/3（週五） 00:34,00:34,561,561-0732082河雅郎,九月小作文,https://docs.google.com/document/d/1-gRtMICzhm1Mx0LeO-Golju6unNmL-BQWc9AiVCEQaY/edit?usp=drivesdk
1775,2025/10/3（週五） 08:36,08:36,749,749-0222178狗狗玩泥巴,十月小作文 美股 RVDM 胰臟癌用藥,https://drive.google.com/file/d/1oD2Zipx3AUjkY8OB2Re-Diw9uZXK2c_k/view?usp=drive_link
1776,2025/10/3（週五） 09:40,09:40,510,510-0726629小平,,https://docs.google.com/document/d/1o3bRmm3GtA7qZ58RVaHMUkNcd4EReyc5h1OsNIqB50k/edit?usp=drivesdk
1777,2025/10/3（週五） 14:23,14:23,632,632-0752790柚子,九月小作文(補) - 台股 原相(3227),https://www.notion.so/3227-281e8e90de0080d5af29d37f9883f5b4?source=copy_link
1778,2025/10/3（週五） 14:41,14:41,766,766-0839891準新手爸,十月小作文,https://docs.google.com/document/d/1DQoSjQZOFHuoYB7WLqaNIJ88gz0pXaHWhsH6cUyyU1w/edit?tab=t.0
1779,2025/10/3（週五） 14:49,14:49,729,729-0836292Harry,十月小作文-美股 EOSE,https://drive.google.com/file/d/1niDxol9csmuNhM_-bdJYqd-uoDt6Ua8W/view?usp=drive_link
1780,2025/10/3（週五） 15:45,15:45,706,706-0825193Harpist,十月小作文2,https://docs.google.com/document/d/1M9rPQQVedMP_3l9I-l7nbRtSEA_gDAzT/edit
1781,2025/10/3（週五） 16:57,16:57,765,765-0748335小火龍,十月小作文,https://docs.google.com/document/d/1U0Fh-Sm9kzsCtPPlW8nQ0pmnl709OvXB_sPwWqfmbyw/edit?tab=t.lfvz7y4mcczm
1782,2025/10/3（週五） 16:58,16:58,685,685-0809847冷鴿,十月小作文 ─ CB 詢圈策略分析,https://docs.google.com/document/d/1PS9U-4KlX44okNlbihf65zYXeYMGnH6CnF_jLl2uPek/edit?usp=drivesdk
1783,2025/10/3（週五） 18:18,18:18,767,767-0837974馬克,十月小作文,https://docs.google.com/presentation/d/159kA-PF8x9Xu2xniKUK832LFcGitZUi9/edit?usp=drive_link&ouid=105094004423640788463&rtpof=true&sd=true
1784,2025/10/3（週五） 21:37,21:37,491,491-0717793白交易,9月份（補）小作文,https://drive.google.com/file/d/1U-5-L9fxAavp2yPLiL_zX5ZU12VlY76S/view?usp=drivesdk
1785,2025/10/3（週五） 22:32,22:32,553,553-0720939東東,九月小作文,https://docs.google.com/document/d/1lbZ99Dq3nXhbbJmVmUZN52RC4It6_8j_sqWip0oxWd0/edit?usp=sharing
1786,2025/10/3（週五） 22:54,22:54,709,709-9800007子J,九月小作文,https://www.notion.so/9-4-7855-273b6845abbb80a8b89cfe4d24c687aa?source=copy_link
1787,2025/10/3（週五） 23:13,23:13,577,577-0741727Silence張震,補九月小作文：美股NVTS,https://www.dropbox.com/scl/fi/stknn5ey5tloxohi1qve7/_NVTS.pdf?rlkey=ldlrhb702i07p0xf5f3y3x05s&st=vkbiyp8x&dl=0
1788,2025/10/3（週五） 23:50,23:50,577,577-0741727Silence張震,十月小作文，個人愛股Open醬,https://www.dropbox.com/scl/fi/26udh4gq16rbwujgd0at4/_Open.pdf?rlkey=txbeg9psoqgwodwqug2b1xyyo&st=fwxfgbjd&dl=0
1789,2025/10/4（週六） 00:03,00:03,633,633-0547293Link,十月小作文,https://docs.google.com/document/d/1EPip2zJrFuoOeW_mLORu3sG_mP4-NIrE/edit?usp=drivesdk&ouid=117453146904423090482&rtpof=true&sd=true
1790,2025/10/4（週六） 00:57,00:57,746,746-0837660小羅,十月小作文 新寶紘（三方合資公司）,https://docs.google.com/document/d/1M8Mtn_tJQiv6qveqAyfzXw42uB6s15FickWf9550ZI0/edit?tab=t.z12djnlenow9
1791,2025/10/4（週六） 01:10,01:10,447,447-0429654 Samuel,九月小作文,https://docs.google.com/document/d/1bV_4AIUVXOD2MK7xNSEyCBlVb3GVOVM1jqiJ3ClzvGw/edit?usp=sharing
1792,2025/10/4（週六） 03:16,03:16,599,599-0749350小季,補9月小作文-6116彩晶技術分析看多,https://drive.google.com/file/d/1S7melSAZnBaPHu--HyoZ3SHUn8ZWB9f-/view?usp=sharing
1793,2025/10/4（週六） 11:53,11:53,691,691-0812313Roy,補個九月小作文-威剛收購力肯,https://docs.google.com/document/d/13XLrtVn4u2Tmic-ozuUpqIx7ECNVLJ9ttPKnN96vgTI/edit?tab=t.0
1794,2025/10/4（週六） 16:09,16:09,725,725-0836975阿天,十月小作文,https://docs.google.com/document/d/19CTC8ra-Pmp8LVHyFBKWss5TNsOpgzJW/edit?usp=sharing&ouid=105340632181941963504&rtpof=true&sd=true
1795,2025/10/4（週六） 16:42,16:42,586,586-9800001安煦,10月小作文,https://docs.google.com/document/d/1mKzSZhnU_hgDAT7D0CUdfhWhP7krmyCxAUFhgaOCKBY/edit?tab=t.0
1796,2025/10/4（週六） 16:45,16:45,769,769-0846570高麗菜,十月小作文,https://drive.google.com/file/d/1miw5cW30hp4uGj-SWrZdc-BOOH1GRz5R/view?usp=sharing
1797,2025/10/4（週六） 17:13,17:13,382,382-0489733Liou,9月份（補）小作文,https://docs.google.com/document/d/1Hvfd3EiWECYiuDjgpru6C7vjpxg0r_aD/edit?usp=sharing&ouid=111696808857150992772&rtpof=true&sd=true
1798,2025/10/4（週六） 20:54,20:54,012,012-0403340漢堡,10月小作文,https://docs.google.com/document/d/1cKijmVGaI7trHBKHp8MTcMP0HQ0sZt5e-XB1gDMn1v4/edit?usp=sharing
1799,2025/10/4（週六） 21:22,21:22,533,📊⭐️533-0525286 MT,9月小作文,https://drive.google.com/file/d/1LVDgcqQCo4NTtsN6-LgSb_GhOcQcAw9l/view?usp=drivesdk
1800,2025/10/4（週六） 23:11,23:11,510,510-0726629小平,10月小作文2_美債、期權專業套利教學,https://www.facebook.com/share/p/17AHt3udZ3/
1801,2025/10/5（週日） 06:21,06:21,637,637-0437604 julian霖,8月小作文(補),https://docs.google.com/document/d/1X1iBM_cyQJ30sWu2Tqda9tm6PVusW6RhRNInzdJrITE/edit?usp=sharing
1802,2025/10/5（週日） 06:23,06:23,637,637-0437604 julian霖,9月小作文(補),https://docs.google.com/document/d/15mt5gNylVLOB7iaO7vJyMGOfAVicb2a_0eFptr39ruE/edit?usp=sharing
1803,2025/10/5（週日） 14:18,14:18,644,644-0394158三男寶爸楊仔,九月小作文,https://docs.google.com/document/d/1U1TOQWwKmfh9WjNNPZqhZbQEOKSgoCCnjkBZP77mRqc/edit?tab=t.0
1804,2025/10/5（週日） 14:41,14:41,653,653-0764005下五沒有事做的小希,九月小作文,https://docs.google.com/document/d/1zfPEnjjUB7sXWVQQ5GiXku_2HGTjg4WK/edit
1805,2025/10/5（週日） 18:12,18:12,614,614-0750996咖喱,9月小作文,https://docs.google.com/document/d/1NxM7SvumZz-UnKCXDN4MF7guXGVr9r6E/edit?usp=drivesdk&ouid=115213020927724656256&rtpof=true&sd=true
1806,2025/10/5（週日） 20:23,20:23,608,608-0750132 Kris,10月小作文,https://docs.google.com/document/d/1-3EN86_6bB3IYx-_jIu9yXFM9mXn8Dutd5htYVAt_HI/edit?usp=sharing
1807,2025/10/5（週日） 21:52,21:52,041,041-0397236拖泥帶水,十月小作文02,https://docs.google.com/document/d/1-ED7TsfLU-eaFtwr-m3ObFTwbejkmZkfnAWRIbjzqJQ/edit?usp=sharing
1808,2025/10/5（週日） 21:52,21:52,041,041-0397236拖泥帶水,十月小作文03,https://docs.google.com/document/d/10d6sIiUlWntkch63fUL0NjqpJkM-UB-p2AveZANkOxQ/edit?usp=sharing
1809,2025/10/5（週日） 22:50,22:50,696,696-0817978猩猩象惜,十月小作文,https://docs.google.com/document/d/1gD27QdnwrAwGZTho6PMpnMBZTtx0GDLu/edit?usp=sharing&ouid=118071323241450088018&rtpof=true&sd=true
1810,2025/10/6（週一） 00:09,00:09,385,385-0497440 麥當勞股東,十月小作文,https://docs.google.com/document/d/1494dsGcxe2YJhO6cl0x3hmhj3Sxt2WTdmUYlMdf7VhU/edit?usp=drivesdk
1811,2025/10/6（週一） 07:18,07:18,522,522-0727110Hsin,九月小作文 - 京元電(2449)小作文20250930,https://docs.google.com/document/d/16XyNinQtejRr7somNFq2fBGaoOVnKlPg/edit?usp=drive_link&ouid=104280978726469480618&rtpof=true&sd=true
1812,2025/10/6（週一） 07:27,07:27,522,522-0727110Hsin,十月小作文 - 緯創(3231)小作文20251006,https://docs.google.com/document/d/17xIIkzMNrs5mjdFXJCQwVe5fLAX4dtCU/edit?usp=drive_link&ouid=104280978726469480618&rtpof=true&sd=true
1813,2025/10/6（週一） 09:50,09:50,647,🔥💎⭐647-0727712 竹北良,十月小作文,https://docs.google.com/document/d/18D4ck5ZQInrrHn6J6uMW0etUVgHzP-LOhYloeuCWZJ4/edit?usp=sharing
1814,2025/10/6（週一） 12:03,12:03,451,451-0634041阿山,(補)9月小作文,https://docs.google.com/document/d/1hM0Lw8009SqLQCpYrUoNdGFwf-mORiLR/edit?usp=drive_link&ouid=117180024349907731538&rtpof=true&sd=true
1815,2025/10/6（週一） 20:41,20:41,482,482-0696571 VT,九月小作文 PDYN,https://docs.google.com/document/d/1Mu3P_wF10BidC0cFSWR8FSVPUQAPV04iLk54QkEEBVI/edit?usp=sharing
1816,2025/10/6（週一） 20:41,20:41,482,482-0696571 VT,十月小作文 PATH,https://docs.google.com/document/d/1Yhm7QsV8Xgkk21Bytj2obNbuRwoTf2DXPNknpDt46DY/edit?usp=sharing
1817,2025/10/6（週一） 20:49,20:49,626,626-9800005rich,九月小作文 台股-迅得 6438,https://docs.google.com/document/d/1BTJMYWIV3fv1H76tj8sJRXIjYKW7ivIW/edit?usp=drive_link&ouid=116363410657624684517&rtpof=true&sd=true
1818,2025/10/6（週一） 20:53,20:53,630,630-0755577 十四,十月小作文,https://reurl.cc/XQ0VZa
1819,2025/10/6（週一） 22:06,22:06,041,041-0397236拖泥帶水,十月小作文04,https://docs.google.com/document/d/1cJDyxoo03rTUaJ24q3VCgA3X9uCehZ267QBiVxG8Uus/edit?usp=sharing
1820,2025/10/6（週一） 22:56,22:56,545,545-0735474阿隆,九月小作文,https://drive.google.com/file/d/1CEQsJY4fnnQ8PRDBsPZEKsVeYO3-GXZc/view?usp=drivesdk
1821,2025/10/7（週二） 11:05,11:05,690,690-0758503RUBY,10月小作文,https://docs.google.com/document/d/10NC6iN1RP9eYJOI-sl4dr2ONmKy9SFy-6vvWh8wTGY8/edit?usp=drivesdk
1822,2025/10/7（週二） 12:58,12:58,041,041-0397236拖泥帶水,十月小作文05,https://docs.google.com/document/d/1UGu9Xsb86Xvjxr_99J-enfuu3gRQKyeveJvCSSJUEUY/edit?usp=sharing
1823,2025/10/7（週二） 14:25,14:25,616,616-0749800 吉拉,9月小作文補交 研華2395,https://docs.google.com/document/d/1HYwFUJdpaH8DlY16FgwXLmZz2lVQPOo7eC2ufONXIBM/edit?usp=sharing
1824,2025/10/7（週二） 15:57,15:57,736,736-0836878松山a點點,10月小作文-資料中心電力流程圖,https://docs.google.com/document/d/1VI2Y7OQ35H-Lq5MbLgJiTkXL2C3N95TDSs-41CJ5T3k/edit?usp=drivesdk
1825,2025/10/7（週二） 16:29,16:29,772,772-0848332酷米米,十月小作文,https://reurl.cc/vLNLZN
1826,2025/10/7（週二） 16:37,16:37,771,771-0848950Vincent,十月小作文,https://drive.google.com/file/d/1FrrvrwNdPbxOz9LFgjd01Yb1HvAebWcw/view
1827,2025/10/7（週二） 17:52,17:52,753,753-0766443 Rex,九月小作文（補）,https://docs.google.com/document/d/17i7h4ecFnHPNZt1ucQazFWCDf-01MsmL/edit?usp=drive_link&ouid=114527309918296971855&rtpof=true&sd=true
1828,2025/10/7（週二） 17:55,17:55,698,698-0755564JA,10月小作文,https://drive.google.com/file/d/1T3aBoDoWlt1VNG6iGKSAxzxKQrFWnevJ/view?usp=drive_link
1829,2025/10/7（週二） 18:25,18:25,664,664-0782605阿德,10月小作文-,https://drive.google.com/file/d/1j_wnhWc2uM45MQY1ibMCu_2LHHC_KX_M/view?usp=sharing
1830,2025/10/7（週二） 19:34,19:34,770,770-0850362H2O,十月小作文,https://hackmd.io/@sZ-lut3-SnGc7GEWGW9PSQ/SyGc3m2heg
1831,2025/10/7（週二） 19:39,19:39,773,773-0850430神奇海螺,十月小作文,https://drive.google.com/drive/folders/10A4L6IZyMJ9RtWQw6LiUwPuuHlSfUjou?usp=drive_link
1832,2025/10/7（週二） 21:41,21:41,750,750-0676889亞0,十月小作文,https://drive.google.com/file/d/1SO0BfSRcAn6o5dU-Fd0Ab6BMLHWcHgEG/view?usp=drive_link
1833,2025/10/7（週二） 22:10,22:10,577,577-0741727Silence張震,十月小作文：BURU（不如？）,https://www.dropbox.com/scl/fi/d8gs380ajl6gszoohksc4/_BURU.pdf?rlkey=0zusj7cm70u7l5l66ag2q9h8p&st=pblm4vnw&dl=0
1834,2025/10/7（週二） 23:52,23:52,579,579-0740320Jack,九月小作文：,https://docs.google.com/document/d/1zqbi8xWj0iMtwK1dJwQa6z23jz2dwdrk/edit?usp=drive_link&ouid=118019031832096772647&rtpof=true&sd=true
1835,2025/10/8（週三） 00:05,00:05,737,🌀⭐737-0839396Daniel,十月小作文:,https://docs.google.com/document/d/1ZJqsxf_guZB7VQuhn9llKTK4qpchfxHO/edit?usp=drive_link&ouid=118412165648057023065&rtpof=true&sd=true
1836,2025/10/8（週三） 00:18,00:18,407,407-0516211史蛋,九月小作文,https://docs.google.com/document/d/1BTX7TaxjuRJcaex8jXZHZV1pN5SqMC2o0QotWjMS2z8/edit?usp=sharing
1837,2025/10/8（週三） 01:33,01:33,638,638-0361071鵝爸,十月小作文,https://docs.google.com/document/d/1VM3Es6FjqKX4CdWEjeU4Unmx9D2I0ERgMyAfUYEIsNc/edit?usp=sharing
1838,2025/10/8（週三） 06:36,06:36,709,709-9800007子J,十月小作文,https://www.notion.so/1-285b6845abbb8072af29e60b7f272842?source=copy_link
1839,2025/10/8（週三） 10:39,10:39,454,454-0454292RS,十月小作文,https://1drv.ms/w/c/14af7490f40312ba/Ee1XeLElvWlChwYYle0ywjYBz8MbtTiIu5esv-zH98UF5g?e=scsWp5
1840,2025/10/8（週三） 15:28,15:28,774,774-0849807clouddawn,,https://docs.google.com/document/d/1DJeCSY7lWvCyHvZPoU_P7n5W71ze5ss65nJbr65L3VQ/edit?usp=sharing
1841,2025/10/8（週三） 15:41,15:41,776,776-0848073節西瓜,十月小作文,https://docs.google.com/document/d/13LdeYip-NUfKVA_pmAMNnoSrqkdiJF2q/edit?usp=drive_link&ouid=104015123179527066273&rtpof=true&sd=true
1842,2025/10/8（週三） 16:39,16:39,568,568-0740906MilesDad,十月小作文: 營建股現象觀察,https://drive.google.com/file/d/1tnS25kEO6xCdUBWaWS2FfWU8thtuKYQi/view?usp=sharing
1843,2025/10/8（週三） 16:41,16:41,527,527-0726894耀,10月小作文美股當沖,https://docs.google.com/document/d/1UcndzCCltLlyEsMCST6Ug7vXSTqdcncZ/edit?usp=drive_link&ouid=106899638007069152878&rtpof=true&sd=true
1844,2025/10/8（週三） 17:29,17:29,734,⚡️📊⭐734-0838614數據King,10月小作文-台股 #1 - 正達(3149),https://drive.google.com/file/d/1EvbEwNSvK0E3sAZqxqeItQV3QyaLxFca/view?usp=drive_link
1845,2025/10/8（週三） 17:53,17:53,685,685-0809847冷鴿,10月小作文2,https://docs.google.com/document/d/1nvfXn4fL9i3tzHZvI0ff10ihQ_C7Q1Tyo8gTWq-KQ6A/edit?usp=drivesdk
1846,2025/10/8（週三） 18:13,18:13,728,728-0835617阿紋,十月小作文-台股  技嘉 2376,https://docs.google.com/document/d/1haaFdLx1oqW6aZZRwldYWKKT8lKd_Wyccf-HuIc-Z1M/edit?usp=sharing
1847,2025/10/8（週三） 23:14,23:14,719,719-0827133Eileen,十月小作文,https://docs.google.com/document/d/1KKTd7D-Yg-FX61y5xU5TER3TZOXxLs1Q/edit?usp=drive_link&ouid=111607531348161543485&rtpof=true&sd=true
1848,2025/10/8（週三） 23:23,23:23,775,775-0533906海底撈,十月小作文,https://docs.google.com/document/d/11zdIcA1calf7Uol03Wp2qTw3lH_eAwucOh6v9WXCrVs/edit?usp=sharing
1849,2025/10/8（週三） 23:29,23:29,527,527-0726894耀,10月小作文-台股-聖暉5536,https://docs.google.com/document/d/1-Jgx03Ont1xb1Pw7bF5Nn9_SDSxMHRM-/edit?usp=drive_link&ouid=106899638007069152878&rtpof=true&sd=true
1850,2025/10/8（週三） 23:53,23:53,516,516-0724825EJAY,十月小作文,https://drive.google.com/file/d/1v8u9xSFWs0x-fair9n5hwAMz_LLzF2l1/view?usp=drivesdk
1851,2025/10/8（週三） 23:59,23:59,041,041-0397236拖泥帶水,十月小作文06,https://docs.google.com/document/d/1BU-TWocvgCt1OFYNFdJfN0WZMmKL8ZArkKzsLxkmF9Q/edit?usp=sharing
1852,2025/10/9（週四） 08:09,08:09,420,420-0529143肥吱吱,十月小作文 昇達科 3491,https://docs.google.com/document/d/1cNl7wxA8R-fkk-Yvd4tYCwGwWwi4e795xjWutY67SPM/edit?usp=sharing
1853,2025/10/9（週四） 08:25,08:25,749,749-0222178狗狗玩泥巴,十月小作文 廣豐1416,https://drive.google.com/file/d/1P2TZ_oK-N84DgAAxB0xysmBWI-5EQRiK/view?usp=drive_link
1854,2025/10/9（週四） 10:15,10:15,666,666-0761406Frank,十月小作文 京鼎 3413,https://docs.google.com/document/d/1-_Tj4pKctggPGltjNCZ6fdESlpzIzBGgSubhOKYwO9Y/edit?usp=drivesdk
1855,2025/10/9（週四） 12:09,12:09,529,529-0729189 書蟲,十月小作文 博智8155,https://drive.google.com/file/d/19KQbAZJP9d8XLxv7Yy2XIhQ4d3a-T6nF/view?usp=sharing
1856,2025/10/9（週四） 15:04,15:04,483,483-0677765Athena,十月小作文-美股黑天科技BKSY,https://docs.google.com/document/d/1j35vYpI7dpSswS_WMIMc74OAEfOdkKDJYvCQYheKgLI/edit?usp=sharing
1857,2025/10/9（週四） 15:09,15:09,781,781-0853880德瑞克,十月小作文,https://drive.google.com/file/d/1mCc524eSJhZkZeThXSP4s0sFAD98HVDI/view?usp=drivesdk
1858,2025/10/9（週四） 15:09,15:09,780,780-0854698HSUAN,十月小作文,https://docs.google.com/document/d/1nDVmf670I7yHwGlSq0DbEZdwm3X7DnnrP9ITXd3-MHA/edit?usp=sharing
1859,2025/10/9（週四） 15:20,15:20,779,779-0559498瑞士法狼,十月小作文,https://www.canva.com/design/DAG1L1ixQi4/-DX6ZK2c0vWu_q8dN4fRYA/edit?utm_content=DAG1L1ixQi4&utm_campaign=designshare&utm_medium=link2&utm_source=sharebutton
1860,2025/10/9（週四） 15:54,15:54,289,289-0394556/Agogo,十月小作文,https://docs.google.com/document/d/1TGG82XVE6pfEXiiP0XS6nRQHJk--G1wiVO-vDklBHl0/edit?usp=drivesdk
1861,2025/10/9（週四） 18:17,18:17,782,782-0406237TWLINS,十月小作文,https://drive.google.com/file/d/1MKdct-WjbrrZnlaZLVw1kROSguohGC_Q/view?usp=drive_link
1862,2025/10/9（週四） 20:15,20:15,675,675-0783303只會做雞本麵加韭菜,十月小作文,https://docs.google.com/document/d/1NvLtE6Uj3Q0hYlYPbuDHmsA0C2XxxwitBBDl6XRMxk4/edit?usp=drivesdk
1863,2025/10/9（週四） 20:24,20:24,778,778-0843133阿彥,十月小作文,https://docs.google.com/document/d/1-2NDL7f1moUC-0WaDiOSkuDYMSesuZVawRmvIinLmXY/edit
1864,2025/10/9（週四） 22:23,22:23,041,041-0397236拖泥帶水,十月小作文07,https://docs.google.com/document/d/1oSriUjYQ8pOVOzdtjwIk6M48lxpxA4th51cylFZI6Vg/edit?usp=sharing
1865,2025/10/10（週五） 08:03,08:03,724,724-08342062learner,十月小作文,https://drive.google.com/file/d/1w7T6jvdg3To_jxwpUkkQdZMzZUkcJQ69/view?usp=sharing
1866,2025/10/10（週五） 11:08,11:08,529,529-0729189 書蟲,十月小作文,https://drive.google.com/file/d/19KQbAZJP9d8XLxv7Yy2XIhQ4d3a-T6nF/view?usp=sharing
1867,2025/10/10（週五） 11:30,11:30,477,477-0696872過兒,11月小作文,https://docs.google.com/document/d/1HFzuF-x7W_Bp2RbykKbr8PqJb7_GJxNA0t5MfkkcIHg/edit?usp=sharing
1868,2025/10/10（週五） 13:35,13:35,666,666-0761406Frank,十月小作文,https://docs.google.com/document/d/1-_Tj4pKctggPGltjNCZ6fdESlpzIzBGgSubhOKYwO9Y/edit?usp=drivesdk
1869,2025/10/10（週五） 13:52,13:52,668,668-0780076jackychen,十月小作文,https://drive.google.com/file/d/1mu1tvNnmHBMn0w8mDQ_NmPuvBF4sJ2Zl/view?usp=sharing
1870,2025/10/10（週五） 23:11,23:11,437,⚡️⭐ 437-0548182林大大,十月小作文2,https://docs.google.com/document/d/1lFymuZb1mbCRg0xQI9GN7zyI93qyoNh3/edit?usp=sharing&ouid=102413103344657402164&rtpof=true&sd=true
1871,2025/10/10（週五） 23:22,23:22,773,773-0850430神奇海螺,十月小作文2,https://www.notion.so/2880320b805a80e386e5efad03b50a9d?source=copy_link
1872,2025/10/11（週六） 09:56,09:56,577,577-0741727Silence張震,十月小作文_VIX避險與流動性防線,https://www.dropbox.com/scl/fi/yso0tmnk2vc0xx6j1szq6/_VIX.pdf?rlkey=ns8w78qy3az0ox0eg0iv6lnu7&st=okmugznn&dl=0
1873,2025/10/11（週六） 10:41,10:41,504,504-0718103Leo,九月份小作文_昇達科(不好意思遲到了),https://docs.google.com/document/d/1ZFkqzwnxaLgIOYbl3gQcIW3ESCyrM0V5/edit?usp=sharing&ouid=116221624610756520924&rtpof=true&sd=true
1874,2025/10/11（週六） 12:50,12:50,400,400-0430135 公園居民汪喵,十一月小作文,https://docs.google.com/document/d/14_MAL6hRe6_41xi0ZWA2tIAS87TfhbyR/edit
1875,2025/10/11（週六） 13:11,13:11,684,684-0808916papa造,九月小作文-封測2本柱/2449京元電子,https://drive.google.com/file/d/1DRV00Jv77LQXlzvmXUd4iGTOhmtJeTjU/view?usp=sharing
1876,2025/10/11（週六） 14:24,14:24,585,585-0734569止水,九月小作文-常見指數統整,https://docs.google.com/document/d/1ezJfCLZGCwfxDU3FHowQZ4p0qObv4_bP_iqjBd0vDsk/edit?tab=t.0
1877,2025/10/11（週六） 15:06,15:06,700,700-0815093阿沐,十月小作文,https://docs.google.com/document/d/1i2ErIFuEnl-Mlu393qsX0ow1k-KHR9l9WFwO-c2-AEo/edit?usp=sharing
1878,2025/10/11（週六） 15:12,15:12,421,421-0299033青蛙狼,,https://docs.google.com/document/d/13MrwS4y-XOz-EcEzjDOYGb6-FdVJL_ppHenN6REB0bw/edit?usp=drivesdk
1879,2025/10/11（週六） 15:47,15:47,581,581-0721734Barney,九月小作文,https://docs.google.com/document/d/1TtADkrzyo0CHGoB6ilPaZC6oQUv00N4jqzCIh06g4vM/edit?tab=t.0
1880,2025/10/11（週六） 18:00,18:00,428,428-0429751貝卡,九月小作文,https://docs.google.com/document/d/1dLnYofRRqwEwFPMXKY_o8OcNB7336ZUK0Wbf1kJ6Y9Q/edit?tab=t.0
1881,2025/10/11（週六） 18:39,18:39,747,747-0839642葫蘆,十月小作文,https://docs.google.com/document/d/1JLWq3_SUNDSjlbWbPtV_50_hBV1ce9qfN1rrDug1TFI/edit?usp=sharing
1882,2025/10/11（週六） 19:37,19:37,739,739-0836894菜鳥會計,十月小作文,https://docs.google.com/document/d/1PLwis2jyRyZfYhj28Au-7UscAzEUozukBREt447r0B8/edit?usp=sharing
1883,2025/10/11（週六） 20:46,20:46,642,642-0759007查理王,九月小作文(補) 3081聯亞,https://docs.google.com/document/d/1Fp4h-njIauYYUHYRfJ_n6UX6QeAzzK7l/edit?usp=sharing&ouid=103278528203083253429&rtpof=true&sd=true
1884,2025/10/11（週六） 22:18,22:18,473,473-0680338下面一位,九月小作文 6278上洋,https://docs.google.com/document/d/1gcHRUVsyfZgJAc0t80smU3Cu2kqh3exzBj0B55di5y0/edit?usp=sharing
1885,2025/10/12（週日） 00:00,00:00,653,653-0764005下五沒有事做的小希,九月小作文-金融交易當沖抗壓性,https://docs.google.com/document/d/1rQ19Pm1kS7Le31BnxYz_2vsQPBCkxf-q/edit?usp=sharing&ouid=102742943529460054148&rtpof=true&sd=true
1886,2025/10/12（週日） 11:14,11:14,383,383-0488695 三寶,九月小作文,https://docs.google.com/document/d/1I3GQdnJD7uGvTqTmTEygmxkQYhWCttjS/edit?usp=drive_link&ouid=105443695704290227678&rtpof=true&sd=true
1887,2025/10/12（週日） 12:27,12:27,701,701-0810302布萊恩,十月小作文,https://drive.google.com/file/d/19hucXra62kKquVzPzLcHyN-lWaHLkTBO/view?usp=drive_link
1888,2025/10/12（週日） 13:17,13:17,656,656-0461450停利永遠是對的,9月小作文-短線交易及週一大跌操作法,https://docs.google.com/document/d/11RMhPQQGTetJDEtBhX5YsmqiajDSlWchkttWsUu-uH8/edit?usp=drivesdk
1889,2025/10/12（週日） 14:43,14:43,667,667-0782388鑽石商人,補9月小作文-redcat,https://docs.google.com/document/d/10S0LQy1QJQWcDZXGnkbrk3JSn5382gKvbCgMPe8OSEE/edit?usp=drivesdk
1890,2025/10/12（週日） 15:08,15:08,316,316-0413165骨爪研磨,10月小作文-券商報告對當日股價影響,https://docs.google.com/document/d/1lKgi0qzaPTWm7b6NF1YintAToIeV5dbLpJ8G-TqKu-E/edit?hl=zh-tw&tab=t.0
1891,2025/10/12（週日） 16:38,16:38,588,588-0743848MKTY,9月作文小天地    3691 碩禾,https://www.dropbox.com/scl/fo/y4yrbofqw4czvkddgb961/AJ_x5fwzqXRm6XF0V0n6LQo?rlkey=0a62a9g4nts75ao6whmlmp5xu&dl=0
1892,2025/10/12（週日） 17:20,17:20,434,434-0547510菲獅,十月小作文,https://docs.google.com/document/d/1lw9MnShVzVfYmTpSUi6mB-qb25gbo87EgAdP4bP81PM/edit?tab=t.0
1893,2025/10/12（週日） 17:28,17:28,693,693-0812465Faye₍ᐢ･֊･,補9月小作文8210勤誠,https://docs.google.com/document/d/1-tZTY2naWN-lLhDRY9xPPmYQ-qc6WmKupaQ_an0_y9M/edit?usp=drivesdk
1894,2025/10/12（週日） 20:29,20:29,680,680-0784881 欸冷,九月小作文,https://docs.google.com/document/d/1UVnXiKkuk5TPRPEEl2DTfFC6BBL5ls9Sd7O7RmgBZc4/edit?usp=sharing
1895,2025/10/12（週日） 21:22,21:22,494,494-0724582  ERIC,九月小作文-原相3227,https://docs.google.com/document/d/1-93djwu2YehzG8vhZg8FpvtU8GPvTTmJtJD2vgCF3Q0/edit?usp=drivesdk
1896,2025/10/12（週日） 21:25,21:25,424,424-0528115guidex,九月小作文,https://drive.google.com/file/d/1fchC9aAJ5G0SCeBCCUKxn-c5eB9k2vVw/view?usp=sharing
1897,2025/10/12（週日） 21:31,21:31,773,773-0850430神奇海螺,十月小作文 3,https://www.notion.so/AVGO-28a0320b805a808ea428fae973d945b5?source=copy_link
1898,2025/10/12（週日） 22:22,22:22,567,567-0726661 Gary,十月小作文,https://walnut-planarian-4a2.notion.site/2025-10-12-28a7d11db04c8075a375db9739f03058?source=copy_link
1899,2025/10/12（週日） 22:34,22:34,231,231-0401287 Steven,１０月小作文,https://docs.google.com/document/d/1eikFAwChaqWWIuiz-kxcY18Q_u52QvMDpe-G9X4QuSA/edit?tab=t.0
1900,2025/10/12（週日） 22:41,22:41,540,540-0726483小林,九月小作文-當日開盤內5-30分鐘成交量前10名的觀察及探討-4，以9/26為例,https://docs.google.com/document/d/1PpudeMXHkhtbV8W2JVCqv0f8HypKE44-LdmuFx0lceM/edit?usp=sharing
1901,2025/10/12（週日） 22:50,22:50,727,727-0836124Terri,十月小作文,https://1drv.ms/w/c/AB7E953B91CF9220/EeCkUyXAOHBEvTmCOSeUYywB_9Biv7-KmWP9zx8QPiCBYw
1902,2025/10/12（週日） 23:21,23:21,669,669-0783549EdwardLin,九月小作文,https://docs.google.com/document/d/14RQI2_aZRI9NAsd48y83SABkeiWy2fmG/edit?usp=sharing&ouid=106916785482688871808&rtpof=true&sd=true
1903,2025/10/12（週日） 23:39,23:39,532,532-0733492熊,十月小作文,https://docs.google.com/document/d/11cUqr3qe4zbv-mgXrYOHOv6UowbXLPuqVoDsYObWzus/edit?tab=t.0
1904,2025/10/13（週一） 01:33,01:33,641,641-0759544阿財,10月小作文,https://docs.google.com/document/d/1n_pC9OsQKnZtsKCk8MOpNMscaBiGV26wTJXMcfX8nNA/edit?usp=drivesdk
1905,2025/10/13（週一） 01:41,01:41,466,466-0431600見龍於田,九月小作文,https://docs.google.com/document/d/1Dz0wk5NUU4KYolK4bEcbmFtc2neMEWQQWhX4jZMv2Qc/edit?usp=sharing
1906,2025/10/13（週一） 02:00,02:00,547,547-0729532蹦蹦熊,九月小作文（補）,https://docs.google.com/document/d/1czTyeile5GRJ6lMVatGkT8rUWkjve4vbseka8_2ZtHM/edit?usp=sharing
1907,2025/10/13（週一） 09:32,09:32,722,722-0772657 左撇子艾德,十月小作文,https://1drv.ms/w/c/4b4163e47faeea11/Efv3fx8SNW5LnoOPZwogClwBiNiCoMwb0OLbmx83QoIkeg
1908,2025/10/13（週一） 10:13,10:13,012,012-0403340漢堡,10月小作文II,https://docs.google.com/document/d/1UOp0ichGNtFxKuI0CTPNzINMyQWB46Rq_gW1z6HsRhA/edit?usp=sharing
1909,2025/10/13（週一） 12:07,12:07,412,412-0432269 Abby,九月小作文,https://reurl.cc/qY7pgg
1910,2025/10/13（週一） 15:04,15:04,639,639-0757928舔財犬,9月小作文(補)台股-柏文8462,https://docs.google.com/document/d/1OlBpSSsoc1JGiuL-oj8q6gL9JlouLKWmwpaPWYz0unQ/edit?usp=drivesdk
1911,2025/10/13（週一） 15:08,15:08,549,549-0736240 秋風漸落,十月小作文--,https://docs.google.com/document/d/e/2PACX-1vRjrI238OirVXG6kMLyN_Sa1APTV2kOqX6kX07CDbeOY3DdDgYVzKnokbhtoXVYHtx26XtvK39XLWjl/pub
1912,2025/10/13（週一） 15:09,15:09,592,592-0395380YH,九月小作文,https://docs.google.com/document/d/17LNXjERntgIazi2aAZg3cbFM2fMic5hcE1vsD5MU-Vo/edit?usp=sharing
1913,2025/10/13（週一） 16:26,16:26,392,392-0426534定宏,九月小作文（補交）,https://docs.google.com/document/d/1c-ZgSM7maucm2CpDsSkNndPLw-ZA2AFOpDFm5CtUWdY/edit?usp=drivesdk
1914,2025/10/13（週一） 18:24,18:24,786,786-0861487薛子人,十月小作文,https://docs.google.com/document/d/1BZa1e6dvK60bF7HBBdveadR4CTfDDcvMRQsTeTuHMyk/edit?usp=sharing
1915,2025/10/13（週一） 18:40,18:40,693,693-0812465Faye₍ᐢ･֊･,補 9月小作文 台股-8210勤誠,https://docs.google.com/document/d/1-tZTY2naWN-lLhDRY9xPPmYQ-qc6WmKupaQ_an0_y9M/edit?usp=drivesdk
1916,2025/10/13（週一） 18:40,18:40,494,494-0724582  ERIC,九月小作文-台股 原相3227,https://docs.google.com/document/d/1-93djwu2YehzG8vhZg8FpvtU8GPvTTmJtJD2vgCF3Q0/edit?usp=drivesdk
1917,2025/10/13（週一） 18:46,18:46,684,684-0808916papa造,九月小作文-台股-京元電子2449封測2本柱,https://drive.google.com/file/d/1DRV00Jv77LQXlzvmXUd4iGTOhmtJeTjU/view?usp=sharing
1918,2025/10/13（週一） 18:48,18:48,549,549-0736240 秋風漸落,十月小作文,https://docs.google.com/document/d/e/2PACX-1vRjrI238OirVXG6kMLyN_Sa1APTV2kOqX6kX07CDbeOY3DdDgYVzKnokbhtoXVYHtx26XtvK39XLWjl/pub
1919,2025/10/13（週一） 20:39,20:39,012,012-0403340漢堡,,https://www.technowvoice.com/article_detail/%E5%8D%97%E4%BA%9E%E7%A7%91DDR4%E8%B3%A3%E4%B8%80%E9%A1%86%E8%B3%BA%E4%B8%80%E9%A1%86?fbclid=IwZnRzaANZ0RVleHRuA2FlbQIxMQABHhKEAiclrdayKpw4PKYrepTgd757RRfw5E3h1Jyes35gr3HyboupYhpMvJ9V_aem_Nw5AHaCAiAS1EOZJV-Al_g
1920,2025/10/13（週一） 21:13,21:13,661,661-0781606亨利,10月小作文-台股 3625,https://drive.google.com/open?id=1kPUcrDha3TEvLfbiiQN2F4eMj0W7At8r&usp=drive_copy
1921,2025/10/13（週一） 22:20,22:20,502,⚡⭐502-0724579 Cowboy,十月小作文,https://drive.google.com/file/d/1PLdOPVTnZx0kAjB1PWP8fxSDIp037v1Q/view
1922,2025/10/14（週二） 03:16,03:16,648,648-0339100健達出奇蛋,九月小作文  (改格式),https://drive.google.com/file/d/1zX_gi4AlfQfS2vpcC09Rsn9AJ6DXpWpW/view?usp=sharing
1923,2025/10/14（週二） 06:17,06:17,609,609-0749949非洲巨象,十月小作文,https://docs.google.com/document/d/1oirxFFiDlz1rH64nHXn5ZY1MvzEV7WH-iEkgHiopuqU/edit?usp=sharing
1924,2025/10/14（週二） 10:05,10:05,041,041-0397236拖泥帶水,10月小作文08,https://docs.google.com/document/d/1KePKQ2w3bFrxvGimKSEOm8QLwLmr72WaBnMKolFftRQ/edit?usp=sharing
1925,2025/10/14（週二） 13:56,13:56,463,463-0428875JoeC,9月小作文（補）-00757,https://docs.google.com/document/d/1BsFXG-u3jDSZO5JT6Tc7HPeKiyrcjoV1/edit?usp=drivesdk&ouid=112865096634058711233&rtpof=true&sd=true
1926,2025/10/14（週二） 13:57,13:57,744,744-0498766賣花的小男孩,10月小作文,https://drive.google.com/file/d/1dv4ICGuynHWZ7rPOaWpxXAjt6SGMcOJX/view?usp=sharing
1927,2025/10/14（週二） 16:01,16:01,787,787-0856832Tim提姆,十月小作文,https://drive.google.com/file/d/1-aGeUZgX33uHPymRA5JKGUeH5RxPiNyY/view?usp=drivesdk
1928,2025/10/14（週二） 16:02,16:02,790,790-0464596JH,十月小作文-散熱技術介紹,https://drive.google.com/file/d/1qiDTpiK33eHMvnOnSHio0K8DVDfcmuKU/view?usp=sharing
1929,2025/10/14（週二） 16:36,16:36,366,366-0402367-KAIKAI,九月小作文(補),https://docs.google.com/document/d/1u-KRQh7X0OmkhWw-h2Ymv-8BNm-8JpL-xrCTgqUjwg0/edit?usp=sharing
1930,2025/10/14（週二） 16:42,16:42,510,510-0726629小平,10月小作文-3,https://docs.google.com/document/d/1ndU0u9OpbNJLFPTl-xAkcD8MGeDnYJelnJNsIJicGqQ/edit?usp=drivesdk
1931,2025/10/14（週二） 16:57,16:57,789,789-0850511草莓熊,十月小作文,https://drive.google.com/file/d/1WCiPKLB1wsYhoxDwXJsHvNZF8Mu7BJGP/view?usp=drivesdk
1932,2025/10/14（週二） 20:45,20:45,791,791-0803775Mick,十月小作文,https://1drv.ms/w/c/094ef344891442c8/EcFiLFokrS9AlmOuPXFejqIBC5IWNv3OVWgcSBwifX5LHw?e=2eL5sY
1933,2025/10/14（週二） 21:01,21:01,184,184-0393188 吃魚,十月小作文,https://stitch-seatbelt-b23.notion.site/OpenAI-20251014-28c2e5272eb28090b41ec5a5808806cf
1934,2025/10/14（週二） 22:55,22:55,601,601-0743220邦邦,九月小作文（補）,https://docs.google.com/document/d/1-VIlB18Q2K_1-vhN2QIGsK--0tVgUf7_AMWn7xQxUT4/edit?usp=drivesdk
1935,2025/10/14（週二） 23:38,23:38,536,536-0723583SC,10月小作文,https://drive.google.com/file/d/1UQqnXpGW-1RFzmN42I8ZvRgOfRve_PMn/view?usp=drive_link
1936,2025/10/15（週三） 00:03,00:03,747,747-0839642葫蘆,十月小作文-1,https://docs.google.com/document/d/1geu_FF2_70DMuDJfXPg8n_5JFNCsr7zib9oS5OO9U_k/edit?usp=sharing
1937,2025/10/15（週三） 03:40,03:40,449,449-0522027冷萃綠茶,,https://docs.google.com/document/d/1KW7t1wsgh84ApzbrL7kcotqSphoJj4U2bHRngn47Hv0/edit?usp=drivesdk
1938,2025/10/15（週三） 10:37,10:37,590,590-0747255JEROME,十月小作文,https://docs.google.com/document/d/1mT197_S6zRhOhOCMMiO39AxlvKDzXubr/edit?usp=drive_link&ouid=111600987723467763025&rtpof=true&sd=true
1939,2025/10/15（週三） 15:37,15:37,793,793-0855781公務小韭菜,十月小作文,https://drive.google.com/file/d/1KMesIzH2lrNZR6Fu0_3OC-f4pnjHG_xw/view?usp=sharing
1940,2025/10/15（週三） 20:07,20:07,580,580-0743628失業的交易人,十月小作文,https://reurl.cc/VWrvoY
1941,2025/10/15（週三） 21:01,21:01,560,560-0741251 強尼,十月小作文,https://docs.google.com/document/d/1FTCD5AWFJ07ThvnN8n0Q4x81gntVhiuOmNyN-Gy2IvI/edit?usp=sharing
1942,2025/10/15（週三） 22:33,22:33,143,💎⭐️ 143-0404491 Chris,十月小作文：OKLO / SMR 比較,https://docs.google.com/document/d/1-qfQui3ntGp4Mi1sU_vm66oEeYSQEvGGqn5kIGbmM_4/edit?usp=sharing
1943,2025/10/16（週四） 09:42,09:42,041,041-0397236拖泥帶水,小作文08,https://docs.google.com/document/d/1UGu9Xsb86Xvjxr_99J-enfuu3gRQKyeveJvCSSJUEUY/edit?usp=sharing
1944,2025/10/16（週四） 11:16,11:16,041,041-0397236拖泥帶水,10月小作文09,https://docs.google.com/document/d/145t6d0a5OJU0Oubf2syV5_n3uUtIJT9g9i4y-0yYbBw/edit?usp=sharing
1945,2025/10/16（週四） 13:09,13:09,749,749-0222178狗狗玩泥巴,10月小作文 美股 NVX,https://drive.google.com/file/d/1pnaBPZRVc9JejW_doKxkgUmFYUPTzYsw/view?usp=sharing
1946,2025/10/16（週四） 14:29,14:29,798,798-0860954深夜暖爸,十月小作文,https://docs.google.com/document/d/1-npcw-v2VJr3c6b_yrZN9DbxVpASMFikof-8NTK41bk/edit?usp=drivesdk
1947,2025/10/16（週四） 14:44,14:44,796,796-0851060木俞,十月小作文,https://docs.google.com/document/d/1Jo01mldFCflxFKxeqdgTE8T1Fz6a8zSl49-H3q5AiFA/edit?tab=t.0
1948,2025/10/16（週四） 17:28,17:28,510,510-0726629小平,十月小作文-4,https://docs.google.com/document/d/1FY6Y020YaJmrz7FNvC5c0l2aro5sE73ZAYtynA4XqPM/edit?usp=drivesdk
1949,2025/10/16（週四） 20:52,20:52,510,510-0726629小平,,https://docs.google.com/document/d/19K_WMAeBwpXTkCBGO20avuzCR9ailnHAR79dPJgx4NI/edit?usp=drivesdk
1950,2025/10/16（週四） 21:14,21:14,792,792-0529305Griffin,十月小作文,https://docs.google.com/document/d/1WECW1sK6lbo7dwXNtbY3c19U2rDgOrqUpnLsMGsbl0Q/edit?usp=sharing
1951,2025/10/16（週四） 22:58,22:58,530,530-0728960Harris,10月份小作文,https://highfalutin-feverfew-5f0.notion.site/7820-212ea376be3880048123f2ab7df8da17?source=copy_link
1952,2025/10/17（週五） 09:34,09:34,794,794-0852823不是草頭利的凱利,十月小作文,https://docs.google.com/document/d/1egmC2IVu6kOAakDSMRxvevNoq_QXoIagQJIj3426lM4/edit?usp=sharing
1953,2025/10/17（週五） 14:41,14:41,799,💎⭐799-0862091我不是法蘭克,十月小作文,https://drive.google.com/drive/folders/1jDV8ynqAYJZe_B11NbTZWGWSRVNJN83o?usp=drive_link
1954,2025/10/17（週五） 15:26,15:26,480,480-0693299 Benson,,https://docs.google.com/presentation/d/1DeCs5thMWXPEv2U1QTPosZ09XzuodFJk/edit?usp=sharing&ouid=118154091252196378446&rtpof=true&sd=true
1955,2025/10/17（週五） 15:49,15:49,788,788-0839529嘩拉拉,十月小作文,https://docs.google.com/document/d/1QhhZYbf4NQOxMWoIyNqK85PjfuRIxI9GUlHDvmT0pAE/edit?usp=sharing
1956,2025/10/17（週五） 18:55,18:55,505,505-0724540捲髮狼,葛 先幫你重貼 下次幫忙一下呦  10月小作文 : 美股 IBIT,https://docs.google.com/presentation/d/1DeCs5thMWXPEv2U1QTPosZ09XzuodFJk/edit?usp=sharing&ouid=118154091252196378446&rtpof=true&sd=true
1957,2025/10/17（週五） 20:12,20:12,801,801-0851578陳小逸,10月小作文：台股2344華邦電,https://docs.google.com/document/d/1wwMiRhkcbpxV7owche6SLfu-fDT3Xhcm/edit?usp=sharing&ouid=116714250086593088274&rtpof=true&sd=true
1958,2025/10/17（週五） 21:16,21:16,041,041-0397236拖泥帶水,小作文08,https://docs.google.com/document/d/1UGu9Xsb86Xvjxr_99J-enfuu3gRQKyeveJvCSSJUEUY/edit?usp=sharing
1959,2025/10/17（週五） 22:32,22:32,802,802-0860996李哥,十月小作文,https://drive.google.com/drive/folders/1JqzfkAx21OXAuxI1iwJOXQ7qId6ESaWF?usp=drive_link
1960,2025/10/17（週五） 23:00,23:00,587,587-0736295寫程式的工程師,十月小作文,https://drive.google.com/file/d/1XrT6VjB9poXs_nXID0OT-mxDOvAJ_O6y/view?usp=drive_link
1961,2025/10/18（週六） 07:28,07:28,527,527-0726894耀,10月小作文-資訊不對稱,https://docs.google.com/document/d/1Xkw5wWAZ_ONnxykKATskDRdRCUwzv5Lv/edit?usp=drive_link&ouid=106899638007069152878&rtpof=true&sd=true
1962,2025/10/18（週六） 12:48,12:48,054,054-0393340-M×S,用哥的這篇請grok用大戶角度寫，蠻有趣的,https://docs.google.com/document/d/1qm1Z5cJbBP8js49Kld4i6zSH-7c_oVEpd-_Z5O9QLIg/edit?usp=drivesdk
1963,2025/10/18（週六） 13:35,13:35,713,713-0824864小邱Eric,9月小作文 Perplexity領取,https://docs.google.com/document/d/1YcjmdrIzxzdeenFO-lhTa7jaF_OIlDipMsbuiUAI8L0/edit?usp=sharing
1964,2025/10/18（週六） 22:50,22:50,795,795-0861681Candy,10月小作文:6919康霈,https://docs.google.com/document/d/1TnqCWh6b3UY2Auzp8x3U8FeUkxU3pPwr10T24ZfTogM/edit?usp=sharing
1965,2025/10/19（週日） 00:10,00:10,315,🌀⭐315-0424057 Shen,10月小作文,https://1drv.ms/w/c/bc85a8fa0d19dafb/EdJ8mJ31ejVKthDpb3fIE2UBOG8xrjkIMQ4FPd4-qiXUAg?e=mjZcfY
1966,2025/10/19（週日） 11:39,11:39,781,781-0853880德瑞克,10月小作文-比特幣,https://drive.google.com/file/d/1r1pw_36CBvD_mQGVyVA0Bz3WnXew20hz/view?usp=sharing
1967,2025/10/19（週日） 12:36,12:36,795,795-0861681Candy,10月小作文,https://docs.google.com/document/d/1TnqCWh6b3UY2Auzp8x3U8FeUkxU3pPwr10T24ZfTogM/edit?usp=sharing
1968,2025/10/19（週日） 15:54,15:54,460,460-0544474 Monson,On x LOEWE聯名系列又來了！,https://www.elle.com/tw/fashion/flash/g69043062/on-loewe-2025-fw/#
1969,2025/10/19（週日） 17:17,17:17,420,420-0529143肥吱吱,十一月小作文  力積電,https://docs.google.com/document/d/10SvPyDDVBXrCLKWKXnAI0QHfxAvdCegSjBlzX58sjYk/edit?usp=sharing
1970,2025/10/19（週日） 21:05,21:05,745,745-0830450更生狼,10月小作文 台股-4164承業醫,https://docs.google.com/document/d/1OcS-OGlZkHS8NiBJz1tAZvBfcOtpxRJ1/edit?usp=sharing&ouid=112274389475901734491&rtpof=true&sd=true
1971,2025/10/19（週日） 21:08,21:08,476,⚡️⭐️476-0689643  賢妻良母,十月小作文,https://docs.google.com/document/d/10daInx-ugbuH7yjYV8S0bG9Hbe0u5GKpWasonyBnqMc/edit?usp=sharing
1972,2025/10/19（週日） 21:53,21:53,796,796-0851060木俞,10月小作文,https://docs.google.com/document/d/1mGeaA3E6L1XjoLKYW3n1tMI0DModyLzjUYBbK6QOM-s/edit?usp=sharing
1973,2025/10/19（週日） 23:03,23:03,460,460-0544474 Monson,On台灣是ISPO+&摩曼頓,https://www.onrunningtw.com/
1974,2025/10/19（週日） 23:20,23:20,460,460-0544474 Monson,如果有在關注鞋子產業的朋友,https://kenlu.net/
1975,2025/10/20（週一） 01:04,01:04,659,659-0773876眼睛畫XX,十月小作文,https://drive.google.com/file/d/10Ba7u5vDOSOsz800DO5WM9vXtzumpFHg/view?usp=drive_link
1976,2025/10/20（週一） 07:58,07:58,640,640-0760313游子龍,10月小作文-從技術革命視角看AI投資：超越泡沫恐慌的長期思維,https://www.notion.so/10-AI-291f7d7dbdc2803695ceefa8d54140fb?source=copy_link
1977,2025/10/20（週一） 08:31,08:31,041,041-0397236拖泥帶水,10月小作文10,https://docs.google.com/document/d/10d6sIiUlWntkch63fUL0NjqpJkM-UB-p2AveZANkOxQ/edit?usp=sharing
1978,2025/10/20（週一） 12:13,12:13,102,102-0407647 Ethan,有在使用iPad畫畫的人可以領取這個軟體現在免費下載；下載完後進去註冊帳號登入，在軟體裡面可以直接0元購,https://www.facebook.com/share/17R9zMSqgH/?mibextid=wwXIfr
1979,2025/10/20（週一） 13:18,13:18,460,460-0544474 Monson,這應該是On官方置入廣告吧～最好看的出來,https://www.elle.com/tw/fashion/celeb-style/g69081164/2025-cheryl-yang/#
1980,2025/10/20（週一） 14:56,14:56,496,496-0720984林小白,十月小作文,https://docs.google.com/spreadsheets/d/1I2b-yfVyhCnK_-SNQUD9Cw8ERccaHnAS/edit?usp=sharing&ouid=102331819645272057471&rtpof=true&sd=true
1981,2025/10/20（週一） 15:16,15:16,803,803-0862509whale,十月小作文,https://docs.google.com/document/d/1huudnDKW-0agKjsidXwNe52atQFtBMaa/edit?usp=drive_link&ouid=112412305084253066147&rtpof=true&sd=true
1982,2025/10/20（週一） 15:29,15:29,719,719-0827133Eileen,十月小作文2_全額交割股買賣,https://docs.google.com/document/d/1U6ffprLCxaxLN1vifn0H671hRBATLVK2/edit?usp=drive_link&ouid=111607531348161543485&rtpof=true&sd=true
1983,2025/10/20（週一） 15:39,15:39,805,805-0436618戴爾馬克思,十月小作文,https://docs.google.com/document/d/1pj3OiTIJq7LZx92__XSmRtgq3-xMunXmRSaClZ5ztCo/edit?usp=sharing
1984,2025/10/20（週一） 16:28,16:28,800,800-0859075波牛,十月小作文,https://drive.google.com/file/d/1PQ_GhHuveKXSO9LPm0onxqUUJus7_X6z/view?usp=drivesdk
1985,2025/10/20（週一） 17:08,17:08,740,740-0836726超級奶爸,,https://docs.google.com/document/d/1NTgJFfmANQ7SG5w_b8Y_TnT5UrpgC5gWjhZ50-LpwfM/edit?usp=drivesdk
1986,2025/10/20（週一） 17:46,17:46,806,806-0838591股海小拳手,,https://docs.google.com/document/d/1XLtD8B5Ah8_maHJNi-Akem2JnRGO_TbwBGC1XnzOPno/edit?usp=sharing
1987,2025/10/20（週一） 20:28,20:28,804,804-0858610厲飛雨,十月小作文,https://08imoney.com/smc/
1988,2025/10/20（週一） 21:18,21:18,724,724-08342062learner,十月小作文-2,https://docs.google.com/document/d/1caVZ1296yyEz-ChrarfJ2076V54v21453HeMUrzdQEQ/edit?usp=sharing'
1989,2025/10/20（週一） 22:23,22:23,036,036-0395063Golddd,,https://docs.google.com/document/d/1tCRBsXhJuhB2HPjjRxYoaAp6Oci7BLxvKbmVfTe3myo/edit?usp=sharing
1990,2025/10/20（週一） 23:02,23:02,526,526-0347875小妞,十月小作文,https://reurl.cc/Qa0OpM
1991,2025/10/20（週一） 23:07,23:07,659,659-0773876眼睛畫XX,十月小作文-2,https://drive.google.com/file/d/15vtOdM4Shufl65owQl1ygg_6O249HgdW/view?usp=drive_link
1992,2025/10/20（週一） 23:24,23:24,733,733-0837770Oscar,十月小作文,https://docs.google.com/document/d/19FeycNUaLNVzIGLjrBmVpqgLqFzBm4Z1du71GAP18_w/edit?tab=t.0
1993,2025/10/21（週二） 11:27,11:27,184,184-0393188 吃魚,不是作文但我覺得很適合投資人看看，六大模型在nof1.ai這個投資競賽上各自的思維跟成績,https://x.com/op7418/status/1980271346157605215?s=46&t=DfgRDf1cdSsgTeCJuETzyQ
1994,2025/10/21（週二） 13:37,13:37,452,452-0640491小凱,十月小作文,https://docs.google.com/document/d/1_0rOMQlW6qLAKGDScRuFHTaS6zL6m3qQ/edit?usp=sharing&ouid=101863675658538783335&rtpof=true&sd=true
1995,2025/10/21（週二） 13:39,13:39,749,749-0222178狗狗玩泥巴,十月小作文 美股-儲電系統,https://drive.google.com/file/d/16FgPps-_yN94hRAJJeoKyGLt8yYzY0d5/view?usp=sharing
1996,2025/10/21（週二） 14:31,14:31,725,725-0836975阿天,十月小作文(2),https://docs.google.com/document/d/1YaAg2zyfMy0cgTz7lSeIIZiHLrRD361k/edit?usp=sharing&ouid=105340632181941963504&rtpof=true&sd=true
1997,2025/10/21（週二） 15:48,15:48,808,808-0867708迷途小醫師,十月小作文,https://docs.google.com/document/d/1qBwTxIDBZKwAnSpKB9ussuvzKlRgqkfVxvO7z0JbjpM/edit?usp=sharing
1998,2025/10/21（週二） 17:49,17:49,442,442-0435237Raymond,十月小作文,https://docs.google.com/document/d/15I3Qpz7kTPZbC1lSI88BB9njbATFUi13aACgQW_MeXQ/edit?tab=t.0
1999,2025/10/21（週二） 18:10,18:10,743,743-0840194Nienchun,10月小作文,https://docs.google.com/document/d/1s6uRWrU0UPeK02p816ajfaR9LnebrFFF/edit?usp=drivesdk&ouid=102145518263244093428&rtpof=true&sd=true
2000,2025/10/21（週二） 19:20,19:20,812,812-0827573蝦兵蟹將,十月小作文,https://docs.google.com/document/d/1PIiMT-EusvDSyuAFKaJWlfoTotC4eTBL/edit?usp=drivesdk&ouid=104448799449995285852&rtpof=true&sd=true
2001,2025/10/21（週二） 20:28,20:28,635,635-0557322阿展,10月小作文,https://docs.google.com/document/d/1PRlWpOtWSkJoXTvabd0aByLjos5Ne390/edit?usp=sharing&ouid=109030146905094579631&rtpof=true&sd=true
2002,2025/10/21（週二） 21:11,21:11,807,807-0855749Dash,十月小作文,https://docs.google.com/document/d/135o9Kioh6RMl0Bkj1g_eNxMFauWNWz4JqwNpVf5mquM/edit?usp=drivesdk
2003,2025/10/21（週二） 21:24,21:24,758,758-0841368庄咖郎涼水,10月小作文,https://docs.google.com/document/d/1052SDscaQP1SzUymb94WK-ZpEkTp6Jpv1ONRkDL-x9s/edit?usp=drivesdk
2004,2025/10/21（週二） 22:16,22:16,586,586-9800001安煦,10月小作文,https://docs.google.com/document/d/16Ilqf6oapu2-lKDxAm1-ESVnmGXd1IvoZhZPmAtkOCQ/edit?tab=t.0
2005,2025/10/21（週二） 22:23,22:23,709,709-9800007子J,十月小作文,https://www.notion.so/2-KO-28bb6845abbb80359ad9c6ba36a15161?source=copy_link
2006,2025/10/22（週三） 02:27,02:27,748,748-0516415小巨人,十月小作文,https://drive.google.com/drive/folders/1FL6TRJu7--FtCKiQyaWp_IS6aSpKnb90?usp=drive_link
2007,2025/10/22（週三） 09:49,09:49,115,115-0398769 阿六,10月小作文,https://drive.google.com/file/d/1ETW9KVCwT77xiZVFtcJSETptntHWyF4P/view?usp=sharing
2008,2025/10/22（週三） 11:54,11:54,527,527-0726894耀,11月小作文-如何搜集資訊,https://docs.google.com/document/d/1kyyU0zLHtE5S7wQZXbD71iy9kh4qDzTi/edit?usp=drive_link&ouid=106899638007069152878&rtpof=true&sd=true
2009,2025/10/22（週三） 14:54,14:54,815,815-0720078fred,十月小作文,https://drive.google.com/file/d/1sx0CUOnPcdrklQp53_ssF-BpHm6VKDzv/view?usp=drivesdk
2010,2025/10/22（週三） 14:54,14:54,814,814-0870643 FM,十月小作文,https://docs.google.com/document/d/1YMqfMEduWhYDkHtSO_BOS4KRhXVZNM7R/edit?usp=sharing&ouid=115657356433355984300&rtpof=true&sd=true
2011,2025/10/22（週三） 15:00,15:00,816,816-0859923cyanite77,十月小作文,https://drive.google.com/file/d/1AhH4Vy8VJ6SjKUrZ29kd8vcMNCD9FoKZ/view?usp=sharing
2012,2025/10/22（週三） 16:35,16:35,667,667-0782388鑽石商人,10月小作文 竟天6917,https://docs.google.com/document/d/1Tq3D4onT64pOJQXu7odEpoZaevhrhxbrk1oxtLfGPVQ/edit?usp=sharing
2013,2025/10/22（週三） 17:12,17:12,687,687-0461939你豪弟,十月小作文,https://docs.google.com/document/d/1n29cVkTJe0s9UUwNx7TFApII-j5pqqGP/edit?usp=sharing&ouid=107276251758633899681&rtpof=true&sd=true
2014,2025/10/22（週三） 20:40,20:40,813,813-0840398阿東仔,十月小作文,https://drive.google.com/file/d/1P9T_hHHxCWBc9BH_NbbFbg5Q0f1PCzty/view?usp=share_link
2015,2025/10/22（週三） 22:14,22:14,806,806-0838591股海小拳手,十一月小作文 台股34912CB心得,https://docs.google.com/document/d/1A4MwuOgzT_owoDcxJ4WIpewS-GILfyndnP-5OA5HJek/edit?usp=sharing
2016,2025/10/22（週三） 23:05,23:05,431,431-0530336梅子,,https://docs.google.com/document/d/15aMMMQUVE0l1gdlZ5vmlVFzABCUnqNkhn0F6darcblI/edit
2017,2025/10/22（週三） 23:08,23:08,573,573-0741497快樂寶貝,十月份小作文,https://docs.google.com/document/d/19471qFS0stJg7UH1eEkaXpv9H--_rU_hNuOmm9iCHJw/edit?usp=sharing
2018,2025/10/23（週四） 00:21,00:21,219,219-0394352 負二貸,十月小作文 台股 - 非洲豬瘟 受惠股票分析,https://docs.google.com/document/d/1gER4ObHvwoAxCP3OphAXFgJEtW1Dw0c-SZZmGFORSHU/edit?usp=sharing
2019,2025/10/23（週四） 02:34,02:34,697,697-0819617吳哥窟,10月小作文,https://docs.google.com/document/d/1sxEdJD4RWBJar_pxo03oddDkYx6LbTIw/edit?usp=drivesdk&ouid=101256574752603373411&rtpof=true&sd=true
2020,2025/10/23（週四） 03:12,03:12,299,299-0397647咪蛋,十月小作文,https://docs.google.com/document/d/1KIfUEfFNanbUv8D6ob2udCQMZuu5e1s_38baNrMzk8A/edit?tab=t.0#heading=h.n7ngbfafsw79
2021,2025/10/23（週四） 10:22,10:22,749,749-0222178狗狗玩泥巴,10月小作文，GOOG剛發布的量子晶片,https://drive.google.com/file/d/1UnHtmA1VkFoVQtXrPucy01qk08auVW2W/view?usp=sharing
2022,2025/10/23（週四） 12:04,12:04,753,753-0766443 Rex,十月小作文,https://docs.google.com/document/d/17mVHlSfKkkUroDQEweEmOd-HKIpYDVt5/edit?usp=drive_link&ouid=114527309918296971855&rtpof=true&sd=true
2023,2025/10/23（週四） 12:37,12:37,790,790-0464596JH,11月小作文,https://docs.google.com/document/d/1_VHUjys1Ea1w5wb3_xTsVWYgl2pL5JJgccbgoCO0k98/edit?usp=drivesdk
2024,2025/10/23（週四） 16:27,16:27,398,398-0502254昶,10月小作文,https://drive.google.com/file/d/1lDFs13rbTwRC8SuGqWSbakrJJaxKe8c8/view?usp=sharing
2025,2025/10/23（週四） 17:18,17:18,820,820-087287羅傑,10月小作文,https://docs.google.com/presentation/d/1mJ3c7YK-VXIW4nz2S4m48CiNcKtsdsS2ZwF4hmqlaG0/edit?usp=sharing
2026,2025/10/23（週四） 18:06,18:06,465,465-0677707股市細漢,10月小作文,https://docs.google.com/document/d/1XSBU5BWERtooZmR2mAs-Dr5Jm2nsdyna/edit
2027,2025/10/23（週四） 21:37,21:37,819,819-0773902Hanzie,10月小作文,https://docs.google.com/document/d/17Gm5WtyU0xhu0QaPwVpNR6gV-X9th702kVhqRfzZCfg/edit?usp=sharing
2028,2025/10/24（週五） 10:54,10:54,785,785-0854041阿肥,,https://drive.google.com/file/d/1Gtuv2Waftcri-kj01CegstZPg_7scJYS/view?usp=drive_link
2029,2025/10/24（週五） 14:05,14:05,742,742-0840644小金,,https://drive.google.com/file/d/1rr5Tn_Vq0MW8IRM3R1WvDMxguY0BjWOB/view?usp=drivesdk
2030,2025/10/24（週五） 17:30,17:30,586,586-9800001安煦,10月小作文,https://docs.google.com/document/d/1RfgtBIiDzwS17MY_BMy8PSly24XMM33g_jhq179X0Kc/edit?tab=t.0
2031,2025/10/24（週五） 22:28,22:28,660,660-0769589聾五,十月小作文,https://drive.google.com/file/d/1osgmnLNmP9rwmTc1S5v8unE8U9CzNLKz/view?usp=drive_link
2032,2025/10/24（週五） 22:44,22:44,717,717-0414096POLO👕,10月小作文 台股-聯發科2454,https://docs.google.com/document/d/1nIpCzJNgfPEUHqFoG5y4a3DfTxx6oIn9VkGd4XiFnuM/edit?usp=sharing
2033,2025/10/24（週五） 23:30,23:30,726,726-0837754巴斯光年,10月小作文,https://docs.google.com/document/d/1aXUTs4yULF5pOuZH4Sms_rLJTpLnR1RbYtXW3GfTDw4/edit?usp=sharing
2034,2025/10/24（週五） 23:31,23:31,675,675-0783303只會做雞本麵加韭菜,10 月小作文,https://docs.google.com/document/d/1aJ74C2NztVkHp1RCuOFvguh5ns7_VncE0ieDYO0A-EU/edit?usp=sharing
2035,2025/10/24（週五） 23:44,23:44,732,732-0826503Alin,10 月小作文,https://docs.google.com/document/d/1ZSGrLsz0GmnEJ4eXoVhoay5StEi7nq_QB2JaWfEi5LE/edit?usp=sharing
2036,2025/10/25（週六） 01:16,01:16,408,408-0212997 賞星星,10 月小作文,https://docs.google.com/document/d/1b7yL4p-tIEmuggsIGvhM1bTzUdC1q5G0/edit?usp=drivesdk&ouid=116226013342888550840&rtpof=true&sd=true
2037,2025/10/25（週六） 04:38,04:38,375,375-0488831財經百寶袋,10月小作文,https://drive.google.com/file/d/1CCzcX08oEStLo-SreKLcOTZhhGOX3Its/view?usp=drivesdk
2038,2025/10/25（週六） 11:18,11:18,685,685-0809847冷鴿,11 月小作文,https://drive.google.com/file/d/1nl92UGrM473Mt8TO6Aj5mhGFiKa4Qa2g/view?usp=sharing
2039,2025/10/25（週六） 12:04,12:04,399,399-0507288 Kim Chen,十月小作文_世禾3551,https://docs.google.com/document/d/1Hhz_wUZCzmvU7YDzTw2FsohkpNLFSPTn/edit?usp=sharing&ouid=101924550352225612878&rtpof=true&sd=true
2040,2025/10/25（週六） 15:58,15:58,792,792-0529305Griffin,10 月小作文,https://docs.google.com/document/d/1J2BTMCSB2EQ8dJLpK5oCvX8z3IVm8jcJc5WWWTcCN_A/edit?usp=sharing
2041,2025/10/25（週六） 17:17,17:17,437,⚡️⭐ 437-0548182林大大,十一月小作文,https://docs.google.com/document/d/1zEMwwxjDa7YZMwTJOEECcW0xB7prULkT/edit?usp=sharing&ouid=102413103344657402164&rtpof=true&sd=true
2042,2025/10/25（週六） 21:02,21:02,634,634-0744957溫蒂漢堡,10月小作文,https://docs.google.com/document/d/1Tlg1_6NFCSV5tWUaAKMF6fy5WuXayRcd/edit?usp=sharing&ouid=108517892925346239777&rtpof=true&sd=true
2043,2025/10/25（週六） 23:11,23:11,468,468-0677901彩虹,10月小作文 台股 良維6290,https://docs.google.com/document/d/1BGbf2EjRx24BuvftY2tqPkv_gisnKY_lQsIPSbSaWSE/edit?usp=drivesdk
2044,2025/10/26（週日） 01:44,01:44,390,390-0489924_Joe,10月小作文,https://drive.google.com/file/d/1S6H6oV0mz1iHsGi_-al6Dd4JR2IH7UEU/view?usp=drive_link
2045,2025/10/26（週日） 06:06,06:06,402,402-0511960 雪花冰,,https://docs.google.com/document/d/1gUv8HZU-HSQKYtFmVgbjg8s0ioqSwB-s/edit?usp=drivesdk&ouid=103740366053566449567&rtpof=true&sd=true
2046,2025/10/26（週日） 14:17,14:17,472,472-0217714     五條,10月小作文,https://likeable-manx-e71.notion.site/2428-297dde723f2c80df8640d74499f883ec?source=copy_link
2047,2025/10/26（週日） 16:53,16:53,499,499-0707318 開心北極熊,10月小作文,https://docs.google.com/document/d/1QWYlhx9U-QjReALJPHWWoCY2lRT92dqv-ZFYf_ObuEU/edit?usp=drive_link
2048,2025/10/26（週日） 16:54,16:54,809,809-0855574Siang,十月小作文,https://drive.google.com/drive/folders/1IDGgcvShgDiXJTPtObtSyPNYR-m9rGhr
2049,2025/10/26（週日） 18:42,18:42,594,594-0741808二奶老爸,十月小作文,https://docs.google.com/presentation/d/1sc1UEUST25lzKmHngwKydaXN0tzxJ7NU/edit?slide=id.p2#slide=id.p2
2050,2025/10/26（週日） 19:44,19:44,012,012-0403340漢堡,10月小作文III,https://docs.google.com/document/d/1j5PixLJRt5e5lKDBxncfeZ10Ij16seGTquwyouFRHhw/edit?usp=sharing
2051,2025/10/26（週日） 21:05,21:05,563,563-0554668社工日常,十月小作文,https://drive.google.com/file/d/1zDx_F63AQdm8l34wl8NPsPhHbYzEaDap/view?usp=drive_link
2052,2025/10/26（週日） 21:31,21:31,447,447-0429654 Samuel,十月小作文 台股-三商2905,https://docs.google.com/document/d/1s1SoLDbL2xptXPDmyKpd6iraLe_BR1J-kU5uvHfJJW8/edit?usp=sharing
2053,2025/10/26（週日） 21:33,21:33,459,459-0677503登大狼小海龜拔拔,十月小作文  台股:南電8046,https://drive.google.com/file/d/1bQa9v24mXRXR0HK_Odjv3OEW5jR_tmL0/view?usp=drive_link
2054,2025/10/26（週日） 21:45,21:45,803,803-0862509whale,十一月小作文 台特化4772,https://docs.google.com/document/d/1-WORpDuEuHntncGXQHoFnXDzvh98tsrs/edit?usp=drive_link&ouid=112412305084253066147&rtpof=true&sd=true
2055,2025/10/26（週日） 22:15,22:15,653,653-0764005下五沒有事做的小希,十月小作文,https://docs.google.com/document/d/154dFS3BqzPMx8ljUcFPntToMU7dotkZt/edit?usp=sharing&ouid=102742943529460054148&rtpof=true&sd=true
2056,2025/10/26（週日） 23:18,23:18,422,422-0502966-thomasH,十月小作文 頎邦6147,https://docs.google.com/document/d/14sJRjzmE0kWewvCD6EgN1mfQnNH9yIoauXF_kMnSr84/edit?usp=sharing
2057,2025/10/26（週日） 23:30,23:30,513,513-0727822 Loui,十月小作文-台指期下週規劃20251026,https://drive.google.com/file/d/14uRG-Qd9w09OJDKzJbJJAFlcwWg9gqaj/view?usp=sharing
2058,2025/10/26（週日） 23:54,23:54,699,699-0432133山姆,十一月小作文,https://docs.google.com/document/d/1LdV48YoVG1flKcAcyLQecmWJHfkGEhjoOgboYynf8Ic/edit?usp=sharing
2059,2025/10/27（週一） 00:09,00:09,381,381-0491048彼得森,10月小作文,https://docs.google.com/document/d/1J4ZO4YkbQefHXUjjqTz0tp47bSOqTX_6MsWsf4tHHKk/edit?tab=t.0
2060,2025/10/27（週一） 00:17,00:17,569,569-0741507兩津腿庫,十月小作文,https://docs.google.com/document/d/1uylTE5klw7ucZTpiZiDJc_TskERFKBDqdzPQ65sTbI8/edit?tab=t.0
2061,2025/10/27（週一） 00:54,00:54,440,440-0208121  voice,10月小作文,https://docs.google.com/document/d/1zdVjK9yAZJbo2QNMWqpuFrkXicQuuVAH/edit?usp=sharing&ouid=112140481029709627573&rtpof=true&sd=true
2062,2025/10/27（週一） 09:29,09:29,377,377-0399496-99496-糸隹,十月小作文,https://docs.google.com/document/d/1xQ_phstZ3yqLTh5DkBniYmhDpG17QYZj/edit?usp=drivesdk&ouid=100871849434388685062&rtpof=true&sd=true
2063,2025/10/27（週一） 11:57,11:57,578,💎⭐578-0742519GRACE,十月小作文  3006  晶豪科,https://drive.google.com/file/d/1R5SjHho8p_s-WEFvn7ULqloQXQN4BmZv/view?usp=sharing
2064,2025/10/27（週一） 12:52,12:52,535,535-0724553空格 王玉1個億,11月小作文,https://docs.google.com/document/d/1QhYS-wuUnIOANmyqQfA-0c-idrL9wAi8/edit?usp=drivesdk&ouid=108855551660568832776&rtpof=true&sd=true
2065,2025/10/27（週一） 14:55,14:55,824,824-0874814Jefa,十月小作文,https://docs.google.com/document/d/1fEGclUjvLEn9hrowctkHfjybps_l319m/edit?usp=sharing&ouid=107040170049546355987&rtpof=true&sd=true
2066,2025/10/27（週一） 14:56,14:56,821,821-0858791GT,十月小作文,https://docs.google.com/document/d/1b0elxqAEthPkt2SHp77vY8wGFevwrLyS-oZ51ZB_r1U/edit?tab=t.0
2067,2025/10/27（週一） 15:18,15:18,712,712-0828899馬克蔡,十一月小作文,https://docs.google.com/document/d/1oyPo_FpECqDtlR3WqjqNtI9N2r8RmGal/edit?usp=drive_link&ouid=101067173658864223376&rtpof=true&sd=true
2068,2025/10/27（週一） 15:22,15:22,564,🔥⚡️⭐️564-0721983 飛利浦,十月小作文,https://docs.google.com/document/d/1cfp361VdEQdIxWTpiXMpHmjtlMmk_Vjq/edit?usp=drive_link&ouid=107585458892499599889&rtpof=true&sd=true
2069,2025/10/27（週一） 15:44,15:44,780,780-0854698HSUAN,11月小作文 2357華碩,https://docs.google.com/document/d/120ih_XaiJM4i2Tzl_TIWf2FRaNH_mjqBIAklhXIkhCw/edit?usp=sharing
2070,2025/10/27（週一） 16:06,16:06,581,581-0721734Barney,10月小作文 加熱菸市場,https://docs.google.com/document/d/1xbqP-7OUCjYYjCvQmOPkw1RUqDmD7XKEanzLZqhohdA/edit?tab=t.rpbicpmy0cxp
2071,2025/10/27（週一） 16:21,16:21,584,584-0745448雙北健美攻擊手,10月小作文,https://docs.google.com/document/d/1WVUVC3ZKdDfa-8crSwBO5B87lIsMlVE9eF_xifFMaRA/edit?tab=t.0
2072,2025/10/27（週一） 16:37,16:37,487,487-0489351 阿棋,10月小作文-週期性交易2031 新光鋼,https://docs.google.com/document/d/1Z-SDuv6TgE14t5b1WONm0l65XUchU8TxeJsREhfRZLE/edit?usp=drivesdk
2073,2025/10/27（週一） 16:38,16:38,622,622-0751982 Leon,十月小作文,https://docs.google.com/document/d/1pUtUHBcV90LykXXIOwhUOQOTAjnwccAvTKe-oBYSvg4/edit?tab=t.0
2074,2025/10/27（週一） 16:40,16:40,587,587-0736295寫程式的工程師,十月小作文,https://drive.google.com/drive/folders/1dPW_w_-fh4nLdxO9qytgb6Vixpi3bilL?usp=drive_link
2075,2025/10/27（週一） 17:14,17:14,625,625-0754138威廉Wang,十月小作文  2324 仁寶,https://docs.google.com/document/d/1VDgCxkbkDVQbJc5fak2oFa-ts81fTrgz2j8gM00DuB0/edit?usp=sharing
2076,2025/10/27（週一） 18:57,18:57,448,448-0566151MIN KAO,十月小作文,https://docs.google.com/document/d/1CsSnr01OP0HZ_FGA3tn-zvNJhtata45Ap5OnjDTNl9I/edit?usp=sharing
2077,2025/10/27（週一） 19:21,19:21,585,585-0734569止水,十月小作文 卜蜂(1215),https://docs.google.com/document/d/1_FZ3hrNPqbqQT_d9U9-ZYuv8E_BvNaoWzkdg75sLQrw/edit?tab=t.0
2078,2025/10/27（週一） 21:07,21:07,823,823-0785301AMBER,十月小作文,https://docs.google.com/document/d/13P5oFnXMf4khZArJt03KIMbO1KkKhI_X/edit?usp=sharing&ouid=106656004628424165560&rtpof=true&sd=true
2079,2025/10/27（週一） 21:53,21:53,822,822-0863113XXXXXX,十月小作文,https://docs.google.com/document/d/1-F0-RjdOR5zzc2X0OUt0YaUm_5mu-eeJzNPUy63BEwE/edit?usp=drivesdk
2080,2025/10/27（週一） 22:34,22:34,575,575-0741277 黃金獵款,十月小作文,https://drive.google.com/file/d/1DzZNRfq_iq-SNqUwQJzI0kVgiU9oOsBV/view?usp=drive_link
2081,2025/10/27（週一） 22:45,22:45,586,586-9800001安煦,10月小作文,https://docs.google.com/document/d/1TJ3J3bcqXm0G2uGi9SwHljqBBB4kPoubMcdJDIpDqeY/edit?tab=t.0
2082,2025/10/27（週一） 23:10,23:10,613,613-0750653諾克堤斯,十月小作文,https://drive.google.com/file/d/1w_PByDvG4gW7OwPf9gz85HzGkvMomVwq/view?usp=drive_link
2083,2025/10/27（週一） 23:42,23:42,378,378-0489775凱特,十月小作文,https://drive.google.com/file/d/1PbCbBmP3uJKd8WWeMRiAgFZF6FcedEbU/view
2084,2025/10/28（週二） 01:35,01:35,615,615-0396172John(小志),十月小作文,https://docs.google.com/document/d/1aSVvRpWZKnFiV1YBrTcx904Okplt_CFgINwidfm9urQ/edit?tab=t.0
2085,2025/10/28（週二） 09:22,09:22,571,571-0727961小P,十月小作文,https://docs.google.com/document/d/1xcKx66YjUNzG7SBGKuMH0JUtieoDeUukcCYo1fo1gwk/edit?tab=t.0
2086,2025/10/28（週二） 15:10,15:10,531,531-0606228 QD,十月小作文,https://docs.google.com/document/d/1gsn_EZR8HTjW_S81Zzg5l0jbF0IJHQ785bjnP8g21rM/edit?usp=sharing
2087,2025/10/28（週二） 15:47,15:47,555,💎⭐555-0739797來信,十月小作文  台股-德昌 5511,https://docs.google.com/document/d/13rVqpXM8ovMip5Mr3HHO3ivRB6L4u5nfO_FjqC96G3M/edit?usp=sharing
2088,2025/10/28（週二） 16:10,16:10,827,827-0658140中科韭菜大學生,十月小作文,https://docs.google.com/document/d/1qQvC2fAFo_cs1Q-lc9MlubId6z4ZZvruaBrJuqOGEIg/edit?tab=t.0
2089,2025/10/28（週二） 16:23,16:23,825,825-0541707BOB,十月小作文,https://drive.google.com/file/d/1wTWv9zCFx0Q6_zISIhY-jf0wpv4DY9TA/view?usp=drive_link
2090,2025/10/28（週二） 17:09,17:09,671,671-0787312 Hi there,十月小作文 美股-選擇權十月買賣們,https://docs.google.com/document/d/1FmoQ-_AnElOdrsB-yC0b3nBjTsfqyoHXvzi6o5p2cxc/edit?tab=t.0
2091,2025/10/28（週二） 18:16,18:16,604,604-0435923電電甲三碗公,,https://docs.google.com/document/d/1yAiEStFYUA6OVHZKRXitk2U908N3GKojnbbAR9N6YNM/edit?usp=sharing
2092,2025/10/28（週二） 20:47,20:47,626,626-9800005rich,十月小作文 美股-無人機產業,https://docs.google.com/document/d/1RV0-NOgxJykNWsfdiYQ7JO-HSO8-wTQ4/edit?usp=drive_link&ouid=116363410657624684517&rtpof=true&sd=true
2093,2025/10/28（週二） 21:21,21:21,704,704-9800006阿波,十月小作文,https://drive.google.com/file/d/1h0Ae4yQ_bpjTHtyC-ca_0nVpCXH050N2/view?usp=drive_link
2094,2025/10/28（週二） 21:26,21:26,425,425-0531458狄桃培,十月小作文,https://docs.google.com/document/d/1j2sw-o4HQoBOYDi3Psumf3bdvVVLYQL4/edit?usp=drive_link&ouid=109149861247779089562&rtpof=true&sd=true
2095,2025/10/28（週二） 21:27,21:27,554,554-0726975大平,十月小作文,https://reurl.cc/pKnVDd
2096,2025/10/28（週二） 22:04,22:04,650,650-0768658Nick,十月小作文,https://docs.google.com/document/d/1RaU2_Q7zc3TELpCZMQhKY7ziBN1IGq0byMzcjdF47zA/edit?usp=sharing
2097,2025/10/28（週二） 22:04,22:04,445,💎🌀⭐445-0556394 Kai,,https://docs.google.com/document/d/1hmr_gpeFEtAbT9FvgzsRJHvhhIJBJH1P3fwWLA-S0xE/edit?tab=t.0
2098,2025/10/28（週二） 22:37,22:37,713,713-0824864小邱Eric,十月小作文 大盤開低1%以上的策略,https://drive.google.com/file/d/1KsP9atKtrBU6q-zq799pix3udjVgVema/view?usp=drive_link
2099,2025/10/28（週二） 22:48,22:48,506,506-0723994 樂觀感恩,,https://docs.google.com/document/d/1ksVvHCmrQU5MwY5itIbeBeu-MvMOqnoTlSrGWuFA1Dw/edit?usp=sharing
2100,2025/10/28（週二） 23:13,23:13,488,488-0707486 TK,十月小作文,https://www.notion.so/10-29a11723f5dc80cbbdb9f6e5e56399d8?source=copy_link
2101,2025/10/28（週二） 23:20,23:20,652,652-0760258STwind,十月小作文,https://docs.google.com/document/d/1kPb4mkTOu_oCEZC-2rnI3BWjlss1LgF8/edit?usp=drive_link&ouid=103941812260221361282&rtpof=true&sd=true
2102,2025/10/28（週二） 23:40,23:40,691,691-0812313Roy,10月小作文-6290良維,https://docs.google.com/document/d/1btx-KFX5gtFWyr2hOdsWPeSj4NPHYxftX6KMItx51Ts/edit?tab=t.0
2103,2025/10/28（週二） 23:41,23:41,651,651-0741170三毛,十月小作文,https://drive.google.com/file/d/1OcPTCDvubzUCziXXNgRY-EBIoAJa7ofN/view?usp=drive_link
2104,2025/10/29（週三） 00:34,00:34,605,605-0735461小蘋果,十月小作文,https://docs.google.com/document/d/1t1gg6h3CRZyFw2mKEMhWaKSVN8IHuKAAzJhwqV6ZaUg/edit?tab=t.0
2105,2025/10/29（週三） 01:21,01:21,684,684-0808916papa造,十月小作文,https://drive.google.com/file/d/1H3kdbVkyD8cTeh4VODMTNVBsey6BYswN/view?usp=sharing
2106,2025/10/29（週三） 05:20,05:20,514,514-0724883Ryan,十月小作文,https://docs.google.com/document/d/1oy0VK44GqUaxTMVlqae7r2Om0AT6IuBfE_LlCttDWLA/edit?usp=sharing
2107,2025/10/29（週三） 10:37,10:37,149,149-0394491小豬哥,十月份小作文                                                                                                                                                                                                      美股-英美菸草 BTI,https://docs.google.com/document/d/166RBRXtb9h6vrB-gau2OTjeS0SFVmSZW/edit?usp=sharing&ouid=102791114898253876218&rtpof=true&sd=true
2108,2025/10/29（週三） 11:40,11:40,366,366-0402367-KAIKAI,十月小作文,https://docs.google.com/document/d/1VYpYhWjOUjFgc4-H2MrbGEXGb6QRNWCrZzvSkhgcaWY/edit?usp=sharing
2109,2025/10/29（週三） 14:40,14:40,417,417-0405649 阿賢,十月份小作文,https://drive.google.com/file/d/1v8JE7-Dr5S5paXrc-2mF55jJRTFvDKGh/view?usp=sharing
2110,2025/10/29（週三） 14:44,14:44,527,527-0726894耀,11月份小作文-股票投資策略.docx,https://docs.google.com/document/d/1fKsLtZn6l6bf8aV4i7CrHaqMpd-8Muw1/edit?usp=drive_link&ouid=106899638007069152878&rtpof=true&sd=true
2111,2025/10/29（週三） 14:44,14:44,527,527-0726894耀,11月小作文 投資組合陪跑提案(試辦),https://docs.google.com/document/d/1bGMi7C9GNpV0f0YAFj86J_9ktCAxHcUw/edit?usp=drive_link&ouid=106899638007069152878&rtpof=true&sd=true
2112,2025/10/29（週三） 15:43,15:43,414,414-0505439JCCC,10月份小作文-群聯-8299,https://www.dropbox.com/scl/fi/ub4cx4lny68vq9jfag7ci/8299-JCCC2.docx?rlkey=g931xo44aiqawo5gkstxbsmfi&st=510mjoka&dl=0
2113,2025/10/29（週三） 16:16,16:16,828,828-0876841Tiny,十月小作文,https://docs.google.com/document/d/1GxnmqC2ptzMkmJSGD1a5j69vi59iO69j/edit?usp=sharing&ouid=100879917449565812310&rtpof=true&sd=true
2114,2025/10/29（週三） 16:44,16:44,645,645-0761383 ZN寶寶,十月小作文,https://docs.google.com/document/d/1q9E3n9yVX5PNjCZsfhKAaTtSgMIeVDYe6SNs-KmXVc8/edit?usp=drive_link
2115,2025/10/29（週三） 16:44,16:44,829,829-0865454 Fisher,十月小作文,https://docs.google.com/document/d/1eMQWciqcDGwas-d9DYYqnUjLo5vblqJOm7hi0yhTJdA/edit?usp=sharing
2116,2025/10/29（週三） 17:19,17:19,382,382-0489733Liou,十月小作文,https://docs.google.com/document/d/1bMMP-rsr839xWafhxU0iitw6ihwMarFj/edit?usp=sharing&ouid=111696808857150992772&rtpof=true&sd=true
2117,2025/10/29（週三） 17:45,17:45,529,529-0729189 書蟲,十一月小作文,https://drive.google.com/file/d/187OjaV4Rw2rb4rPupeFXf327Th5nDdsp/view?usp=sharing
2118,2025/10/29（週三） 18:01,18:01,557,557-0727411威力力力,十月小作文,https://docs.google.com/document/d/1qmb_bqKEHIujQU670iq75C61VG-S1_Fb/edit?usp=sharing&ouid=101047127970704222066&rtpof=true&sd=true
2119,2025/10/29（週三） 20:24,20:24,515,515-0725565ycc,十月小作文 1419新紡,https://docs.google.com/document/d/1D_M499Ag0b8ybXCGRMmT8AqLmdRjxGqyE-QvlpnEwLs/edit?usp=drivesdk
2120,2025/10/29（週三） 20:42,20:42,201,201-0393638 Morgan,十月小作文,https://docs.google.com/document/d/1LoYc7H7lcFIUCWogZAPw8Jc9geNn3WRh/edit?usp=sharing&ouid=100384215663946706910&rtpof=true&sd=true
2121,2025/10/29（週三） 21:34,21:34,611,611-0541723 鴿五郎,十月小作文,https://docs.google.com/document/d/1-gdsqEY9OCqV98CHRyQ9IJXn3w_0y9lm/edit?usp=drive_link&ouid=104588451278844838269&rtpof=true&sd=true
2122,2025/10/29（週三） 22:02,22:02,612,612-0751830 Bazinga,十月小作文,https://drive.google.com/file/d/1RAUc33_TrE5rcxz8EUkKD7MqaOEgjZra/view?usp=drive_link
2123,2025/10/29（週三） 22:55,22:55,486,486-0707732貓貓,十月小作文,https://docs.google.com/document/d/1lffj0fsDihdqP2xJf-6LILq30CvfnbEQLzfuVF8MmCk/edit?usp=sharing
2124,2025/10/29（週三） 23:08,23:08,711,711-0824408我要成為通靈王,十月小作文,https://docs.google.com/document/d/1EjUILXuSYJ2poAzokiZ4fcL2XBfmRnJDpQ0qPsaH7m8/edit?usp=sharing
2125,2025/10/29（週三） 23:11,23:11,537,537-0525273momoju,十月小作文,https://momoju.notion.site/10-6895-29b66c95fe8d801db58ad14691e10f91?source=copy_link
2126,2025/10/29（週三） 23:14,23:14,462,462-0421377 RL,十月小作文_台股-華城 1519,https://docs.google.com/document/d/1AKt49I8LUa6i7AXgAOk8fIWYJEwQsb57eFHuyQz9ueU/edit?usp=sharing
2127,2025/10/29（週三） 23:18,23:18,730,730-0837518VicWang,十月小作文,https://docs.google.com/document/d/1zP2-bZGjC7qSzQ7EqHwLuKLasImQ62Rqn4wXb-XL4Z4/edit?usp=sharing
2128,2025/10/29（週三） 23:50,23:50,706,706-0825193Harpist,十一月小作文,https://docs.google.com/document/d/1PRTvwkHsW5gM61GdjjdcgYrT_HjugP6-YyJSc7O9XzI/edit?tab=t.0
2129,2025/10/30（週四） 00:39,00:39,429,429-0531924三毛,十月小作文,https://docs.google.com/document/d/1asSUWIa9zePsdKNfiZHNaIgdF5rt9nhH/edit?usp=sharing&ouid=104235377859924673226&rtpof=true&sd=true
2130,2025/10/30（週四） 14:24,14:24,439,439-0529059 空格 整骨,十月小作文,https://docs.google.com/document/d/1n5TvD9BB41gwjIu0-P7I2gVvdFi6kMOh/edit?usp=drivesdk&ouid=116720414754143254069&rtpof=true&sd=true
2131,2025/10/30（週四） 14:30,14:30,830,830-0877057大佑池久,十月小作文,https://docs.google.com/document/d/1qKswFuu8-8GyEKKV3ZIhBbWieH1cj_G9/edit?usp=sharing&ouid=109611983773768945300&rtpof=true&sd=true
2132,2025/10/30（週四） 14:40,14:40,446,446-0597683   高鐵自由座,十月小作文,https://docs.google.com/document/d/1ZcvQD6kDuQc4GV_bVdyMW4J_2k_7bzMzBMHtxmkU8_g/edit?usp=sharing
2133,2025/10/30（週四） 14:42,14:42,583,583-0741594迷因哥,十月小作文-,https://docs.google.com/document/d/1eHPodn5KDT0UNpYZq1gGahZnzgPen2xx65YmYh3Ydcs/edit?tab=t.0
2134,2025/10/30（週四） 16:03,16:03,416,416-0516004小象の小金庫,10月份小作文-良維 6290,https://docs.google.com/document/d/1U3i9zhKfGE1x8VNCezc6le4eFbL77bQO/edit?usp=drive_link&ouid=116844414747715886483&rtpof=true&sd=true
2135,2025/10/30（週四） 16:21,16:21,589,589-0737566jim,10月小作文-CSGO市場蒸發20億美元,https://docs.google.com/document/d/16GLhGKNL1SScdgcidIUKBRo86oh5XMXUYSa3aBQ2VtE/edit?usp=drive_link
2136,2025/10/30（週四） 16:34,16:34,591,591-0678531AlanLin,十月小作文,https://docs.google.com/document/d/12Nk1cSqKdIeeWLh7d4tmCMnQGRSvPFO9HZzcz_sZKXc/edit?usp=drivesdk
2137,2025/10/30（週四） 18:07,18:07,450,450-0424183 Seal,十月小作文,https://docs.google.com/document/d/1lNi17F8pRSKTmw-tQQvfMldICpGrBS5UiwWtSPRkeZk/edit?tab=t.0
2138,2025/10/30（週四） 23:04,23:04,426,426-0527909飆仔,10月小作文：日月光投控3711,https://docs.google.com/document/d/1PchBXxgZr70fISzqOElstgBY726sc-HN
2139,2025/10/31（週五） 00:11,00:11,379,379-0489759 迪諾,十月小作文,https://docs.google.com/document/d/1VtgyEQjyPi622zLgylPea-lEyJx8IkU82s68vYjvBcc/edit?usp=sharing
2140,2025/10/31（週五） 01:15,01:15,485,485-0530080克里斯,十月小作文,https://docs.google.com/document/d/1mqQd_NgqVnTbWyvLbmx8EQNM723UA7_l/edit?usp=sharing&ouid=116098567997374387789&rtpof=true&sd=true
2141,2025/10/31（週五） 01:37,01:37,694,694-0426369KaiHsiang,十月小作文,https://1drv.ms/w/c/2ad5bb8f605d1608/EYvQ7KI1M_VBgreLFD6T3ggB-Cxr2hM1IsQlotJjLcnjxg?e=OSBhpG
2142,2025/10/31（週五） 01:48,01:48,714,714-0823645小朱,十月小作文-NVDA財報事件研究,https://docs.google.com/document/d/1UfeBYIHY7RqfWquOlZ-MJb36qU49vLDApZlbgp4TevY/edit?usp=drive_link
2143,2025/10/31（週五） 01:58,01:58,709,709-9800007子J,十月小作文,https://www.notion.so/3-AMKR-293b6845abbb80e1a0c3e8e282832b05?source=copy_link
2144,2025/10/31（週五） 02:29,02:29,638,638-0361071鵝爸,11月小作文,https://docs.google.com/document/d/1NmBZ2ZMlCvxxEzNzBVuhARI9CplntLi9f2RNwzJ958I/edit?usp=sharing
2145,2025/10/31（週五） 10:56,10:56,695,695-0672171 MM,10月小作文,https://docs.google.com/document/d/1IBoRDdj4zUnEVgb_5fZVr6XWGau35ZtvvtjP7-h5jkk/edit?tab=t.0#heading=h.muodnobzistr
2146,2025/10/31（週五） 11:17,11:17,478,478-0541613 WL,10月小作文,https://docs.google.com/document/d/1QuubbEV5rpauHxLmsVFtt3l_iUWPj2Zx/edit?usp=sharing&ouid=109439436558587204793&rtpof=true&sd=true
2147,2025/10/31（週五） 11:28,11:28,464,464-0678146小書僮,十月小作文-漢唐2404,https://drive.google.com/file/d/17B97zMieU1uQdxiSXj7N-xgLDB72fd73/view?usp=drive_link
2148,2025/10/31（週五） 13:22,13:22,012,012-0403340漢堡,11月小作文,https://docs.google.com/document/d/1WDqMpTpKoavkGCmWv8MG6p31y0RrBtyBGZjmZ6VlBuc/edit?usp=sharing
2149,2025/10/31（週五） 14:29,14:29,597,597-0735283霹靂不看布袋戲,10月小作文,https://docs.google.com/document/d/1h6jC1wb7pKh-OMJwrSL5pB3GqnOexoSw/edit?usp=drivesdk&ouid=106678726823243559533&rtpof=true&sd=true
2150,2025/10/31（週五） 14:58,14:58,438,438-0549592 Ono,,https://docs.google.com/document/d/1_PjpIAq5CLFMjEkMRYzfAdBznfhXcfjBXbQCRN0qxNg/edit?usp=sharing
2151,2025/10/31（週五） 16:04,16:04,741,741-0837178 PJ,10月小作文,https://drive.google.com/file/d/1lrIUzRuf6-oAZvyINUTlKoNguM8EFbYy/view?usp=sharing
2152,2025/10/31（週五） 17:45,17:45,528,528-0434571荒唐信,十月小作文  小那新策略開發,https://docs.google.com/document/d/1i57_-2iVE-UKPwvZ-netQoGccxv824zj-U8SXiGiH2A/edit?usp=sharing
2153,2025/10/31（週五） 19:06,19:06,673,673-0785110特特,十一月小作文,https://docs.google.com/document/d/15QiZR3TCYAy8CN4hQ5Ao8AjLQoNaC-YNtJxrCoaKIu0/edit?usp=sharing
2154,2025/10/31（週五） 19:06,19:06,706,706-0825193Harpist,11月小作文2-MSCI成分股變動與佈局,https://docs.google.com/document/d/1VRHUifEFat1rWvOk-ISPPY7cXqvndULEzmqefaNGeck/edit?tab=t.0
2155,2025/10/31（週五） 21:19,21:19,642,642-0759007查理王,十月小作文,https://docs.google.com/document/d/1j91peZaP6W3clZ-vxRWMaIbUycUroXcz/edit?usp=sharing&ouid=103278528203083253429&rtpof=true&sd=true
2156,2025/10/31（週五） 21:49,21:49,508,508-0324115 Sean,10月小作文,https://docs.google.com/document/d/1QX34zuoLZHZupsLmuBkBojI8VgrZt3S2UlSZ36gCTMM/edit?tab=t.0#heading=h.6iz5b7atwj4r
2157,2025/10/31（週五） 22:30,22:30,570,570-0742289努力就會成功,十月小作文-2344華邦電,https://docs.google.com/document/d/1Dob3pJjbUTiI4uMmR4Mljwa9vv5KVH5A/edit?usp=sharing&ouid=110464693689209888577&rtpof=true&sd=true
2158,2025/10/31（週五） 22:35,22:35,692,692-0519098新手駕駛,十月小作文,https://drive.google.com/file/d/1I-yVore4UfrL3wBauHzPZMNSlKPWr5pp/view?usp=sharing
2159,2025/10/31（週五） 22:46,22:46,430,430-0533702   從小買500,十月小作文,https://reurl.cc/oKLDnl
2160,2025/10/31（週五） 23:14,23:14,403,403-0511148 布萊恩,十月小作文,https://drive.google.com/file/d/1GvBIb37TyXNU8wQkvm5mPx4tA0tsVgGZ/view?usp=drive_link
2161,2025/10/31（週五） 23:23,23:23,629,629-0727880 LEE,十月小作文,https://drive.google.com/file/d/1AwsFkWy5A36qtJ0GkNCuaDt_PGUnlKxq/view?usp=drive_link
2162,2025/11/1（週六） 00:00,00:00,769,769-0846570高麗菜,11月小作文:神達3706,https://drive.google.com/file/d/1lMV9ic1YcEkc-1TCyC22u6QA2yjWDA2c/view?usp=sharing
2163,2025/11/1（週六） 00:33,00:33,627,627-0512286 十圓,10月小作文,https://docs.google.com/document/d/1VFxHy6wj8SK52P6T7hawrDN7D2yovfyarYauaNWOLBg/edit?usp=drivesdk
2164,2025/11/1（週六） 01:21,01:21,519,519-0725280 Benson,十月小作文,https://drive.google.com/file/d/1a7H7wX7F4-FSKYlwUAZmbmknHosiX-XH/view?usp=sharing
2165,2025/11/1（週六） 01:24,01:24,576,576-0741743 Zack,十月小作文,https://drive.google.com/file/d/1HIYcPZpjYdOKzjFUkerHe8sQbQl1LGhd/view?usp=drive_link
2166,2025/11/1（週六） 02:23,02:23,723,723-0819840Sebastian,十一月小作文,https://drive.google.com/file/d/1AmK-gB6KdFT9Z-jjvRIX3CJu1PeoZWiG/view?usp=drivesdk
2167,2025/11/1（週六） 04:04,04:04,628,628-0189541 Louis,10月小作文,https://docs.google.com/document/d/1OWM6WhfP4Qvix3AK-rp0HVZbdx4-G9FDxJzMQV2oF58/edit?usp=drivesdk
2168,2025/11/1（週六） 04:47,04:47,551,⚡️⭐️551-0689779QQ,10月小作文,https://docs.google.com/document/d/1RnJ0iXvqzmOwHY3dkhB2PervDZKJbvlUkAPbXlJJHqY/edit?usp=sharing
2169,2025/11/1（週六） 06:11,06:11,623,623-0752473bad,10月小作文,https://docs.google.com/document/d/14LEW0hljTORiOr7XaNwCNqm_Zh3l7uS_q9UP0iRfQoo/
2170,2025/11/1（週六） 12:08,12:08,760,760-0850249偽98 J,11月小作文,https://drive.google.com/file/d/1mp1ryejpoazC5Y4RniPcEEAGfOtiQE2i/view?usp=sharing
2171,2025/11/1（週六） 14:00,14:00,433,433-0519807 股市破壞者,10月小作文(補),https://docs.google.com/document/d/1yPsTXmocobgJAx45DM9Du0a8CG-ILZGU2OVGyG9xYAs/edit?usp=sharing
2172,2025/11/1（週六） 14:38,14:38,646,646-0760423林,11月小作文  英股FWRA ETF,https://docs.google.com/document/d/1nNfTI9O3ezeuA5IXIVEVNDWmUQsI8Qef8JY-cesAyYc/edit?usp=sharing
2173,2025/11/1（週六） 14:43,14:43,706,706-0825193Harpist,11月小作文3-0050成分股變動和佈局,https://docs.google.com/document/d/1uAK9gEkfPHfldfQpFdbiYj6RLX8ibPhRL5_H5-zVD3Q/edit?tab=t.0
2174,2025/11/1（週六） 15:23,15:23,774,774-0849807clouddawn,11月小作文,https://docs.google.com/document/d/15LRHgjROu8jKF17IlnQGCXasj0dJczxHuCWag4-EiyQ/edit?usp=sharing
2175,2025/11/1（週六） 16:18,16:18,632,632-0752790柚子,10月小作文(補),https://www.notion.so/10-3528-29ee8e90de0080c2a28cff6f8a2e688b?source=copy_link
2176,2025/11/1（週六） 16:38,16:38,662,662-0782508Joseph,10月小作文(補),https://docs.google.com/document/d/1capIUx0dHJ5v5iBVdKACMHXv_MOFtm93vS94ECfx_pk/edit?usp=sharing
2177,2025/11/1（週六） 16:58,16:58,814,814-0870643 FM,11月小作文,https://docs.google.com/document/d/1WHt-NLhgsZByMDIxBh7wkKZ6-6atGtA1/edit?usp=drive_link&ouid=115657356433355984300&rtpof=true&sd=true
2178,2025/11/1（週六） 19:26,19:26,510,510-0726629小平,11月小作文_Gimini簡報功能+老貓說明避免虧損,https://docs.google.com/document/d/1iTBk-mgkhLq3AnwEBMxMsl_PohUMpjSASQU6h7UOAcM/edit?usp=drivesdk
2179,2025/11/1（週六） 20:30,20:30,778,778-0843133阿彥,3708 上緯投控小作文,https://docs.google.com/document/d/1-lsIoAwvkAbA69B5evtco9ZaLDL5UGNAKpBYAcLJVHI/edit
2180,2025/11/1（週六） 21:08,21:08,610,610-0750365淳,10月小作文-南亞,https://docs.google.com/document/d/15PZBB6x8oZtSJ1-4XYOz9T83OB6l-qKQNLbcp68lLp8/edit?usp=drivesdk
2181,2025/11/1（週六） 21:16,21:16,675,675-0783303只會做雞本麵加韭菜,11月小作文,https://docs.google.com/document/d/1TkFhQwi7bhxni3VcjTvrFr2lg4kVMTKM2ZOpqFraoVk/edit?usp=sharing
2182,2025/11/1（週六） 23:45,23:45,718,718-0827751小J,10月小作文,https://hackmd.io/@oKnu1ThDTlirB8lTp4ZjQQ/rJXehJC9lx
2183,2025/11/2（週日） 00:25,00:25,470,470-0529994承承,10月小作文,https://docs.google.com/document/d/1wC-t_YeQb4IFWd1QphEKqPRmg15YO6hR/edit?usp=sharing&ouid=106380519427054374241&rtpof=true&sd=true
2184,2025/11/2（週日） 00:46,00:46,561,561-0732082河雅郎,10月小作文,https://docs.google.com/document/d/1fFLmR19iZnaoy2YmrQx3l7qR4GnEUrPXbG54Rs3-_YI/edit?usp=drivesdk
2185,2025/11/2（週日） 08:01,08:01,387,387-0405856 Wesley,10月小作文,https://docs.google.com/document/d/1X-mew_1OIWYBKPXAAUdyc-dxKvtMX1NFoC_nfQT32CU/edit?usp=sharing
2186,2025/11/2（週日） 10:32,10:32,794,794-0852823不是草頭利的凱利,11月小作文- 台特化4772,https://docs.google.com/document/d/1VUN3C1ZRSh0QOK0BkxZhNDsAdHjmBLinlJDAjaTflw4/edit?usp=sharing
2187,2025/11/2（週日） 13:06,13:06,816,816-0859923cyanite77,11月小作文,https://drive.google.com/file/d/1bQ2LlYnnbVo2oJ3DIKJz-rdZ0HK6TCVf/view?usp=sharing
2188,2025/11/2（週日） 13:43,13:43,633,633-0547293Link,11月小作文-穎崴6515,https://docs.google.com/document/d/1hBgMijyVzGZltTSRVeeg1FH58xPr1TZG/edit?usp=drivesdk&ouid=117453146904423090482&rtpof=true&sd=true
2189,2025/11/2（週日） 13:46,13:46,705,🔥 ⚡⭐ 705-0825850小哥哥,11月小作文 台股-優群3217,https://docs.google.com/presentation/d/1T0aWtfARZyc-2Ssyw_l1NEjCfLB8itmA/edit?usp=drivesdk&ouid=114546188172100508037&rtpof=true&sd=true
2190,2025/11/2（週日） 14:26,14:26,707,707-0826846好想下班,10月小作文 台股-奇鋐3017,https://docs.google.com/document/d/17IaIW6FQXZA0DdNCufH5kzwN3yvrCWIH/edit?usp=sharing&ouid=116712566787713913164&rtpof=true&sd=true
2191,2025/11/2（週日） 14:32,14:32,404,404-0513832 Vicc,10月小作文 台股-皇昌2543,https://tinyurl.com/2y9uwcfk
2192,2025/11/2（週日） 15:51,15:51,710,710-0826545賺飽飽,10月小作文,https://docs.google.com/document/d/1eHwbWrjeredTSE6AFI7jKz6CPDF5MgAWSzXQo3pBLmA/edit?usp=sharing
2193,2025/11/2（週日） 17:49,17:49,686,686-0810001卡爾森,11月小作文 - 美股CoreWeave,https://docs.google.com/document/d/1Dtaqc3RJXwrvDJOcri3Mt032lVhp4Qp65Uz7P1U67_M/edit?usp=sharing
2194,2025/11/2（週日） 18:27,18:27,545,545-0735474阿隆,十月小作文,https://drive.google.com/file/d/1ovv2ZP4O9Uu2r83LH7BAC_TBstrWncu1/view?usp=drivesdk
2195,2025/11/2（週日） 18:47,18:47,497,497-0724032鳳梨zong,9月小作文（補）-立碁（8111）,https://docs.google.com/document/d/18x1Pw77NSNJYe3JVP9jt8ho9qSJBECqr/edit?usp=sharing&ouid=104264847360063600080&rtpof=true&sd=true
2196,2025/11/2（週日） 18:47,18:47,497,497-0724032鳳梨zong,10月小作文-帆宣（6196）,https://docs.google.com/document/d/1Q7d2QjSIT82FwpAVYWoBWvJhZ0kgTOUe/edit?usp=sharing&ouid=104264847360063600080&rtpof=true&sd=true
2197,2025/11/2（週日） 18:49,18:49,041,041-0397236拖泥帶水,11月小作文,https://docs.google.com/document/d/1AeTg6MS1lUlx_d8riJPdwpkZ6ozPmaQOJq7yqwhuJeE/edit?usp=sharing
2198,2025/11/2（週日） 20:12,20:12,559,🔥⚡⭐559-0740236哩奧娜多,十月小作文,https://drive.google.com/file/d/13saweo2QfNOCW_2UWKI-LJ1rkfPIaJJO/view?usp=sharing
2199,2025/11/2（週日） 20:57,20:57,818,818-0871972發財鈴鐺,11月小作文,https://docs.google.com/document/d/1VJqUrvJsUgQvOcG3Llmz6YzQL3qLNPZU/edit?
2200,2025/11/2（週日） 21:41,21:41,543,543-0531953瘋狂吉娃娃,10月小作文,https://drive.google.com/file/d/1T5DeqGjNv7HEFUUGdVTbUx-YHG-1ZHrx/view?usp=drive_link
2201,2025/11/2（週日） 21:45,21:45,308,308-0405403 Nick,10月小作文-1514亞力,https://docs.google.com/document/d/1ZXf2Wn23c7pbayiEjuYL6hIcBBsM-7sv9qk5ym3a8Nk/edit?usp=sharing
2202,2025/11/2（週日） 21:56,21:56,738,738-0435716晨歆,10月小作文-4991環宇-KY,https://docs.google.com/document/d/1AZPskmw4eEqBxdNKbAKW003zAV6v1BzF/edit
2203,2025/11/2（週日） 22:15,22:15,463,463-0428875JoeC,10月小作文-3037欣興,https://drive.google.com/file/d/1kQwZ8cmzzmQgOVg81JBTxucIOArwylW-/view?usp=sharing
2204,2025/11/2（週日） 23:08,23:08,511,511-0558402 James建智,10月小作文-嬰兒提籃免費與低費租借服務,https://docs.google.com/document/d/1vKXtXJj-sVtI89-3iIEqPHn4FZ3U4qqz/edit?usp=sharing&ouid=107833663147907152196&rtpof=true&sd=true
2205,2025/11/3（週一） 00:48,00:48,548,548-0737184 Ryan,10月小作文,https://1drv.ms/w/c/ad3e6cf15fb884b7/EZsoqhm5ATZAshXhVE7ee_sBYiRyk857UrXW5Dc3GZpNPg?e=1KQPi2
2206,2025/11/3（週一） 01:01,01:01,533,📊⭐️533-0525286 MT,10月小作文(補)--拆分策略 以可寧衛為例),https://docs.google.com/document/d/100ApCccVy5xqLza7K5X69sy7-fIOwrrStCDg6uMCIX4/edit?usp=sharing
2207,2025/11/3（週一） 01:44,01:44,709,709-9800007子J,十月小作文(補),https://www.notion.so/4-6831-270b6845abbb808c9a31f6b41c325fe6?source=copy_link
2208,2025/11/3（週一） 06:55,06:55,454,454-0454292RS,11月小作文,https://docs.google.com/document/d/1w3Zsxxou_KfmKT96yd9SsZiwxzi3xubE/edit?usp=sharing&ouid=116128880277702140069&rtpof=true&sd=true
2209,2025/11/3（週一） 08:17,08:17,565,565-0741387Boy(58E),10月小作文(補),https://1drv.ms/f/c/8076a8f18a0af7b7/EptCpJ4kZEFKpsYqik0xxgsBLUc9CGLqKL5iTJ1Wa87mtA
2210,2025/11/3（週一） 09:19,09:19,550,⚡️⭐️550-0488718一度贊,十月小作文,https://docs.google.com/document/d/1aeSq1nCeJ084zkjgl9WkrJy68ejRi4gLI6YRGDnmz90/edit?usp=drivesdk
2211,2025/11/3（週一） 09:29,09:29,720,720-0782948老白,十一月小作文,https://docs.google.com/document/d/1VVGIg9h5HgYMfJpgBnGdLLOU-FSiI4AYcU9E8Mdsncw/edit?usp=sharing
2212,2025/11/3（週一） 10:35,10:35,749,749-0222178狗狗玩泥巴,11月小作文-美股FORM,https://drive.google.com/file/d/1kQoN3oO_BxSs8J7AVV4z5p0osJBeaiN4/view?usp=drive_link
2213,2025/11/3（週一） 15:32,15:32,675,675-0783303只會做雞本麵加韭菜,11月小作文,https://docs.google.com/document/d/13vrvOJZCJSpQRHwsSGGLIcIULnCgvpx-fsjQjqhltIw/edit?usp=sharing
2214,2025/11/3（週一） 19:56,19:56,792,792-0529305Griffin,11月小作文,https://docs.google.com/document/d/1NiGXGjcrpxLHnfctkn_EpQF6SPjGRWs0JrGgbeqf6_s/edit?usp=sharing
2215,2025/11/3（週一） 20:05,20:05,830,830-0877057大佑池久,114/11月小作文-深度價內選擇權策略,https://docs.google.com/document/d/1erRNPcGYEUmKxH8PNAWAAIXbdhY_brxd/edit?usp=drive_link&ouid=109611983773768945300&rtpof=true&sd=true
2216,2025/11/3（週一） 21:50,21:50,451,451-0634041阿山,10月小作文,https://docs.google.com/document/d/1B6snRtTJ5VB1YgkHQ4ty02oRjo5_q3y7/edit?usp=drive_link&ouid=117180024349907731538&rtpof=true&sd=true
2217,2025/11/3（週一） 22:21,22:21,553,553-0720939東東,十月小作文,https://docs.google.com/document/d/1pXgNb4CKEsmfQJrBJmy3FxJj6ft_BAvpOUuzSye_L9A/edit?usp=sharing
2218,2025/11/3（週一） 23:18,23:18,518,518-0501022豆腐,10月小作文,https://docs.google.com/document/d/e/2PACX-1vSz1XsBI5gjcT1PSORlG82cRKT5YQcj5_uHTGHhIWC676cTQBS5RBvSiYTDxeIU5aoO2rnE4HwCAHRp/pub
2219,2025/11/3（週一） 23:25,23:25,530,530-0728960Harris,11月小作文 第一篇 (10月都在打羊蹄山戰鬼 QQ),https://highfalutin-feverfew-5f0.notion.site/3227-2a0ea376be38809288b7d7e21eef4f10?pvs=143
2220,2025/11/4（週二） 00:27,00:27,618,618-0752428MMRT,10月小作文,https://docs.google.com/document/d/1vPkGPQh4zZseMjobXy4gqKW08fROOyadx4gbNUSymm8/edit?usp=sharing
2221,2025/11/4（週二） 00:30,00:30,661,661-0781606亨利,11月小作文,https://docs.google.com/document/d/1_uJhl5xzPniWPa5h-9rowHgS_2hezT6J/edit?usp=drive_link&ouid=108877945366556848895&rtpof=true&sd=true
2222,2025/11/4（週二） 00:39,00:39,481,481-0703493 大黑菊,十月份小作文,https://docs.google.com/document/d/1etZS5e-pTuCQv7ZUBJrLJhGrhLnuKPWp/edit?usp=sharing&ouid=111827764144515851907&rtpof=true&sd=true
2223,2025/11/4（週二） 01:32,01:32,655,655-0769819Liam,10月小作文,https://docs.google.com/document/d/1glLdJ9AhlgfEuEqMKujUDSXuOKXZdAzO631grNE3dYY/edit?usp=sharing
2224,2025/11/4（週二） 11:23,11:23,647,🔥💎⭐647-0727712 竹北良,十一月小作文,https://reurl.cc/Yk6WLO
2225,2025/11/4（週二） 14:09,14:09,832,832-0235835ACE,11月小作文,https://drive.google.com/drive/folders/1YGol8555uifMTSkd9n3wuSRt4xfs5jWd?usp=sharing
2226,2025/11/4（週二） 14:34,14:34,582,582-0741280 RL,10月小作文,https://docs.google.com/document/d/1E6EqJwqKxwuh6JUzgQFNBS-cpeTadui1/edit
2227,2025/11/4（週二） 17:32,17:32,744,744-0498766賣花的小男孩,十一月小作文,https://drive.google.com/file/d/1JtAvfjZzQ3r6aHT81pTyGMvnbRmMNhpT/view?usp=sharing
2228,2025/11/4（週二） 18:32,18:32,428,428-0429751貝卡,10月小作文：玉山金2884,https://docs.google.com/document/d/15-fR_4p8BlfOnHKG6ni1BPeGa1zJkLHGMvSy0M-j6bA/edit?usp=drive_link
2229,2025/11/4（週二） 21:06,21:06,727,727-0836124Terri,11月小作文,https://1drv.ms/w/c/AB7E953B91CF9220/Ec2SVdxx72NKklZe5c8OzAcBc6FP0562rhFLPtnFbFz54A
2230,2025/11/4（週二） 21:35,21:35,473,473-0680338下面一位,10月小作文 美律2439,https://docs.google.com/document/d/1HqO_EwIF9IeSx9yskfKZwvY6nb9ED83D8ZgCsJGMpeg/edit?usp=sharing
2231,2025/11/5（週三） 00:51,00:51,407,407-0516211史蛋,10月小作文,https://docs.google.com/document/d/1I9Us3X3soj94vzZkWGDXZ7iqgYvyO69F3ecwpsCLLtc/edit?usp=sharing
2232,2025/11/5（週三） 07:39,07:39,491,491-0717793白交易,10月小作文,https://drive.google.com/file/d/1mGUTsRXsnxhnGrWKibgzxaWkVXDe55eM/view?usp=drivesdk
2233,2025/11/5（週三） 08:56,08:56,587,587-0736295寫程式的工程師,11月小作文,https://docs.google.com/document/d/1CX_EzSBYVZLcHnzvbSqtvqrtd3xNiq2gCElbOB8qT6w/edit?usp=sharing
2234,2025/11/5（週三） 11:05,11:05,788,788-0839529嘩拉拉,11月小作文,https://docs.google.com/document/d/1TXTkwrj-XiUAwUsa6yxf8dOEpno0T2gO2vFJPv41fzo/edit?usp=sharing
2235,2025/11/5（週三） 13:02,13:02,448,448-0566151MIN KAO,11月小作文--加碼群聯8299,https://docs.google.com/document/d/1W18aP_S7AlLOcEKnqq8Hc4fXpHGiYVxgwpZqH6Wxqq8/edit?usp=sharing
2236,2025/11/5（週三） 15:39,15:39,799,💎⭐799-0862091我不是法蘭克,11月小作文,https://docs.google.com/document/d/18Ua1qXcnPfpe0jaCIYR9n_NbWPU_QKqX/edit?usp=drive_link&ouid=111324119680732676943&rtpof=true&sd=true
2237,2025/11/5（週三） 17:09,17:09,717,717-0414096POLO👕,11月小作文 台股-東元1504,https://docs.google.com/document/d/1ZCIrfMPJ4lGSi2p36NnVjxCdrYOd7MF5hgSSFPcaYuk/edit?usp=sharing
2238,2025/11/5（週三） 18:07,18:07,833,833-0878506 亨利王,11月小作文,https://1drv.ms/w/c/3fbfb57ec6d3e7ce/EbVKqGxUR8JKrhtxl3PrTVwBU3LCJw7TalAZO3rq3l7VZA?e=QbbJWh
2239,2025/11/5（週三） 19:21,19:21,231,231-0401287 Steven,11月小作文,https://docs.google.com/document/d/124qS-fkHmDPPmDUcIuv4sWNvW4M1hNOmebMIBosUA6o/edit?usp=drivesdk
2240,2025/11/5（週三） 23:49,23:49,600,600-9800003NMSL,11月小作文,https://reurl.cc/NN6zd6
2241,2025/11/6（週四） 00:36,00:36,716,716-0469737小陳,10月小作文,https://docs.google.com/document/d/1TTjBMFd9aSrzIEKoDnOKiQzaZCx1jkU33Aj96VDAbaQ/edit?usp=sharing
2242,2025/11/6（週四） 01:11,01:11,693,693-0812465Faye₍ᐢ･֊･,10月小作文 斐波那契回測,https://docs.google.com/document/d/12m4yuosEYKx5M4lVHZeuUvE-medanErgnZx1qUP4Fpo/edit?usp=drivesdk
2243,2025/11/6（週四） 02:42,02:42,592,592-0395380YH,10月小作文,https://docs.google.com/document/d/1MvMMkfvrPocbtf7nGAfNnzIJRew-03nBii92_XXR80E/edit?usp=sharing
2244,2025/11/6（週四） 06:20,06:20,676,676-0782537 Taka,10月小作文－建立自己的交易系統,https://docs.google.com/document/d/1PM1kkHmTU0m61vZ1P-25NePPQNsCB5OZKpfy72657Pk/edit?usp=sharing
2245,2025/11/6（週四） 10:00,10:00,536,536-0723583SC,11月小作文－穩懋,https://drive.google.com/file/d/1Z2yILBTsCp7ppC49XKTZjfgpQE1j_bT1/view?usp=drive_link
2246,2025/11/6（週四） 12:18,12:18,529,529-0729189 書蟲,11月小作文 台股-湧德3689,https://drive.google.com/file/d/1T6XIbPZc-bgSVuOVmf9tlblWPT6bOq8e/view?usp=sharing
2247,2025/11/6（週四） 12:35,12:35,763,763-0849849佐料,11月小作文,https://docs.google.com/document/d/1-01siny6wThbljO4wZ8xnrv3wa80LkRhmm8C_xEXgIk/edit?usp=drivesdk
2248,2025/11/6（週四） 13:41,13:41,483,483-0677765Athena,更新六月小作文-美股sofi,https://docs.google.com/document/d/1Feesdfp1CNV2aDUK9V_hzXWLdvLFciTM/edit?usp=sharing&ouid=116630546667820990848&rtpof=true&sd=true
2249,2025/11/6（週四） 15:45,15:45,648,648-0339100健達出奇蛋,10月小作文,https://drive.google.com/file/d/17co9zqjf27tx6GDWDaHmTaKDz-3vw-DR/view?usp=sharing
2250,2025/11/6（週四） 17:42,17:42,834,834-0874474逗大師,11月小作文,https://docs.google.com/spreadsheets/d/1DZdmdJKLomp2-qqKD91qFtBv2ELsE9Fu/edit?usp=sharing&ouid=101780890616575169276&rtpof=true&sd=true
2251,2025/11/6（週四） 18:06,18:06,824,824-0874814Jefa,11月小作文,https://docs.google.com/document/d/1BEgwD-eplhF3p5SBlXxH9Vg217hVTskN/edit?usp=sharing&ouid=107040170049546355987&rtpof=true&sd=true
2252,2025/11/7（週五） 07:57,07:57,783,783-0852056nanabal,,https://docs.google.com/document/u/1/d/1lkDnsa_iU5egtYC081k5G0AM1Aw-S4xbw7nEn82qepU/mobilebasic
2253,2025/11/7（週五） 10:41,10:41,602,602-0383910波西,10月小作文 曼報Pro《落槌之前》摘要與簡易心得,https://docs.google.com/document/d/16NyJSFXeth5AxwZ8HpG1Af2iCJbrnT-K/edit?usp=drive_link&ouid=106226827257978896515&rtpof=true&sd=true
2254,2025/11/7（週五） 13:32,13:32,667,667-0782388鑽石商人,11月份小作文環宇KY,https://docs.google.com/document/d/1o7G9fbVOHge5u-Mi99JPqeylu1yjwmCv72k98bTPNYM/edit?usp=sharing
2255,2025/11/7（週五） 15:08,15:08,503,503-0551726千千,11月小作文,https://docs.google.com/document/d/19kH3UJtokkjjWVtOUYDPOH7ayg5YUg4WJVeI94-VFLY/edit?usp=sharing
2256,2025/11/7（週五） 15:54,15:54,580,580-0743628失業的交易人,11月小作文,https://reurl.cc/ORXKMA
2257,2025/11/7（週五） 20:05,20:05,725,725-0836975阿天,11月小作文,https://docs.google.com/document/d/1MFGO5_I6_olsz9to748BAIVSFaV23h5X/edit?usp=sharing&ouid=105340632181941963504&rtpof=true&sd=true
2258,2025/11/8（週六） 00:43,00:43,825,825-0541707BOB,11月小作文,https://docs.google.com/document/d/1CLIx5FmZZrdjCrn-JcxgjE1xfW0dBDr1/edit?usp=drivesdk&ouid=115507402804949748077&rtpof=true&sd=true
2259,2025/11/8（週六） 16:20,16:20,442,442-0435237Raymond,11月小作文,https://docs.google.com/document/d/1MNriWsuVvtadvQM_LMqxsGkqu9BxNCgAOhWEW0IIhqA/edit?usp=sharing
2260,2025/11/8（週六） 22:11,22:11,510,510-0726629小平,11月小作文2,https://docs.google.com/document/d/1VwklHVg1SLFF76R7sROaUMz2NhBSXiCCmFCPbUuVJ_o/edit?usp=drivesdk
2261,2025/11/9（週日） 02:02,02:02,729,729-0836292Harry,11月小作文,https://drive.google.com/file/d/1nVgvEJEQzngyrR_K-lT4g7SYWJPinL5X/view?usp=drivesdk
2262,2025/11/9（週日） 09:55,09:55,289,289-0394556/Agogo,11小作文,https://docs.google.com/document/d/1B8-AFYCgTIz5QQjEr2dukEz4Pa6mMwBlHOoervfI_Ts/edit?usp=drivesdk
2263,2025/11/9（週日） 10:57,10:57,318,🔥⚡⭐318-0398439交易失敗,11月小作文,https://docs.google.com/document/u/0/d/1-0vbwep82h6I_4lXlijN19xDSt3xFazQ2VPBkTdu5P4/mobilebasic?pli=1
2264,2025/11/9（週日） 18:27,18:27,806,806-0838591股海小拳手,11月小作文台股-環球晶6488,https://docs.google.com/document/d/1hTH_Bci28OnD6vWBvBdF19DHlhJ9cZvJkjZh0psKsTU/edit?usp=sharing
2265,2025/11/9（週日） 19:08,19:08,773,773-0850430神奇海螺,11月小作文,https://www.notion.so/2a60320b805a809d911fd536dbe501fb?source=copy_link
2266,2025/11/9（週日） 20:18,20:18,527,527-0726894耀,11月小作文如何面對情緒交易：當情緒主宰你時，如何理解大腦如何背叛理性,https://docs.google.com/document/d/1qrYYen2cayJhCABxKTDifv35qozXZPYc/edit?usp=drive_link&ouid=106899638007069152878&rtpof=true&sd=true
2267,2025/11/9（週日） 22:11,22:11,756,756-0334749Amy K,11月小作文,https://docs.google.com/document/d/1C2NWyjPiNaDkn82MFSPfG3ivPP_DUB4PCIkjQtXPbhE/edit?usp=drivesdk
2268,2025/11/9（週日） 22:32,22:32,696,696-0817978猩猩象惜,11月小作文,https://docs.google.com/document/d/1g7-qabNKAO2E318AZXnAKIki2R8u65SP/edit
2269,2025/11/9（週日） 22:47,22:47,378,378-0489775凱特,11月小作文,https://drive.google.com/file/d/1Jhax9qF05t8eS2RuhFScRrZHtgupsLJ3/view
2270,2025/11/9（週日） 23:13,23:13,719,719-0827133Eileen,11月小作文,https://drive.google.com/file/d/1uUnlcHjG6_5zlLQ6HtDnUtb8d9YmvYfG/view?usp=drive_link
2271,2025/11/10（週一） 00:01,00:01,532,532-0733492熊,11月小作文-台指 規劃,https://docs.google.com/document/d/11cUqr3qe4zbv-mgXrYOHOv6UowbXLPuqVoDsYObWzus/edit?tab=t.0
2272,2025/11/10（週一） 00:02,00:02,460,460-0544474 Monson,10月小作文（補）,https://drive.google.com/file/d/1ZoHXKEZT9WW1FamXCLEILFHuDWuCw5Fs/view?usp=sharing
2273,2025/11/10（週一） 15:07,15:07,749,749-0222178狗狗玩泥巴,11月小作文-美股奢侈品的反彈,https://drive.google.com/file/d/1XN46jcKXOlAciwgT9xLK94rXM-G0gD0b/view?usp=drive_link
2274,2025/11/10（週一） 15:17,15:17,835,835-0863304奧莉薇,11月小作文,https://docs.google.com/document/d/1GV0JqdWa0uTKi18wFiX1BYb5C0x5W-fXfp3y4cPbBVY/edit?usp=sharing
2275,2025/11/10（週一） 16:54,16:54,663,663-0782676紀爸,11月小作文,https://docs.google.com/document/d/1n-B9-voAPn_MV5Y8p03ntKDhZHdPzGOS/edit
2276,2025/11/10（週一） 19:32,19:32,608,608-0750132 Kris,11月小作文 聯發科技術分析,https://docs.google.com/document/d/1rTqy8rBRmo52jkFon8dPz18lfSIzrBa1/edit?usp=drive_link&ouid=111747209380098572403&rtpof=true&sd=true
2277,2025/11/10（週一） 20:26,20:26,680,680-0784881 欸冷,10月小作文,https://docs.google.com/document/d/1K4oUPqW77bI9cN37-pnsRzx5AgMvIIjJWpOHiFZzhqA/edit?tab=t.0
2278,2025/11/10（週一） 21:08,21:08,587,587-0736295寫程式的工程師,11月小作文,https://docs.google.com/document/d/1ovERES4PoQhVWc192bnXUi0fZ_QeGSOwzXLQvHg76wo/edit?usp=sharing
2279,2025/11/10（週一） 22:03,22:03,746,746-0837660小羅,11月小作文,https://docs.google.com/document/d/1ZPpVdvjvYE5iif2nh5-gvoQSYn7Jiv976cSoJJ95H_4/edit?usp=sharing
2280,2025/11/10（週一） 22:13,22:13,012,012-0403340漢堡,11月小作文II,https://docs.google.com/document/d/1BcLI0z-dLwYPLlaNttP57Yc4_QDF-oyMaj79hVQ8aoo/edit?usp=drivesdk
2281,2025/11/11（週二） 00:39,00:39,452,452-0640491小凱,11月小作文,https://docs.google.com/document/d/1KX0UcbboJJFYUxlr-sy8AwGlX1-I7anI/edit?usp=sharing&ouid=101863675658538783335&rtpof=true&sd=true
2282,2025/11/11（週二） 01:00,01:00,046,046-0406114 JOY88,１１月小作文,https://docs.google.com/document/d/1NvsOvZRiyERxz3_l9Aa3iyjHikxKqf-692Wni06x5nI/edit?usp=sharing
2283,2025/11/11（週二） 01:14,01:14,046,046-0406114 JOY88,,https://drive.google.com/file/d/12jtqHvnb8DQ0n1TNXBhEmdOw2r7_Rak5/view?usp=sharing
2284,2025/11/11（週二） 02:26,02:26,669,669-0783549EdwardLin,10月小作文,https://docs.google.com/document/d/1lzHVQUxJ-E1rxJWPGOZf1IosQYgiL-Dy/edit?usp=sharing&ouid=106916785482688871808&rtpof=true&sd=true
2285,2025/11/11（週二） 05:05,05:05,603,603-0749046高福福,十一月小作文,https://drive.google.com/file/d/1D0S-ktj6dzbipBzUGn2QOu9RRtSYKvuv/view?usp=sharing
2286,2025/11/11（週二） 10:04,10:04,722,722-0772657 左撇子艾德,11 月小作文,https://1drv.ms/w/c/4b4163e47faeea11/EWHmuYXT8qlOkBqJCPSDIcUBJH09Vxxj300kCwXHjM7Yfw
2287,2025/11/11（週二） 15:30,15:30,749,749-0222178狗狗玩泥巴,11月小作文-美股MRK，降膽固醇新藥enlicitide phase 3試驗結果分析及對MRK未來的影響,https://drive.google.com/file/d/14OKJUJu5BTD5dnz1WUJr5t3AMp4gqHKN/view?usp=sharing
2288,2025/11/11（週二） 17:24,17:24,412,412-0432269 Abby,10月小作文 台股-大綜(3147),https://ppt.cc/fY9zrx
2289,2025/11/11（週二） 19:06,19:06,201,201-0393638 Morgan,11月小作文,https://drive.google.com/file/d/1bwzDABTwK1yASFmH9QJjsFZ4yuX2Nhmn/view?usp=sharing
2290,2025/11/12（週三） 01:34,01:34,475,475-0680477三明治,10月小作文台股榮科4989,https://docs.google.com/document/d/13BUI9XFDmqrjCpMOVsuyfPc4bBWOx7bQ/edit?usp=sharing&ouid=107583198783536937751&rtpof=true&sd=true
2291,2025/11/12（週三） 01:37,01:37,475,475-0680477三明治,11月小作文台股振樺電8114,https://docs.google.com/document/d/1qpQgsBr0wLCzkmv3jEcIjpsSRdfiDDFp/edit?usp=sharing&ouid=107583198783536937751&rtpof=true&sd=true
2292,2025/11/12（週三） 08:04,08:04,709,709-9800007子J,11月小作文,https://www.notion.so/1-7861-2a4b6845abbb8029ad87c218af15aae6
2293,2025/11/12（週三） 19:28,19:28,614,614-0750996咖喱,10月小作文 高力-8996,https://docs.google.com/document/d/1hWXeBV58C-yIpjUNbRhc0ltZPcjdPdxr/edit?usp=drivesdk&ouid=115213020927724656256&rtpof=true&sd=true
2294,2025/11/12（週三） 19:29,19:29,614,614-0750996咖喱,11月份小作文 立碁-8111,https://docs.google.com/document/d/1ANKoFTv_DCxTyc-O6E9ZXLkupyrfIh3O/edit?usp=drivesdk&ouid=115213020927724656256&rtpof=true&sd=true
2295,2025/11/12（週三） 21:30,21:30,143,💎⭐️ 143-0404491 Chris,11 月小作文 - AMD,https://docs.google.com/document/d/17pIFPh4go_GQiP8wwZbDvVzzP8BHPg8-KDLv7mGX0js/edit?usp=sharing
2296,2025/11/12（週三） 22:46,22:46,494,494-0724582  ERIC,10月小作文,https://docs.google.com/document/d/1-RRPFIPBoqgSz4IyglZi1LdZ61Tnvb1A1kol9Qpmyvg/edit?usp=drivesdk
2297,2025/11/12（週三） 23:27,23:27,757,757-0756589hayden,11月小作文 - 美股 META,https://docs.google.com/document/d/1EHKzPLYHJOBCe-jVyqkD38ZSkxH3b8Uf/edit?usp=drive_link&ouid=107408394616078045273&rtpof=true&sd=true
2298,2025/11/12（週三） 23:36,23:36,466,466-0431600見龍於田,10 月小作文,https://docs.google.com/document/d/16guwFKn0S5NrmmntGyOvjKO_HtlIhwleFIfCJj_FZkI/edit?usp=sharing
2299,2025/11/13（週四） 09:21,09:21,149,149-0394491小豬哥,十一月份小作文                                                                                                                                                                                                            美股-NWBO,https://docs.google.com/document/d/13hw4v5TizFAWMhW1-2BILxAdKNasWuAJ/edit?usp=sharing&ouid=102791114898253876218&rtpof=true&sd=true
2300,2025/11/13（週四） 13:59,13:59,483,483-0677765Athena,11月小作文台股-尖點,https://docs.google.com/document/d/1pVlfNqZSS6pwiKb4ptOAWZkqMhPdS9wBXPvEwlMYqR4/edit?usp=sharing
2301,2025/11/13（週四） 16:08,16:08,383,383-0488695 三寶,10月小作文-關於ADHD補充保健品的分享,https://docs.google.com/document/d/12MwMuHImyzrtKdhcKxy3iq4c-6Ht-hCM/edit?usp=drive_link&ouid=105443695704290227678&rtpof=true&sd=true
2302,2025/11/13（週四） 16:35,16:35,664,664-0782605阿德,11月小作文,https://docs.google.com/document/d/1zWeIaATW5ZAe11Ie5jPwR5xs32zPfu6exwZrMYeRF7Q/edit?usp=drive_link
2303,2025/11/13（週四） 20:46,20:46,790,790-0464596JH,11月小作文（2）我獨自升級-學習紀錄,https://docs.google.com/document/d/1FvKrTRihswqUnd6GouW_PZsqQb3de2WK8dQ3dfWhgro/edit?usp=drivesdk
2304,2025/11/13（週四） 21:02,21:02,630,630-0755577 十四,十一月小作文,https://reurl.cc/3bjYe0
2305,2025/11/13（週四） 22:15,22:15,483,483-0677765Athena,更新七月小作文-美股oklo,https://docs.google.com/document/d/1QagewmdTtTqv0jRV7OqIgCSvh9oRG5iNjqCimIzA8c8/edit?tab=t.0
2306,2025/11/13（週四） 22:22,22:22,530,530-0728960Harris,11月份的小作文 part 2 美股-ONDS,https://highfalutin-feverfew-5f0.notion.site/ONDS-2a7ea376be3880e49c27c48f397d5b52?source=copy_link
2307,2025/11/14（週五） 13:05,13:05,449,449-0522027冷萃綠茶,,https://docs.google.com/document/d/1BjnkSWm0zvP0kdTJj0xEUZn9wrEhNW0z5dvcNky89RY/edit?usp=drivesdk
2308,2025/11/14（週五） 13:26,13:26,014,014-0395005 老高,11月小作文-南亞（1303）,https://docs.google.com/document/d/1L8uo_qcVvagOcSqLvcN4xRhFWTp1Mo9cVixqyOhcQM4/edit?usp=sharing
2309,2025/11/14（週五） 15:27,15:27,796,796-0851060木俞,十一月小作文,https://docs.google.com/document/d/1N94bXkE1fqIlWu07AniRAjaGU8nVMYYaTmZ0YkvD6yY/edit?usp=sharing
2310,2025/11/15（週六） 13:02,13:02,308,308-0405403 Nick,11月小作文,https://docs.google.com/document/d/1RwRt_5aKfE3-R13eFQRI3uKMG6EMrGC1OHylGUhkJT8/edit?usp=sharing
2311,2025/11/15（週六） 13:03,13:03,589,589-0737566jim,,https://docs.google.com/document/d/1Srs11_WEqM-X3_jjDJytWRbF_TTMtGK03B8ZiOygA3U/edit?usp=drive_link
2312,2025/11/16（週日） 09:22,09:22,781,781-0853880德瑞克,11月份的小作文 以史為鑒：從海運瘋狂資金浪潮看記憶體,https://drive.google.com/file/d/1WehHZAmdGv4mylo6gyG7sX04kvJNrVOB/view?usp=sharing
2313,2025/11/16（週日） 11:36,11:36,811,811-0862017里歐歐歐,更新10月小作文：上緯投控3708,https://docs.google.com/document/d/14louCDbBM98QS9Khl3_402kmNkTePKOY/edit?usp=sharing&ouid=108871688150890454121&rtpof=true&sd=true
2314,2025/11/16（週日） 11:48,11:48,770,770-0850362H2O,,https://hackmd.io/@sZ-lut3-SnGc7GEWGW9PSQ/SybSfpLeZg
2315,2025/11/16（週日） 13:56,13:56,736,736-0836878松山a點點,11月小作文,https://docs.google.com/document/d/1YgtzH743CZmKAfC7zTiz_rnWxpPkt6eZdYBXnUNr81A/edit?usp=drivesdk
2316,2025/11/16（週日） 17:08,17:08,424,424-0528115guidex,10月小作文,https://docs.google.com/document/d/1V95O1F4opGqOdIpHYfI-kP8nUscNCE9h/edit?usp=drive_link&ouid=108699938604028723563&rtpof=true&sd=true
2317,2025/11/16（週日） 17:22,17:22,405,405-0510259黃柏,10月小作文,https://drive.google.com/file/d/1XNJsjqpzuVgPZex0aWoPnb-CSknnlRgE/view?usp=sharing
2318,2025/11/16（週日） 19:15,19:15,509,🔥📊⚡️ ⭐ 509-0726577小棕熊,,https://docs.google.com/document/d/1nFYaeY8LtQ9DeRD-KLkyRLlm1rHXc-wehmJnc4FOVbA/edit?usp=sharing
2319,2025/11/16（週日） 19:18,19:18,509,🔥📊⚡️ ⭐ 509-0726577小棕熊,,https://docs.google.com/document/d/1sGSWoJeQLAneyS44OfkMQb9LIDr_JPSr6cSdUE_qoR0/edit?usp=sharing
2320,2025/11/16（週日） 20:23,20:23,392,392-0426534定宏,10月小作文,https://docs.google.com/document/d/1fzToSjl8Y6KdOQo4J9Xg6kF-0xrJxCvavx6cDygpQT0/edit?usp=drivesdk
2321,2025/11/16（週日） 21:06,21:06,564,🔥⚡️⭐️564-0721983 飛利浦,十一月小作文 台股-康舒6282,https://docs.google.com/document/d/1l2GqCJ2-zck4CkD5bEP3Vsovyt_3nXzZ/edit?usp=drive_link&ouid=104276355319304257703&rtpof=true&sd=true
2322,2025/11/16（週日） 22:01,22:01,776,776-0848073節西瓜,十一月小作文 台股-州巧3543,https://docs.google.com/document/d/1h-LBt2EzUE9AewGxnA3CyBulTxK4jfi1/edit?usp=sharing&ouid=104015123179527066273&rtpof=true&sd=true
2323,2025/11/16（週日） 22:57,22:57,511,511-0558402 James建智,,https://docs.google.com/document/d/1pCGwUNwSXVbBapVpv6kgCZzsCvhon6l2/edit?usp=sharing&ouid=107833663147907152196&rtpof=true&sd=true
2324,2025/11/16（週日） 23:06,23:06,737,🌀⭐737-0839396Daniel,11月小作文-宜蘊生醫(未上市),https://docs.google.com/presentation/d/1y7pOqU13rYkr14tAmM-c2916hKM0tCzv/edit?usp=sharing&ouid=118412165648057023065&rtpof=true&sd=true
2325,2025/11/16（週日） 23:23,23:23,315,🌀⭐315-0424057 Shen,11月小作文,https://1drv.ms/w/c/bc85a8fa0d19dafb/IQCdZK2wwgonR6BRh4kCyoHlAbRyY8NmVfC_fJTt6dlcbW4?e=odTjEy
2326,2025/11/17（週一） 00:34,00:34,299,299-0397647咪蛋,11月小作文,https://docs.google.com/document/d/1hL3G_h5awX-kMsQlYqiPr354rOcQ8WGNXNLfYSboeug/edit?tab=t.0
2327,2025/11/17（週一） 02:44,02:44,477,477-0696872過兒,12月小作文,https://docs.google.com/document/d/15dyaboSXp3z3sfftcbsXob6EL4yyZg3cS-D2VdZl0hc/edit?usp=sharing
2328,2025/11/17（週一） 10:06,10:06,045,045-0397809 留威力,11月小作文- 印度 ETF,https://docs.google.com/document/d/1wQq2baJBKXa4wlXv8fbFQIzloSJHM5QaaG_4w2BNANY/edit?usp=sharing
2329,2025/11/17（週一） 12:32,12:32,041,041-0397236拖泥帶水,11月小作文02,https://docs.google.com/document/d/1--RNEhGTw-HXsIXl6GT-YkCCOROd19VVDB2uyn2lZnA/edit?usp=drivesdk
2330,2025/11/17（週一） 13:38,13:38,749,749-0222178狗狗玩泥巴,11月小作文-美股詐騙遭遇，大家多注意，Grok說我已經完美應對XD,https://drive.google.com/file/d/1oqt8os7w_QqVrcMUKX2khXwl_9HZY8wO/view?usp=sharing
2331,2025/11/17（週一） 15:12,15:12,668,668-0780076jackychen,11月小作文,https://drive.google.com/file/d/1E8zt0x3Nc53cGehXzzfAT372wUQDqPtT/view?usp=sharing
2332,2025/11/17（週一） 15:30,15:30,838,838-0888596chord,11月小作文,https://drive.google.com/file/d/1WuUxpl__niO0JPRia0z7QR4I2igoj0ZA/view?usp=sharing
2333,2025/11/17（週一） 15:39,15:39,639,639-0757928舔財犬,10月小作文,https://docs.google.com/document/d/1vz2YtlTl9IqfT5bknBjIQJcyyUB9LALSJUtfIq6sEGs/edit?usp=drivesdk
2334,2025/11/17（週一） 16:24,16:24,538,538-0736538 ㄟ死笑笑笑,10月小作文,https://drive.google.com/file/d/1kVuoQqcwIpy-3NCa5Llhlxpqeb9ocWZ6/view?usp=sharing
2335,2025/11/17（週一） 16:35,16:35,568,568-0740906MilesDad,11月小作文,https://drive.google.com/file/d/1HyvNtR866TA1Bpsudn41qgfAZ8X89xtm/view?usp=sharing
2336,2025/11/17（週一） 16:36,16:36,798,798-0860954深夜暖爸,11月小作文,https://docs.google.com/document/d/1-xFbq_Hwgmglqgeny8VqfiQzAJmiGnBqB5EtOTzqJAw/edit?usp=drivesdk
2337,2025/11/17（週一） 16:40,16:40,486,486-0707732貓貓,11月小作文,https://docs.google.com/document/d/1fjtd-1n6UIIJiij3cLCdOQLzf1ztYYnNsFy0f_LkBB0/edit?usp=sharing
2338,2025/11/17（週一） 18:43,18:43,804,804-0858610厲飛雨,11月小作文,https://08imoney.com/giantj/
2339,2025/11/17（週一） 18:43,18:43,385,385-0497440 麥當勞股東,11月小作文-VPN PRO免費使用（ios),https://docs.google.com/document/d/161Yc0BrCagMzVImgTOf4NqwM0rapJZS2SgofIZc0yJ8/edit?usp=drivesdk
2340,2025/11/17（週一） 20:42,20:42,750,750-0676889亞0,11月小作文,https://drive.google.com/file/d/1iXMyL3TcUIxcjjdO9vJJf2pLc6FvaVBY/view?usp=drive_link
2341,2025/11/17（週一） 23:31,23:31,731,731-0835963混分工程師,11月小作文,https://docs.google.com/document/d/1fraDmv4xqmPYNx_LMrsDPFBTGIQtDDNSKWdjSAuAiCY/edit?usp=sharing
2342,2025/11/17（週一） 23:54,23:54,747,747-0839642葫蘆,11月小作文,https://docs.google.com/document/d/1Q2Ou_YIpeepkrfjTWVEGEsebX9KgR1DNNMifHwbS0Ps/edit?usp=sharing
2343,2025/11/17（週一） 23:55,23:55,747,747-0839642葫蘆,順便提醒一下，除了在聊天室貼小作文,https://winwin17888.info/
2344,2025/11/18（週二） 00:56,00:56,567,567-0726661 Gary,十一月小作文,https://walnut-planarian-4a2.notion.site/2025-11-18-2ad7d11db04c80c19bd7cacf8c823f04?source=copy_link
2345,2025/11/18（週二） 01:46,01:46,690,690-0758503RUBY,11月小作文,https://docs.google.com/document/d/10iYNpiFY3gc0OInxCpJT1-TMvmwF7AWBWPtbdKsEb0Y/edit?usp=drivesdk
2346,2025/11/18（週二） 11:49,11:49,732,732-0826503Alin,11月小作文,https://docs.google.com/document/d/1OdXs8VZAkmsPMqI_rdLMRbNDh3jbvOjsRbgTlNsT_TE/edit?usp=sharing
2347,2025/11/18（週二） 15:22,15:22,531,531-0606228 QD,11月小作文,https://drive.google.com/file/d/1xj0Z49FH5a6dI47BlTpqHyZiL7dOJQsE/view?usp=sharing
2348,2025/11/18（週二） 20:24,20:24,560,560-0741251 強尼,11月小作文,https://docs.google.com/document/d/1T0rD8fMeAucYS7Ip_2sKF0GsrzNdG58KtycmsxtWNAs/edit?usp=sharing
2349,2025/11/18（週二） 20:27,20:27,820,820-087287羅傑,11月小作文,https://docs.google.com/spreadsheets/d/141PV3v9vYNbDp6i_mxEvhMOzAFv4l7uO/edit?usp=drive_link&ouid=110212900325571495706&rtpof=true&sd=true
2350,2025/11/18（週二） 21:11,21:11,547,547-0729532蹦蹦熊,10月小作文（補）,https://docs.google.com/document/d/1Fk-qvN5iF6prn2zhwYr7cbyPdKCwL9Sx-V_mJ9EMAsU/edit?tab=t.0
2351,2025/11/18（週二） 21:31,21:31,805,805-0436618戴爾馬克思,11月小作文,https://docs.google.com/document/d/1a5shqHzVlTYxNZ_sKpYKdvmpizJ0meZM/edit?usp=drive_link&ouid=112163142224531760494&rtpof=true&sd=true
2352,2025/11/18（週二） 21:58,21:58,656,656-0461450停利永遠是對的,10月小作文（補）,https://docs.google.com/document/d/116AXdH322r767-Xe_UKikVFaj_8lMHHS3ID0YpzNXc0/edit?usp=drivesdk
2353,2025/11/19（週三） 18:18,18:18,398,398-0502254昶,11月小作文,https://drive.google.com/file/d/1EhXLqkzKaLiZDFT3pCOJzUj4vyZnRvqk/view?usp=sharing
2354,2025/11/19（週三） 20:17,20:17,046,046-0406114 JOY88,謝謝706 Harpist大大的MSCI布局程式碼,https://stock-prediction-tw-mbhnkzevkqru4amgqjrpqb.streamlit.app/#ae87e6cc
2355,2025/11/19（週三） 23:02,23:02,691,691-0812313Roy,11月小作文-2428興勤,https://docs.google.com/document/d/1j7L1nWnl-QgQvgqesfedKr05PZ4-TIHj4oGEx4wes5w/edit?tab=t.0
2356,2025/11/20（週四） 00:17,00:17,530,530-0728960Harris,11月小作文 - Part 3,https://highfalutin-feverfew-5f0.notion.site/SHOP-2b0ea376be3880d2abc1f9110505f7c9?source=copy_link
2357,2025/11/20（週四） 08:33,08:33,609,609-0749949非洲巨象,11月小作文-台汽電,https://docs.google.com/document/d/1ISumfvDXo4Qy6Fu2yD6Pg9JdIR24w94nsY3Sy8huONo/edit?usp=sharing
2358,2025/11/20（週四） 12:55,12:55,502,⚡⭐502-0724579 Cowboy,十一月小作文,https://drive.google.com/file/d/1dsUIX5vlrgaxPb4Q-saJvLoZ0Gcfrdf3/view?usp=sharing
2359,2025/11/20（週四） 17:27,17:27,839,839-0892100sushih,十一月小作文,https://docs.google.com/document/d/1e6504uTMgWH4s4zkmClGaMvpLv4b_RiRCUUjvfEB3y4/edit?usp=drivesdk
2360,2025/11/20（週四） 21:26,21:26,012,012-0403340漢堡,11月小作文III,https://www.notion.so/6584-cfc831d611ee48e79f96a0450b270d14?source=copy_link
2361,2025/11/20（週四） 23:29,23:29,745,745-0830450更生狼,11月小作文-中小微多元貸款分享,https://docs.google.com/document/d/1gBkyGEfCr7oz-dcBxQQXQSD6m1d8DSmi/edit
2362,2025/11/21（週五） 14:38,14:38,762,762-0422318Zhao,11月小作文-實務操作3017奇鋐,https://docs.google.com/document/d/1JWhokHZzN32J_u9yQVRqkUCR30QDdUR-/edit?usp=drivesdk&ouid=114382682776953564648&rtpof=true&sd=true
2363,2025/11/21（週五） 18:45,18:45,681,681-0771836yu chen,十一月小作文 趨勢轉變後交易檢討,https://docs.google.com/document/d/14BTgq6vCbOnMkUdaUUaof_RvZnN_SPVOSEX6a1elZWE/edit?usp=drivesdk
2364,2025/11/22（週六） 13:26,13:26,517,517-0726218HK,11月小作文,https://docs.google.com/document/d/1AxNpQxk9-_IOIjvB9Rxssod0U_zNE-vqLn5m2Z1w0m0/edit?usp=drivesdk
2365,2025/11/22（週六） 15:57,15:57,504,504-0718103Leo,10月份小作文2368金像電(補),https://docs.google.com/document/d/1GOp6n-IFHr2pcIWrn013v2qshinl9IuY/edit?usp=sharing&ouid=116221624610756520924&rtpof=true&sd=true
2366,2025/11/22（週六） 16:03,16:03,724,724-08342062learner,11月小作文,https://drive.google.com/file/d/1yiupFZzSWY9_ImcWCIjkqyMyGK5lCyTp/view?usp=sharing\
2367,2025/11/22（週六） 16:37,16:37,437,⚡️⭐ 437-0548182林大大,十一月小作文2,https://docs.google.com/document/d/1nnqE7hmJxRkdyrVR-IVRyhbqLe46Dx7S/edit?usp=sharing&ouid=102413103344657402164&rtpof=true&sd=true
2368,2025/11/22（週六） 21:20,21:20,674,674-0786261 橘太郎,10月小作文(補),https://docs.google.com/document/d/1HBLrOfcnJKEWXGScxhnIvyCy2NnnDoLrZlxsm7dhpes/edit?tab=t.0
2369,2025/11/22（週六） 21:33,21:33,721,721-0831556余余,10月小作文（補）,https://docs.google.com/document/d/1-8H2K2a1_wLdFGZIklBqJoVFOANK4v3i0f7XgDiYFQA/edit?usp=drivesdk
2370,2025/11/22（週六） 23:07,23:07,672,672-0432997lan,10月小作文(補),https://drive.google.com/file/d/13CfK4yB8R_CcmxLLHaF3zfjj0kXd4luZ/view?usp=drivesdk
2371,2025/11/23（週日） 13:42,13:42,708,708-0827175南極熊,11月小作文,https://docs.google.com/document/d/131bEp1IvWMv0x3VA2HXC6dCLQ86mlAsUuvx_q5AKrZs/edit?usp=drivesdk
2372,2025/11/23（週日） 15:08,15:08,499,499-0707318 開心北極熊,11月小作文,https://docs.google.com/document/d/1igZh0iHlueNnTgeqUmn2BYXDFHEUC_pfj4XDaWC04Vc/edit?tab=t.0
2373,2025/11/23（週日） 15:34,15:34,470,470-0529994承承,10月小作文(補),https://docs.google.com/document/d/1roCv-O5zSL-5OwwtHO73AVSrq7K00Ijo/edit?usp=sharing&ouid=106380519427054374241&rtpof=true&sd=true
2374,2025/11/23（週日） 18:29,18:29,507,507-0707376shihhan,10月小作文（補）,https://drive.google.com/file/d/1KyOX8f_8HXVdmphtMJhjCkgsW3556WyT/view?usp=drivesdk
2375,2025/11/23（週日） 19:25,19:25,604,604-0435923電電甲三碗公,10月小作文-尖點(補),https://docs.google.com/document/d/1yAiEStFYUA6OVHZKRXitk2U908N3GKojnbbAR9N6YNM/edit?usp=sharing
2376,2025/11/23（週日） 20:48,20:48,540,540-0726483小林,十月小作文-當日開盤內5-30分鐘成交量前10名的觀察及探討-5(補),https://docs.google.com/document/d/1FstFkRum_6ddhYxiqDc1Uwh4rjX-jJ_acmALMB9vlX0/edit?tab=t.0
2377,2025/11/23（週日） 22:30,22:30,563,563-0554668社工日常,十一月小作文,https://drive.google.com/file/d/1SKikT23pgD9mE-hRrbUWJJkHSAbO1brv/view?usp=sharing
2378,2025/11/23（週日） 22:36,22:36,654,654-0768001Han,10月小作文(補),https://drive.google.com/file/d/134b8t8pNLNb0TfgIwYzUdJ3G8oZREylS/view?usp=drive_link
2379,2025/11/23（週日） 22:44,22:44,827,827-0658140中科韭菜大學生,11月小作文,https://drive.google.com/file/d/1759N540W9lApX4Bs5e1blk3lDuU589Dp/view?usp=sharing
2380,2025/11/23（週日） 23:06,23:06,688,688-0756482阿奇,11月小作文-高卡配對簡述,https://docs.google.com/document/d/12DHqAJOR_6OIrZcPefCpvS_sv-BAi8RpxmgfAq4V_ok/edit?usp=sharing
2381,2025/11/23（週日） 23:18,23:18,688,688-0756482阿奇,11月小作文-,https://docs.google.com/document/d/12LcZ3nLobZdVeBXf4BtVJSVxs32sA39vxHL3iUiV304/edit?usp=sharing
2382,2025/11/23（週日） 23:31,23:31,644,644-0394158三男寶爸楊仔,10月份小作文 (補),https://docs.google.com/document/d/1-VjpcdE7RQo1wksZXlMLP3kOVL1cPlkRGlp-1MU944g/edit?usp=sharing
2383,2025/11/23（週日） 23:46,23:46,697,697-0819617吳哥窟,11月小作文,https://docs.google.com/document/d/1X_4TQ8a6xRQ3QiSWMV7OEA9oFtPtH6Pv/edit?usp=drive_link&ouid=101256574752603373411&rtpof=true&sd=true
2384,2025/11/23（週日） 23:50,23:50,795,795-0861681Candy,11月小作文,https://docs.google.com/document/d/1nN4IDknXmse6NvdVO8Z49tg53DNs-FT3fLERClNmwmk/edit?usp=sharing
2385,2025/11/24（週一） 00:21,00:21,793,793-0855781公務小韭菜,11月小作文,https://drive.google.com/file/d/1he64UnTGQ5tqWqh0DmLeNHvi5v3aBrl3/view?usp=sharing
2386,2025/11/24（週一） 00:32,00:32,643,643-0449197Eva,10月1519華城,https://docs.google.com/document/d/1Ucb36Q2uQd171TcjvyCC99U46xmljKkSqsj0LFKZoZU/edit?usp=drive_link
2387,2025/11/24（週一） 07:42,07:42,701,701-0810302布萊恩,１１月小作文,https://drive.google.com/file/d/1SPehoUWGLdYNVWX6uVx4MRz1_Ex8WbCv/view?usp=drive_link
2388,2025/11/24（週一） 09:05,09:05,626,626-9800005rich,11月小作文,https://docs.google.com/document/d/1XJjVVSE4l2CnrbyYAWoRx4-KHsOz8wxx/edit?usp=drive_link&ouid=116363410657624684517&rtpof=true&sd=true
2389,2025/11/24（週一） 11:31,11:31,677,677-0783468Nokan,10月小作文,https://docs.google.com/document/d/1eWESKxaD3_TMiX3VS67Dj1j9lA5nWwVei4xgS9gz-oM/edit?usp=sharing
2390,2025/11/24（週一） 11:51,11:51,616,616-0749800 吉拉,10月小作文 補交(大樹 6469),https://docs.google.com/document/d/1CB9Ausob9rQBEqS0bAtCUeKpSmUi91K5l4TeSxLY7-Q/edit?usp=sharing
2391,2025/11/24（週一） 12:31,12:31,624,624-0748762張仔,10月小作文（補）-美股CRCL,https://drive.google.com/file/d/1e5-dRCYvxFQ-6xq9_wFUk5R6Cf8HEAQ_/view?usp=sharing
2392,2025/11/24（週一） 13:10,13:10,637,637-0437604 julian霖,10月小作文 (補) 昇達科 3491,https://docs.google.com/document/d/1YkvKrvp3bWc4yWm7l_xPOWaFQLYRuukBUIw8LN9KNc0/edit?usp=sharing
2393,2025/11/24（週一） 15:45,15:45,555,💎⭐555-0739797來信,11月小作文 台股-榮成1909,https://docs.google.com/document/d/e/2PACX-1vSZNW4go85COFYNZVstfErIJPWaom7sbQf-DHFvOOxIkEY444GVxauVdSUBIfhN77xBDjIh_5if8kxK/pub
2394,2025/11/24（週一） 15:49,15:49,645,645-0761383 ZN寶寶,11月小作文,https://docs.google.com/document/d/1sRs1KCK_nx1Uojvo9LaqndmNI2BVeYko/edit?usp=sharing&ouid=102250208818512340017&rtpof=true&sd=true
2395,2025/11/24（週一） 16:15,16:15,366,366-0402367-KAIKAI,11月小作文 美股-meta,https://docs.google.com/document/d/1ivgzZG5_2TRhCVm2RT9PIGV4U6k0JoBW632QQ5FgEfA/edit?usp=sharing
2396,2025/11/24（週一） 16:16,16:16,595,595-0405979Julia Lin,10月小作文(補),https://docs.google.com/document/d/1PIhGwCMvjyMUApKeKb_YnqET00PAElMU/edit?usp=sharing&ouid=111876163755521082625&rtpof=true&sd=true
2397,2025/11/24（週一） 20:42,20:42,726,726-0837754巴斯光年,11月小作文,https://docs.google.com/document/d/1P2Ezj90x3_n_dg7XCZJjw20zgDveBQjar_grznYkSZE/edit?tab=t.0#heading=h.w3zec6qwzvz
2398,2025/11/24（週一） 20:51,20:51,797,797-0823991西莉雅,11月小作文,https://docs.google.com/document/d/1-PWAWMJYKES7fv9RkCiEe1Ddz1K3j6zpDnt0xcQnD8Y/edit?usp=drivesdk
2399,2025/11/24（週一） 22:13,22:13,789,789-0850511草莓熊,11月小作文,https://drive.google.com/file/d/1vqrGeGq9WZAkRLpo3GBDxCr9ew8YOb8h/view?usp=drivesdk
2400,2025/11/24（週一） 22:31,22:31,586,586-9800001安煦,11月小作文,https://docs.google.com/document/d/13pvOHXKrVO4LLAy3gVjq75E0j8eDq4EEL626OKsHpCY/edit?tab=t.0
2401,2025/11/25（週二） 00:08,00:08,510,510-0726629小平,12月小作文,https://docs.google.com/document/d/1H3eNGUKhH_WFl66IyAG5-OD47OC_YO0w/edit?usp=drivesdk&ouid=116312886499122694237&rtpof=true&sd=true
2402,2025/11/25（週二） 07:45,07:45,743,743-0840194Nienchun,11月小作文,https://docs.google.com/document/d/1tBr-hup6WaKmg-miugVbPLDEpAXNLtXi/edit?usp=drivesdk&ouid=102846295865242249159&rtpof=true&sd=true
2403,2025/11/25（週二） 10:46,10:46,601,601-0743220邦邦,10小作文（補）,https://docs.google.com/document/d/112tazxCymDNilBm0Pq6PtDUzEyPoFpN2wADr5HixFBw/edit?usp=drivesdk
2404,2025/11/25（週二） 11:02,11:02,725,725-0836975阿天,11月小作文(2),https://docs.google.com/document/d/1_S3RAi8XPNRoMpDm1qjIhz5vR0-08a68/edit?usp=drive_link&ouid=105340632181941963504&rtpof=true&sd=true
2405,2025/11/25（週二） 13:45,13:45,431,431-0530336梅子,,https://docs.google.com/document/d/161xSmisqAfl-Jlo5JN_DIJe-G2vqM66WC0oB-TfWUI0/edit
2406,2025/11/25（週二） 15:25,15:25,480,480-0693299 Benson,11月小作文,https://docs.google.com/presentation/d/1KdKgHikYt0MscFTHf84RsWIlMLNqEiuR/edit?usp=sharing&ouid=118154091252196378446&rtpof=true&sd=true
2407,2025/11/25（週二） 15:29,15:29,115,115-0398769 阿六,,https://docs.google.com/document/d/1NQnkdCD0CGMx94XO6yo39YNJ-nJsbTi9wCaprYBSXpw/edit?usp=sharing
2408,2025/11/25（週二） 17:45,17:45,402,402-0511960 雪花冰,,https://docs.google.com/document/d/1AYg5UyB_-dv3YZslEqsN4XzEUHyOkhhz/edit?usp=drivesdk&ouid=103740366053566449567&rtpof=true&sd=true
2409,2025/11/25（週二） 19:13,19:13,622,622-0751982 Leon,11月小作文 美股NIO,https://docs.google.com/document/d/11N1q5Y7sUl2LHPELwVn7vq3ZBMnYE_0R2yknZiKI59w/edit?tab=t.0
2410,2025/11/25（週二） 20:48,20:48,702,💎⚡️⭐️702-0826118 溫溫,11月小作文 美股NVDQ,https://drive.google.com/file/d/18VcEN3Vkhf2MPKj1p7I_gBgR8607B9Yv/view?usp=sharing
2411,2025/11/25（週二） 21:45,21:45,575,575-0741277 黃金獵款,11月小作文,https://drive.google.com/file/d/1-mn2mmWFpNCesaFnHjNl83KXjzbw6Fzq/view?usp=drive_link
2412,2025/11/25（週二） 22:01,22:01,439,439-0529059 空格 整骨,11月小作文,https://docs.google.com/document/d/1WMhJGUEFfI00rLbinIGTfjv58k9-w3qj/edit?usp=drivesdk&ouid=108801240660729229585&rtpof=true&sd=true
2413,2025/11/25（週二） 23:25,23:25,526,526-0347875小妞,11月小作文,https://reurl.cc/8bqgZj
2414,2025/11/25（週二） 23:50,23:50,650,650-0768658Nick,11月小作文,https://docs.google.com/document/d/1UddowJx3EmKh6IvtKRvZUnJhsm7Fr5QuHV5h7dHhCgY/edit?usp=sharing
2415,2025/11/25（週二） 23:52,23:52,641,641-0759544阿財,11月小作文,https://docs.google.com/document/d/12nN3N6cilaVvK_XIdZo7URasQPcvVcw5YAndSG1ayeU/edit?usp=sharing
2416,2025/11/26（週三） 01:56,01:56,605,605-0735461小蘋果,11 月小作文,https://www.notion.so/2b45f9f4fef3804e84c9e2bd7a9b068c?source=copy_link
2417,2025/11/26（週三） 09:05,09:05,549,549-0736240 秋風漸落,11月小作文,https://docs.google.com/document/d/e/2PACX-1vQDzqqTMbDrHmY-c4yRD5ghqcwvECZedS8rRs2q_bLzVe88H1jVrVMSxsl8iQ28vWWr8Tum7jvmhSpN/pub
2418,2025/11/26（週三） 11:08,11:08,753,753-0766443 Rex,11月小作文,https://drive.google.com/file/d/1V7ng-NK107k1dj0qRPAkbtxHA9HLjqoo/view?usp=drive_link
2419,2025/11/26（週三） 12:42,12:42,695,695-0672171 MM,11月小作文,https://docs.google.com/document/d/1Axd7yqs25cOBHM3ff0DZv-0uSrpCV6DlCyH5qGFQE8c/edit?usp=drive_link
2420,2025/11/26（週三） 16:45,16:45,841,841-0899941Jz,11月小作文,https://docs.google.com/document/d/15Z48IKYr9L-_Xo46jPeDUR2H1mB4fWY2V0Z_rBHWHCA/edit?usp=sharing
2421,2025/11/26（週三） 17:12,17:12,248,248-0397346 Kenny,,https://docs.google.com/document/u/0/d/1nwYD5IjjFNH6wf-qY-EW8wSD7gDFT9sy/mobilebasic
2422,2025/11/27（週四） 07:39,07:39,634,634-0744957溫蒂漢堡,11月小作文台股5284 JPP-KY,https://docs.google.com/document/d/1damuOww_6WUmiwaPxBBoRBXMqD87i0Yx/edit?usp=sharing&ouid=108517892925346239777&rtpof=true&sd=true
2423,2025/11/27（週四） 09:34,09:34,399,399-0507288 Kim Chen,11月小作文,https://docs.google.com/document/d/1JehzWal2Div3mDIHXq7z-rQQw48zegcn/edit?usp=sharing&ouid=101924550352225612878&rtpof=true&sd=true
2424,2025/11/27（週四） 11:14,11:14,676,676-0782537 Taka,11月小作文-3000入住日月潭溫德姆,https://docs.google.com/document/d/1GTue9c105WoWE8ePhv-SaAkZWlsnR-oD1ISKRNysFv4/edit?usp=sharing
2425,2025/11/27（週四） 11:51,11:51,807,807-0855749Dash,11月小作文,https://docs.google.com/document/d/1N4l4hFXy7j9BA4KqUv9QHT-rukPhVAn3P-pqRsZ5ydM/edit?usp=sharing
2426,2025/11/27（週四） 13:46,13:46,416,416-0516004小象の小金庫,11月小作文,https://docs.google.com/document/d/1RFPncrH7UBwF4M-biDNRjjgxaKcIJxsx/edit?usp=sharing&ouid=116844414747715886483&rtpof=true&sd=true
2427,2025/11/27（週四） 15:38,15:38,446,446-0597683   高鐵自由座,11月小作文,https://docs.google.com/document/d/1wGF37-cr931ziKeogtH4jWkvv-6FA5WnGGdgOo4Yc-c/edit?usp=sharing
2428,2025/11/27（週四） 15:47,15:47,581,581-0721734Barney,11月 小作文,https://docs.google.com/document/d/1pPxmlQnrrnIoWwTmlNrQoIlpMjuhsdFAn6dUo9z6ERQ/edit?tab=t.0
2429,2025/11/27（週四） 16:24,16:24,496,496-0720984林小白,11月 小作文,https://docs.google.com/spreadsheets/d/14g0DQhZu5Wv1b_D4BfB8QN0LcttuwupNwqfMoudahjE/edit?usp=sharing
2430,2025/11/27（週四） 16:32,16:32,815,815-0720078fred,11月小作文,https://drive.google.com/file/d/1lqgOaic5JNNAZJOhd8T7DFI8JVA3K54P/view?usp=drivesdk
2431,2025/11/27（週四） 20:20,20:20,506,506-0723994 樂觀感恩,,https://docs.google.com/document/d/1ir0Acp2fGWd30XNQ0Wv7SOvMjCVeRmtO1QXF9j0YXHw/edit?usp=sharing
2432,2025/11/27（週四） 20:36,20:36,790,790-0464596JH,12月小作文-pcb/ccl及金居,https://docs.google.com/document/d/18VVtIvqH7kWAHXKQBMrUSTHSbTvi1t0AgyWyf2rSrGQ/edit?usp=drivesdk
2433,2025/11/27（週四） 20:36,20:36,809,809-0855574Siang,,https://docs.google.com/document/d/11Mwhq0RJbRYaguuJp7eqras2a79cvh9d/edit?usp=sharing&ouid=110050372820138247173&rtpof=true&sd=true
2434,2025/11/27（週四） 20:36,20:36,809,809-0855574Siang,,https://docs.google.com/document/d/1AMr5WKT75XuAtZcOUXgYzyk3yQWh1lUb/edit?usp=drive_link&ouid=110050372820138247173&rtpof=true&sd=true
2435,2025/11/27（週四） 21:57,21:57,617,617-0739454傑森,11月小作文,https://docs.google.com/document/d/1KCQZOMw4DPVeVx9SViuHcmGOPcBpbXQPUAInOlyfMac/edit?usp=sharing
2436,2025/11/27（週四） 22:29,22:29,821,821-0858791GT,11月小作文,https://docs.google.com/document/d/1dZ6US7Ouq5w379uxnJW_OC8bN_jJ-tgKSOUXSThwOGQ/edit?tab=t.0#heading=h.v957vmue4zbi
2437,2025/11/27（週四） 23:11,23:11,045,045-0397809 留威力,11月小作文 永擎破發,https://drive.google.com/file/d/1c-0HyHp-j4huumNYlFGVv3iqvcI_TFOr/view?usp=sharing
2438,2025/11/27（週四） 23:38,23:38,731,731-0835963混分工程師,11月小作文,https://docs.google.com/document/d/1LnL_g-hSgfYXRfJAzmuKm3jIfJxG0U51qN_1mpmuGKg/edit?usp=sharing
2439,2025/11/27（週四） 23:43,23:43,400,400-0430135 公園居民汪喵,12月小作文,https://docs.google.com/document/d/1S_viw8EsvcrnWmiN5a0IugbemlbI5IrO/edit?
2440,2025/11/28（週五） 01:14,01:14,377,377-0399496-99496-糸隹,11月小作文,https://docs.google.com/document/d/1fqo4ODbw5vxrWSLdyIdkCn_ADWM9IwEw/edit?usp=drivesdk&ouid=100871849434388685062&rtpof=true&sd=true
2441,2025/11/28（週五） 01:21,01:21,528,528-0434571荒唐信,11月小作文  FTMO 交易員考試心得分享,https://docs.google.com/document/d/1_n-Zot4aiGnKwLUQWeHJUt0YIws_fhz2m6_2exQEWBE/edit?usp=sharing
2442,2025/11/28（週五） 11:20,11:20,749,749-0222178狗狗玩泥巴,11月小作文-自由現金流概念,https://drive.google.com/file/d/1cxR4T_Qh9sGrb_lF2BzwIWwkCW8KXf6R/view?usp=sharing
2443,2025/11/28（週五） 11:43,11:43,382,382-0489733Liou,11月小作文,https://docs.google.com/document/d/1XcJUKpQj0h7cUr0s6M-D92F2_S850wI_/edit?usp=sharing&ouid=111696808857150992772&rtpof=true&sd=true
2444,2025/11/28（週五） 13:10,13:10,800,800-0859075波牛,11月的小作文,https://drive.google.com/file/d/1kflYfg_78mYEDQ_MmdEXT8qYuePR6M3E/view?usp=drivesdk
2445,2025/11/28（週五） 13:53,13:53,765,765-0748335小火龍,11月的小作文 京元電子,https://docs.google.com/document/d/1th2YRBeEsMSRj67B5PWuUt08ScpXbzB3I8DtKFGc_sY/edit?usp=sharing
2446,2025/11/28（週五） 16:14,16:14,414,414-0505439JCCC,11月小作文-5274-信驊,https://www.dropbox.com/scl/fi/w9r8325miv6g7hxui905n/5274-2-JCCC.docx?rlkey=l43pxd9ard6u83xjkfoyiss8a&st=9vc8qxpe&dl=0
2447,2025/11/28（週五） 16:34,16:34,578,💎⭐578-0742519GRACE,11月小作文   AI 帶動記憶體新趨勢：從 HDD 短缺看台灣供應鏈機遇,https://docs.google.com/document/d/1jLerTY4FCIJ7obcottcpv7GMtFdBfNKA/edit?usp=sharing&ouid=102610179587443278889&rtpof=true&sd=true
2448,2025/11/28（週五） 18:34,18:34,811,811-0862017里歐歐歐,11月小作文-6949-沛爾生醫-創,https://docs.google.com/document/d/1nxPtAxBMjHSM0CKQHY3wfzktatDePNI6/edit?usp=sharing&ouid=108871688150890454121&rtpof=true&sd=true
2449,2025/11/28（週五） 18:41,18:41,843,843-0758532Austin17,11月小作文,https://1drv.ms/w/c/721bbcc0ecc9d427/IQBMp0k6YL_fSaBhsHVeAKrPAaF40IVKFw4nAiZIK3QzmsA?e=QCa8TC
2450,2025/11/28（週五） 18:54,18:54,571,571-0727961小P,11月小作文-量化策略含程式碼-季策略(這是在本機端執行，如在finlab線上需更改會計科目，有時間再附上finlab 線上版，先交作業==),https://docs.google.com/document/d/1zh5vvJ-1AbEZCTGGwaTUnRJ5Ai4wj3ofpoa0WnepE_w/edit?tab=t.0
2451,2025/11/28（週五） 21:21,21:21,464,464-0678146小書僮,11月狼友小作文-漢唐2404,https://drive.google.com/file/d/1nBUyNyqMF_63t_NwT7pj6NGSlw57fnt5/view?usp=sharing
2452,2025/11/28（週五） 22:55,22:55,771,771-0848950Vincent,11月小作文,https://drive.google.com/file/d/1cbx12R5eBXuyaHF6n-knhtAk1B3ClFCr/view?usp=sharing
2453,2025/11/28（週五） 23:35,23:35,429,429-0531924三毛,11月小作文,https://docs.google.com/document/d/1SoXn1aXPRDu8eATxs74n5arbzWy9daJt/edit?usp=sharing&ouid=104235377859924673226&rtpof=true&sd=true
2454,2025/11/29（週六） 00:32,00:32,684,684-0808916papa造,11月小作文,https://drive.google.com/file/d/1wsdgoVNtQ_a4mcmVVaoIP_d_ZeI5bZBm/view?usp=sharing
2455,2025/11/29（週六） 04:47,04:47,655,655-0769819Liam,11月小作文,https://docs.google.com/document/d/149U8vT7bQ0hyRLxMJSmzrgTVbgfEZ1gKCINyCRlliS4/edit?tab=t.0
2456,2025/11/29（週六） 09:05,09:05,375,375-0488831財經百寶袋,11月小作文,https://drive.google.com/file/d/1313wbDdvUOQo2cBiPOBA4Bb7FHiiKW3K/view?usp=drivesdk
2457,2025/11/29（週六） 12:15,12:15,408,408-0212997 賞星星,11月 小作文,https://docs.google.com/document/d/1YkasOgXDtThfvLvN9ba_M49wckK2Xgsz/edit?usp=drivesdk&ouid=116226013342888550840&rtpof=true&sd=true
2458,2025/11/29（週六） 12:28,12:28,842,842-0905288YULI,11月小作文,https://docs.google.com/document/d/1CyUj6sByAq6XqJIt5K3PAMA8OIFfndjb6H6PZbIGPyE/edit?usp=sharing
2459,2025/11/29（週六） 14:30,14:30,733,733-0837770Oscar,11月 小作文,https://docs.google.com/document/d/1Sq7keNmmTHSmAkOLu5O9kj4LyeGW8IQEF2VG_h8JH6g/edit?usp=sharing
2460,2025/11/29（週六） 14:42,14:42,842,842-0905288YULI,12月小作文-白銀（白銀銀漿相關標的）,https://docs.google.com/document/d/e/2PACX-1vRg6gDsHV1I4NCxhknkOvPtq1huM0ObhbFh4rgHRNeowPdpjnabeoL7nBBK2SCuEnyNo12l3M_7TOWR/pub
2461,2025/11/29（週六） 15:38,15:38,648,648-0339100健達出奇蛋,11月小作文,https://drive.google.com/file/d/1IqEyCH1EpcJZ0BzNRfGQVMDX4bv5qDvV/view?usp=sharing
2462,2025/11/29（週六） 16:42,16:42,488,488-0707486 TK,11月小作文,https://www.notion.so/11-TXO-Put-Call-Ratio-PCR-2ba11723f5dc80eb81e5e5fc5f6fd3b5?source=copy_link
2463,2025/11/29（週六） 16:48,16:48,671,671-0787312 Hi there,11月 小作文,https://docs.google.com/document/d/169hFebiYA82sn7OAW1BOqvAERNr03LycSRD5fTETBB0/edit?tab=t.0
2464,2025/11/29（週六） 17:47,17:47,476,⚡️⭐️476-0689643  賢妻良母,11月小作文,https://docs.google.com/document/d/1eOmVoWPLgxwjnq7UMRWtAfBBuSOSehIISTrFK6V2jOw/edit?usp=sharing
2465,2025/11/29（週六） 20:29,20:29,438,438-0549592 Ono,11月小作文 台股 - 6277 宏正,https://docs.google.com/document/d/1V5zy3uFzX7ce8MvFQ-HW0mTWG1RBo_iAc56h2u2SJMA/edit?usp=sharing
2466,2025/11/29（週六） 21:48,21:48,692,692-0519098新手駕駛,11月小作文,https://drive.google.com/file/d/1KrFWhDS3pTXySbzH2XXedDxFMnx-uAI3/view?usp=sharing
2467,2025/11/29（週六） 23:20,23:20,611,611-0541723 鴿五郎,11月小作文,https://docs.google.com/document/d/1fC8vgTcysSIPHr19IjKvIFd2vyv1x2US/edit?usp=drive_link&ouid=104588451278844838269&rtpof=true&sd=true
2468,2025/11/29（週六） 23:26,23:26,819,819-0773902Hanzie,11月小作文,https://www.notion.so/2bae45daa4fe805b981bf43ce974a9c6?source=copy_link
2469,2025/11/29（週六） 23:40,23:40,570,570-0742289努力就會成功,11月小作文-2211長榮鋼,https://docs.google.com/document/d/1wrInFFMwDj6Xp3WmRTwbHZj6gSjOt-e5/edit?usp=drive_link&ouid=110464693689209888577&rtpof=true&sd=true
2470,2025/11/29（週六） 23:54,23:54,426,426-0527909飆仔,11月小作文-京元電：,https://docs.google.com/document/d/1xR9gVoo2oj3J3xKJluzrX3UZcFyJEf3K
2471,2025/11/30（週日） 00:16,00:16,535,535-0724553空格 王玉1個億,11月小作文-映泰2399,https://docs.google.com/document/d/1tN9tT39LRiZDe7LHQ5KJmfEJn31YnmG6/edit?usp=drivesdk&ouid=108855551660568832776&rtpof=true&sd=true
2472,2025/11/30（週日） 01:10,01:10,390,390-0489924_Joe,11月小作文,https://docs.google.com/document/d/1FeMYd2PCkcP811TpMPIJuvKX2ZrfIi6W/edit?usp=drive_link&ouid=118195642779018767860&rtpof=true&sd=true
2473,2025/11/30（週日） 03:36,03:36,623,623-0752473bad,11月小作文-申購抽籤期望值與避雷,https://docs.google.com/document/d/19oVM7wdcvEjRmHI_uvaRzm7xfGpUDMhZtHdt3Q4589Q/
2474,2025/11/30（週日） 07:43,07:43,481,481-0703493 大黑菊,十一月份小作文                                                                      台股-定穎投控3715,https://docs.google.com/document/d/1QZUQT3VB6gzB0n8sj9HLfc0C6J_829gJ/edit?usp=sharing&ouid=111827764144515851907&rtpof=true&sd=true
2475,2025/11/30（週日） 09:37,09:37,704,704-9800006阿波,11月小作文,https://drive.google.com/file/d/1eRgVzxsNb3N0fvtQIoiQYWt_efqFRqHc/view?usp=sharing
2476,2025/11/30（週日） 10:15,10:15,782,782-0406237TWLINS,11月小作文,https://docs.google.com/document/d/1W4ip4iiEZeiBbEbAE6ObpsLMyqtv6WbOAEeX7ksOCZs/edit?tab=t.0
2477,2025/11/30（週日） 10:23,10:23,485,485-0530080克里斯,11月小作文,https://docs.google.com/document/d/1EvYoWL8x6gYkYm_7I6_FS1x4SFUpmQuB/edit?usp=drive_link&ouid=116098567997374387789&rtpof=true&sd=true
2478,2025/11/30（週日） 10:34,10:34,447,447-0429654 Samuel,11月小作文,https://docs.google.com/document/d/1TSxZOzPtUzuTcc24Zp8PT0xLoMXgHZJ0KcrQoceB33A/edit?usp=sharing
2479,2025/11/30（週日） 10:40,10:40,508,508-0324115 Sean,11月小作文,https://docs.google.com/document/d/1crN7fzmkChTFVSIBttI7YidY2ybq0H6jLCwhl2fkdwI/edit?tab=t.0#heading=h.oci1k2upfnls
2480,2025/11/30（週日） 11:10,11:10,513,513-0727822 Loui,11月小作文,https://drive.google.com/file/d/1V2i9a7qTJM5t63PRz8NO82sEUlwmV-2_/view?usp=sharing
2481,2025/11/30（週日） 11:46,11:46,802,802-0860996李哥,11 月小作文,https://drive.google.com/file/d/1MMJFGifsZnUgeRQm8zf0-ZB4Ewwti1sU/view?usp=drivesdk
2482,2025/11/30（週日） 12:09,12:09,403,403-0511148 布萊恩,十一月小作文,https://drive.google.com/file/d/1ZTBfwaI-32Y8QylAiBtq1g0zQetRGVaK/view?usp=drive_link
2483,2025/11/30（週日） 13:14,13:14,379,379-0489759 迪諾,11 月小作文,https://docs.google.com/document/d/1vsjcAIUXbarvCB24fmPYqbYUCOuNxMD0-8Geltw_Kzk/edit?usp=sharing
2484,2025/11/30（週日） 13:29,13:29,318,🔥⚡⭐318-0398439交易失敗,12月小作文,https://docs.google.com/document/d/1-yPSeQfvU4x1JHmQ59GjQcEhNNyjEd5J7B127N2BB0g/edit?usp=drivesdk
2485,2025/11/30（週日） 15:03,15:03,635,635-0557322阿展,11月小作文,https://docs.google.com/document/d/1fEq0S_JQgWIhc0MtdeUbdVy8Ot734jCt/edit?usp=sharing&ouid=109030146905094579631&rtpof=true&sd=true
2486,2025/11/30（週日） 15:04,15:04,740,740-0836726超級奶爸,11月小作文,https://docs.google.com/document/d/1j2VyvWs8j4p3J3nsrDI1q2C3k9ISqhbR53jK9tBePz8/edit?usp=drivesdk
2487,2025/11/30（週日） 15:57,15:57,612,612-0751830 Bazinga,11月小作文,https://drive.google.com/file/d/1f3zaWxSh1whtATllDhJYPbVHjl3BjJ0J/view?usp=drive_link
2488,2025/11/30（週日） 16:12,16:12,759,759-0837835Ph,11月小作文,https://docs.google.com/document/d/1yEw1nIpQdfOKaM0SoZBC3T88Ap00L-xELBIsnNnXb-k/edit?usp=sharing
2489,2025/11/30（週日） 16:25,16:25,573,573-0741497快樂寶貝,11月小作文-書籍分享,https://docs.google.com/document/d/1MvV07XjlUaasVzjAlrjpDEi7SXqj_uTf3hGInt4LnZY/edit?usp=sharing
2490,2025/11/30（週日） 16:48,16:48,425,425-0531458狄桃培,11月小作文,https://docs.google.com/document/d/1J8PIhrUGzmZH6gTpNDmO4TEDM379Vbv2/edit?usp=drive_link&ouid=109149861247779089562&rtpof=true&sd=true
2491,2025/11/30（週日） 17:00,17:00,450,450-0424183 Seal,11月小作文,https://docs.google.com/document/d/1Rt6fxu1wvazzf3oB2C3c37WWZ11fiUwVN2VUJefLKeE/edit?tab=t.0
2492,2025/11/30（週日） 17:09,17:09,545,545-0735474阿隆,十一月小作文,https://drive.google.com/file/d/11zzSl4z18S9ayRq8NRbEVcHfKvIddXJx/view?usp=drivesdk
2493,2025/11/30（週日） 17:26,17:26,652,652-0760258STwind,十一月小作文,https://drive.google.com/file/d/1BcD87vK4Uw_NJqpWsgQwlm6zB32Cmv7q/view?usp=sharing
2494,2025/11/30（週日） 17:27,17:27,569,569-0741507兩津腿庫,十一月小作文,https://docs.google.com/document/d/1wwfdTYUXwWXze2hFuheU12-CGSI_Vmr2L0mBrKtLNII/edit?tab=t.0
2495,2025/11/30（週日） 17:33,17:33,554,554-0726975大平,十一月小作文,https://reurl.cc/zK6O0e
2496,2025/11/30（週日） 17:43,17:43,405,405-0510259黃柏,11月小作文,https://drive.google.com/file/d/1rFKJVzl3u-ftuErX_8qcLddg-71gk2XZ/view?usp=drive_link
2497,2025/11/30（週日） 17:59,17:59,659,659-0773876眼睛畫XX,11月小作文,https://drive.google.com/file/d/10rUXVJMysv9bdekkE23LWqIV831zCatA/view?usp=drive_link
2498,2025/11/30（週日） 19:11,19:11,711,711-0824408我要成為通靈王,11月小作文,https://docs.google.com/document/d/1_SSZ8PDHxA4j1V3Qx8dI70gF6xyeK5iZOYnRQ0MUp3U/edit?usp=sharing
2499,2025/11/30（週日） 20:08,20:08,591,591-0678531AlanLin,十一月小作文 台股-同泰3321,https://docs.google.com/document/d/12R5JNOUYyXRkjBhvoPAT6X9QfoWm2K0-LrPeyIlzHgY/edit?usp=drivesdk
2500,2025/11/30（週日） 20:59,20:59,761,761-0732697洞洞鞋,11月小作文融程電3416,https://docs.google.com/document/d/1dpS5xqHnERPp5Y4AVij73j6mwOuw6nTy/edit?usp=sharing&ouid=107276942400815504870&rtpof=true&sd=true
2501,2025/11/30（週日） 21:30,21:30,459,459-0677503登大狼小海龜拔拔,十一月小作文 台慶科3357,https://docs.google.com/document/d/1UlZrCwO9qOohQJFCGTupjA0TR6TUPOkM/edit?usp=drive_link&ouid=113713286884009637132&rtpof=true&sd=true
2502,2025/11/30（週日） 21:50,21:50,629,629-0727880 LEE,11月小作文,https://drive.google.com/file/d/1JAwIzbmEP_SCD5izTHMNUk4yK6iE7Qap/view?usp=drive_link
2503,2025/11/30（週日） 22:27,22:27,417,417-0405649 阿賢,11月小作文,https://drive.google.com/file/d/1Dyp5qxVPUNAk4vZi8sCshE16dePGJFfa/view?usp=sharing
2504,2025/11/30（週日） 22:36,22:36,462,462-0421377 RL,十一月小作文,https://docs.google.com/document/d/1J9gHK2KyVINbiUYliz74ZOJ9zP948BPci0NnVurrJZ8/edit?usp=sharing
2505,2025/11/30（週日） 22:38,22:38,628,628-0189541 Louis,11月小作文,https://docs.google.com/document/d/1swFI8YpZK0KHUOh_0_YqxXT-2scLncvz7wsDOOZhEm0/edit?usp=drive_link
2506,2025/11/30（週日） 22:38,22:38,727,727-0836124Terri,12月小作文,https://1drv.ms/w/c/AB7E953B91CF9220/EXh1RLeoDDNEtxHtCfFx9SQB6HDgvipFkgSQnvvlXm_JnA
2507,2025/11/30（週日） 22:41,22:41,597,597-0735283霹靂不看布袋戲,11月小作文,https://docs.google.com/document/d/1DIdpAymgEF9CYWKexW8AAi4QZw0GdYfM/edit?usp=drivesdk&ouid=106678726823243559533&rtpof=true&sd=true
2508,2025/11/30（週日） 23:00,23:00,826,826-0351476Asa,11月小作文,https://docs.google.com/document/d/1O7ao_y2jYdyEaRbFhf_8vMzLixbpDIvht7aZCagfDNU/edit?usp=sharing
2509,2025/11/30（週日） 23:06,23:06,478,478-0541613 WL,11月小作文,https://docs.google.com/document/d/1xfN_bcrt8XSR7ml3XIo-4j2N3-gZZMDB/edit?usp=sharing&ouid=109439436558587204793&rtpof=true&sd=true
2510,2025/11/30（週日） 23:07,23:07,651,651-0741170三毛,十一月小作文,https://docs.google.com/document/d/1JBYKyet_YgFJjGdFl-su3ng-pzOBljDQ/edit?usp=drive_link&ouid=118026756641120627271&rtpof=true&sd=true
2511,2025/12/1（週一） 00:02,00:02,430,430-0533702   從小買500,11月小作文,https://docs.google.com/document/d/10tpC4aKsO6ZW0dITDrFUXHtNhiE0AR40whzeoPTM4vk/edit?usp=drivesdk
2512,2025/12/1（週一） 00:04,00:04,649,649-07650橋,11月小作文,https://docs.google.com/document/d/1WigWo3tqWk7EgxyYnozdYPUb2izI12IV-DF4ft3NBjE/edit?usp=sharing
2513,2025/12/1（週一） 00:04,00:04,615,615-0396172John(小志),11月小作文                                       由田 3455,https://docs.google.com/document/d/1-nn7H8RYh0N2SSTCZY-u4kK4B_4HcBmy82T4vREdCAE/edit?usp=drive_link
2514,2025/12/1（週一） 00:07,00:07,659,659-0773876眼睛畫XX,12月小作文,https://drive.google.com/file/d/14j4Ry5bGlBoU-Ax4aapoQPXMQDFPiS60/view?usp=drive_link
2515,2025/12/1（週一） 00:16,00:16,734,⚡️📊⭐734-0838614數據King,11月小作文,https://drive.google.com/file/d/1qnVQweKK7EPS2lRWbby6bTT-PmxoI1Ni/view?usp=sharing
2516,2025/12/1（週一） 00:20,00:20,739,739-0836894菜鳥會計,11月小作文,https://docs.google.com/document/d/1GkkB_KItp4V-PgNE-NAY3mtPxyPyr0nrZNULMYRI0FQ/edit?usp=drivesdk
2517,2025/12/1（週一） 00:20,00:20,627,627-0512286 十圓,11月小作文,https://docs.google.com/document/d/171-bYZBz9TJ-GBsEfez4yGCyGyy6weAfL1tFrNxN15c/edit?usp=sharing
2518,2025/12/1（週一） 00:28,00:28,823,823-0785301AMBER,11月小作文,https://docs.google.com/document/d/15-T8eDAF5Nb4S9KBLNbL0stI6_GUnwY0/edit?usp=drive_link&ouid=106656004628424165560&rtpof=true&sd=true
2519,2025/12/1（週一） 00:29,00:29,468,468-0677901彩虹,11月小作文,https://docs.google.com/document/d/1DMmwoexCwi669Xey1ZBeBO6eUNzKlF1LIWZWIFG2Veg/edit?usp=drivesdk
2520,2025/12/1（週一） 00:34,00:34,516,516-0724825EJAY,11月小作文,https://drive.google.com/file/d/1VBZff8YwuVQnX0SXjDRncnCjb-wPhApE/view?usp=drivesdk
2521,2025/12/1（週一） 00:42,00:42,585,585-0734569止水,11月小作文,https://docs.google.com/document/d/1Umrfh6C7ajJnx1jaUr0fpmwE5DTVrjXjDYMq6oiphW4/edit?tab=t.0
2522,2025/12/1（週一） 01:24,01:24,713,713-0824864小邱Eric,11月小作文,https://drive.google.com/file/d/1zT2WafDvOm1aedWg72-iY7k3ETS4BZst/view?usp=sharing
2523,2025/12/1（週一） 01:28,01:28,460,460-0544474 Monson,11月小作文-3689湧德研究報告,https://drive.google.com/file/d/1imjYaE2fjp2PPa7JemD_wIUGt5oq9Ln0/view?usp=drive_link
2524,2025/12/1（週一） 01:30,01:30,778,778-0843133阿彥,十一月小作文,https://docs.google.com/document/d/10fqOPp-uiLUfZK3dhxBgPcxxH4bzd1lskIe8dq-J2rA/edit
2525,2025/12/1（週一） 02:40,02:40,741,741-0837178 PJ,十一月小作文,https://drive.google.com/file/d/144Q5GYbf0M474_o7eLzMRqjjY_WHYCkP/view?usp=sharing
2526,2025/12/1（週一） 02:42,02:42,754,754-0843382五四零九九,十二月小作文,https://docs.google.com/document/d/10jvh0ky2hDDnmr4jkmIHJjEtx7t6FaS1dvXMMpI5KGA/edit?usp=drivesdk
2527,2025/12/1（週一） 02:42,02:42,754,754-0843382五四零九九,十一月小作文,https://docs.google.com/document/d/1-zbuaM6w0OyfxQW5jnX7ns_n0Tpw2HOwXVrTN6MZ7Zg/edit?usp=drivesdk
2528,2025/12/1（週一） 02:43,02:43,754,754-0843382五四零九九,十月小作文,https://docs.google.com/document/d/12x3m96BA_BUkqmn4-Bf3vrloNx-1dVEF/edit?usp=sharing&ouid=102421539734318208984&rtpof=true&sd=true
2529,2025/12/1（週一） 07:46,07:46,688,688-0756482阿奇,11月小作文,https://docs.google.com/document/d/1PZqKEzpOW-IX7wO7rTCUmNrt_URiI66fiJck6GQ2-As/edit?usp=sharing
2530,2025/12/1（週一） 08:17,08:17,551,⚡️⭐️551-0689779QQ,11月小作文,https://docs.google.com/document/d/1WsUOUvmT-cY3_ApwwloaKdI3i_3c0VS2KjdNIJt6OFg/edit?usp=sharing
2531,2025/12/1（週一） 09:08,09:08,584,584-0745448雙北健美攻擊手,11月小作文,https://docs.google.com/document/d/1SRoHcoN1JQejpHuDjLRf-fTG6Ua3axMpAKyec69wTko/edit?usp=sharing
2532,2025/12/1（週一） 09:56,09:56,069,069-0401669Crswin,十二月小作文,https://docs.google.com/document/d/16WztTML56v-MKfwqJMv3dRX4wXEaWQZ7CVmejnNjvSM/edit?tab=t.0
2533,2025/12/1（週一） 10:26,10:26,749,749-0222178狗狗玩泥巴,12月小作文-美股-後AI時代的電力缺口還可以買什麼,https://drive.google.com/file/d/1yrOa87AwY-jqQYvOAOWnHqIWuV7xFsGx/view?usp=sharing
2534,2025/12/1（週一） 10:34,10:34,646,646-0760423林,12月小作文,https://docs.google.com/document/d/1KjUgKnGCt8uBgJXtCZ8qqrZLAJ15uKRaSHdo8-yqw_8/edit?usp=sharing
2535,2025/12/1（週一） 10:40,10:40,766,766-0839891準新手爸,11月小作文,https://docs.google.com/document/d/17CDY9gRC09qki3ijGUFjWa_8dLxIlb43/edit
2536,2025/12/1（週一） 14:17,14:17,694,694-0426369KaiHsiang,11月小作文,https://1drv.ms/w/c/2ad5bb8f605d1608/IQAPWYUyiNJCQ4jF-lYKhV-FAYewKEPd9baFME28DNH7yCc?e=0jpmKQ
2537,2025/12/1（週一） 14:33,14:33,580,580-0743628失業的交易人,12月小作文 台股-喬山1736,https://reurl.cc/LQ6EAX
2538,2025/12/1（週一） 15:56,15:56,772,772-0848332酷米米,11月小作文,https://1drv.ms/w/c/7f57f9ac50cb3fd4/IQCvo0ZMWYE9TY6Dn66GjAh2AWllAf9a5wqFB1045wRHORQ?e=6s1YNK
2539,2025/12/1（週一） 16:15,16:15,796,796-0851060木俞,12月小作文,https://docs.google.com/document/d/1wUYbMCBdoaFHvVGV7S47fJoP_eVUshxmfeUQyMGD8ss/edit?usp=sharing
2540,2025/12/1（週一） 16:45,16:45,422,422-0502966-thomasH,11月小作文-台股-3702大聯大,https://docs.google.com/document/d/1FBvT2BCXgm5PMSDKGWV20K2JwJt90VGlXnWv71ktDT8/edit?usp=sharing
2541,2025/12/1（週一） 17:58,17:58,845,845-0898353吱吱吱,12月小作文,https://docs.google.com/document/d/1-wvumkRCGguhxVAe51aPl3jQjrW4P_jY/edit?usp=drivesdk&ouid=104598148023004522895&rtpof=true&sd=true
2542,2025/12/1（週一） 18:08,18:08,583,583-0741594迷因哥,11月小作文,https://docs.google.com/document/d/1eHPodn5KDT0UNpYZq1gGahZnzgPen2xx65YmYh3Ydcs/edit?tab=t.0#heading=h.5leq47tv2fmg
2543,2025/12/1（週一） 22:18,22:18,712,712-0828899馬克蔡,12月小作文,https://docs.google.com/document/d/1X8dhPX-D8RjEBX93n39fsSeCEUu09iuyf0qNzW_XFEY/edit?usp=sharing
2544,2025/12/1（週一） 22:28,22:28,552,552-0738248小炫風,11月小作文,https://1drv.ms/w/c/691f33e0f672afe9/EeuwLlrBUq1IigIFwq7WwIsBBdm7DGHbT_YGlxqVv5zZMg
2545,2025/12/1（週一） 22:54,22:54,445,💎🌀⭐445-0556394 Kai,,https://docs.google.com/document/d/1WtlVgruFZ5XaDkI4C4rJZ9ksX-o60WHj3EgIWDPMsOo/edit?tab=t.0
2546,2025/12/1（週一） 22:55,22:55,587,587-0736295寫程式的工程師,12月小作文,https://docs.google.com/document/d/1V0to4RWmy6K3ZZ5oKI2N3U8BFbdMftOIiAQFIDjG5cM/edit?usp=drive_link
2547,2025/12/1（週一） 22:58,22:58,434,434-0547510菲獅,11月小作文-台股-京元電子2449,https://docs.google.com/document/d/15L_eJ8suOYyUw-FjeJyZP_4rUdr5_0kBesUEgDQlhaQ/edit?tab=t.0#heading=h.q3pz4apsc3iz
2548,2025/12/1（週一） 23:02,23:02,577,577-0741727Silence張震,11月小作文,https://www.dropbox.com/scl/fi/prkc6mui993cgvpqtx5ps/_Plug.pdf?rlkey=25120jg7maac6xbfv31fdl8gc&st=3hvjpo7n&dl=0
2549,2025/12/1（週一） 23:17,23:17,594,594-0741808二奶老爸,11月小作文 二奶  華通(2313),https://docs.google.com/presentation/d/18UmIrlQUzxlsrUGgmn82DIdZYZEAjNXs/edit?usp=sharing&ouid=100008298762117176422&rtpof=true&sd=true
2550,2025/12/1（週一） 23:18,23:18,594,594-0741808二奶老爸,12月小作文 二奶  合富-KY(4745),https://docs.google.com/presentation/d/1wXWuX-rFPxEFq-ulBlkdJw_DfA5N91yG/edit?usp=sharing&ouid=100008298762117176422&rtpof=true&sd=true
2551,2025/12/1（週一） 23:39,23:39,846,846-0905330一顆榕樹,12月小作文 一顆榕樹 輝達,https://docs.google.com/document/d/10cRigBce_evbmiaG7iL2P0ABGp4VSnIQ_TMmhXQstzA/edit?usp=drivesdk
2552,2025/12/2（週二） 00:09,00:09,404,404-0513832 Vicc,12月小作文-台股-新興2605,https://tinyurl.com/282uz7hh
2553,2025/12/2（週二） 00:21,00:21,404,404-0513832 Vicc,11月小作文-台股-邑錡7402,https://tinyurl.com/2bohnafv
2554,2025/12/2（週二） 00:23,00:23,748,748-0516415小巨人,11月小作文,https://drive.google.com/drive/folders/1ponMj0ZQg27UczfJj4Ho4S3HhripAPbM?usp=sharing
2555,2025/12/2（週二） 00:54,00:54,576,576-0741743 Zack,11月小作文-台股-矽力-KY (6415),https://drive.google.com/file/d/1qPCrbCiG3ejOBp2AT6228NAFmE499J37/view?usp=drive_link
2556,2025/12/2（週二） 01:05,01:05,686,686-0810001卡爾森,12月小作文 - 美股Ondas,https://docs.google.com/document/d/1FSibMMiqfttTRtuoVQBgIP72eisNQ0xuPEUTAWcDGfg/edit?usp=sharing
2557,2025/12/2（週二） 02:23,02:23,465,465-0677707股市細漢,11月小作文-台股-東陽1319,https://docs.google.com/document/d/1sR9vdG8WypAYgYH5OPV5FYtneADtA_A_/edit
2558,2025/12/2（週二） 10:31,10:31,582,582-0741280 RL,11月小作文-台股-雍智科技6683,https://drive.google.com/file/d/1uQVsYm7UpX9_JG1IS7UqC0jwpbeSYta2/view
2559,2025/12/2（週二） 11:14,11:14,720,720-0782948老白,,https://docs.google.com/document/d/1XFYmc1i4qUef-6VtQZ8-j0FHc1ronLajapkCCqoshaE/edit?usp=sharing
2560,2025/12/2（週二） 13:49,13:49,013,💎⭐️013-0395953 Che Li,,https://www.threads.com/@statementdog/post/DRv-VzTAWZ_?xmt=AQF0T_1qxzUpIJomYrZRPEnc7uOAYyf7D7Q6qFw4duW8Ku8aaE_CJQ_kLRHD-94tcJOgPpKq&slof=1
2561,2025/12/2（週二） 15:09,15:09,749,749-0222178狗狗玩泥巴,12月小作文-美股-AI除了吃電還要吃水,https://drive.google.com/file/d/1PyTaikAC0XifaMIjsT1rep6Jf648-u_1/view?usp=sharing
2562,2025/12/2（週二） 18:36,18:36,630,630-0755577 十四,12月小作文-台股-京鼎3413,https://reurl.cc/5b43Q7
2563,2025/12/2（週二） 18:43,18:43,840,840-0810276Kiki,小作文,https://docs.google.com/document/d/19PWLZQI-PiA_NOFhAWDcHL5zv62FieCntyg8zHZ1YIw/edit?tab=t.0#heading=h.9w3lwb4tqo2z
2564,2025/12/2（週二） 18:49,18:49,816,816-0859923cyanite77,12月小作文-台股　漢測,https://drive.google.com/file/d/1shPUTCce61UowmpxS2H16dE6tYLg-qZj/view?usp=sharing
2565,2025/12/2（週二） 21:28,21:28,442,442-0435237Raymond,12月小作文-斐波那契回調,https://docs.google.com/document/d/19rHxqCYNC7DYfXVuaBTmk_h1hsTxMIOHgFsQ-hF_zco/edit?usp=sharing
2566,2025/12/2（週二） 21:43,21:43,451,451-0634041阿山,11 月小作文-美股 CQQQ,https://docs.google.com/document/d/16WpELKbthkQssApIpKdurDPVWzl1JXoM/edit?usp=drive_link&ouid=117180024349907731538&rtpof=true&sd=true
2567,2025/12/2（週二） 23:16,23:16,773,773-0850430神奇海螺,12月小作文-台股 德律(3030),https://www.notion.so/2bd0320b805a805fa47dd6f2634c8bdb?source=copy_link
2568,2025/12/2（週二） 23:26,23:26,730,730-0837518VicWang,11月小作文- 台股 京元電子（2449）,https://docs.google.com/document/d/1YCjQ1DO3ZJ70vEvTqRGa8ziuxA_8GIqBZuMYGdksmhA/edit?usp=drivesdk
2569,2025/12/2（週二） 23:32,23:32,519,519-0725280 Benson,11月小作文-台股-華城1519,https://drive.google.com/file/d/1LzeAYxhbClZn-btiCF6t_4ASkgNnC94j/view?usp=sharing
2570,2025/12/3（週三） 00:03,00:03,514,514-0724883Ryan,11月小作文,https://docs.google.com/document/d/1DNq_g1iRTGi8qP22vXHz6K7xYa1GS7Ifnu7VWOE_Sn0/edit?usp=sharing
2571,2025/12/3（週三） 00:04,00:04,831,831-0403625吳小翰,11月小作文,https://docs.google.com/document/d/1jkV1TPnjmpWSdqIGcVPm9VKtUbHuJtrvmuZer8l-vZ8/edit?tab=t.0
2572,2025/12/3（週三） 00:28,00:28,638,638-0361071鵝爸,12月小作文-個股期貨選股策略-,https://docs.google.com/document/d/1gDWvBrZ9BmzulGyJjviWa9WnfTqnApi457_3eg98flo/edit?usp=sharing
2573,2025/12/3（週三） 03:50,03:50,387,387-0405856 Wesley,11月小作文 – 8076 伍豐,https://docs.google.com/document/d/1MCfKxsXSFmTHkYJaPtstMqVcJJU0VbALVGZUYkdEmDQ/edit?tab=t.0
2574,2025/12/3（週三） 09:27,09:27,666,666-0761406Frank,11月小作文（補）台股-新興2605,https://docs.google.com/document/d/10XSGcp2A463PlX3n-VvGHY45uTZDh2LL2-53Etk_tfE/edit?usp=drivesdk
2575,2025/12/3（週三） 09:54,09:54,780,780-0854698HSUAN,12月小作文 5469瀚宇博小作文,https://docs.google.com/document/d/1bFL0nbq_MrtCnHsNMOAitmaZYGy34XJB4pkBTm1ZC9I/edit?usp=sharing
2576,2025/12/3（週三） 11:00,11:00,722,722-0772657 左撇子艾德,十二月小作文,https://1drv.ms/w/c/4b4163e47faeea11/ETmegqnfY_ZJrDQax32Bb18BrqEvczh3s35RJSGMz6kYHw
2577,2025/12/3（週三） 13:34,13:34,625,625-0754138威廉Wang,11月小作文-美股 美光 MU,https://docs.google.com/document/d/1VDgCxkbkDVQbJc5fak2oFa-ts81fTrgz2j8gM00DuB0/edit?usp=sharing
2578,2025/12/3（週三） 14:51,14:51,670,🔥⭐670-0782621秀乙,11月小作文 台股-旭隼6409,https://docs.google.com/document/d/1WBGBzO4mI3_ABGx99MmWoWxL0pIGHrPXRh8g8aw7R6A/edit?usp=sharing
2579,2025/12/3（週三） 15:22,15:22,838,838-0888596chord,12月小作文 5344立衛,https://drive.google.com/file/d/1VmMQNuZgtYu4mZGBK5phyBwnbFIruRnp/view?usp=sharing
2580,2025/12/3（週三） 16:19,16:19,487,487-0489351 阿棋,11月小作文-周期性交易 1905 華紙,https://docs.google.com/document/d/1n0E3KFnaWo1zSPig6DmvGbl1ilUziru1/edit?usp=drivesdk&ouid=114973839542431950118&rtpof=true&sd=true
2581,2025/12/3（週三） 16:20,16:20,487,487-0489351 阿棋,12月小作文-周期性交易 1101 台泥,https://docs.google.com/document/d/1mY-god2o9lv6udizYQChSY5bg811pmQX/edit?usp=drivesdk&ouid=114973839542431950118&rtpof=true&sd=true
2582,2025/12/3（週三） 18:04,18:04,848,848-0866615QQ豬,12月小作文,https://docs.google.com/file/d/1_Thcvlt8uheiuzWw3W_TNxq5YaJA8cZ-/edit?usp=docslist_api&filetype=msword
2583,2025/12/3（週三） 20:55,20:55,608,608-0750132 Kris,12月小作文 台股-鴻海2317,https://docs.google.com/document/d/1WuLUKnn8EiEaK_cMguHEvA0zdTuaGhJM/edit?usp=drive_link&ouid=111747209380098572403&rtpof=true&sd=true
2584,2025/12/3（週三） 22:33,22:33,012,012-0403340漢堡,12月小作文,https://www.notion.so/HOOD-Robinhood-fc3e8c13549c4b05823fb1d9a12e843c?source=copy_link
2585,2025/12/3（週三） 22:53,22:53,231,231-0401287 Steven,12月小作文 台指規劃,https://docs.google.com/document/d/1tcBmqClgWoMpYgxjJQvngUiXnkAQVg8My_CCewkLsAY/edit?tab=t.0
2586,2025/12/3（週三） 23:25,23:25,381,381-0491048彼得森,11月小作文-力旺 3026,https://docs.google.com/document/d/13csmZlgxRMZ3ftAeNdB7kTG8xxVEwDGiCqX3A6_r0CY/edit?usp=sharing
2587,2025/12/3（週三） 23:46,23:46,618,618-0752428MMRT,11月小作文_8299_群聯,https://docs.google.com/document/d/1xp7zEkmTaBxG-y36ryLgoushIb_1oborZgWKEVM4BxY/edit?usp=sharing
2588,2025/12/3（週三） 23:58,23:58,530,530-0728960Harris,12月份小作文,https://highfalutin-feverfew-5f0.notion.site/ALAB-2beea376be38805fbf07fbf548066628?source=copy_link
2589,2025/12/3（週三） 23:58,23:58,559,🔥⚡⭐559-0740236哩奧娜多,十一月小作文 台股-鴻勁(7769),https://drive.google.com/file/d/1qzpQFHJXgtLOE9zob-K1FMc51F9d0svv/view?usp=sharing
2590,2025/12/4（週四） 00:04,00:04,610,610-0750365淳,11月小作文 台股-信昌電,https://docs.google.com/document/d/15Q3bazTHzEYIdfTJhQDZFtepPBxrlT_mmjE0ki6g5MA/edit?usp=drivesdk
2591,2025/12/4（週四） 00:38,00:38,659,659-0773876眼睛畫XX,12月小作文2,https://drive.google.com/file/d/1d22xXfmsc2gb3WhzG_yr8DyUMSo6E6Q2/view?usp=drive_link
2592,2025/12/4（週四） 01:11,01:11,839,839-0892100sushih,12月小作文 基本面之財報解讀與AI提示詞,https://docs.google.com/document/d/1EjoSU9DLKcEC2bpRS__NOjuNdgZpbtlI/edit?usp=drivesdk&ouid=112971208080394366112&rtpof=true&sd=true
2593,2025/12/4（週四） 10:13,10:13,537,537-0525273momoju,11月小作文,https://momoju.notion.site/11-2bf66c95fe8d80499c07c5457b6c62cf?source=copy_link
2594,2025/12/4（週四） 11:00,11:00,510,510-0726629小平,12月小作文1,https://docs.google.com/document/d/1RMHiUBWbs98vSXe8XfosMH2wIB_QhyTf/edit?usp=drivesdk&ouid=116312886499122694237&rtpof=true&sd=true
2595,2025/12/4（週四） 11:05,11:05,667,667-0782388鑽石商人,12月小作文 台股-亞通,https://docs.google.com/document/d/1pGDgksW9LnYzNpknGP2ePAiEf_-HtIkili8tAjC96VY/edit?usp=sharing
2596,2025/12/4（週四） 13:28,13:28,483,483-0677765Athena,12月小作文 台股-明泰,https://docs.google.com/document/d/1dXdABBoSMXtgptIwja1T7-wGF5UXXA4ZmCSstgnkp7s/edit?usp=sharing
2597,2025/12/4（週四） 15:24,15:24,706,706-0825193Harpist,12月小作文 台股-2330 / 0050 / 00631L / 00632R 價量分析,https://docs.google.com/document/d/1zcyQ72VMQf18RYlOmsd407fTpGQOVBn6-eFkeqJYzpE/edit?tab=t.0
2598,2025/12/4（週四） 15:25,15:25,674,674-0786261 橘太郎,十一月小作文 技術指標與大戶、散戶心理操作對應分析,https://docs.google.com/document/d/1jvONHB6D_iI7Ao_UaZckoGQ-gM5mosnI-CqSRXRMIc8/edit?tab=t.0
2599,2025/12/4（週四） 19:22,19:22,659,659-0773876眼睛畫XX,法說中文連結,https://mopsov.twse.com.tw/server-java/FileDownLoad
2600,2025/12/4（週四） 21:38,21:38,593,593-0745150RRRRR,11月小作文-美股 KLAC,https://drive.google.com/file/d/18r465jqVfDwuEjtcG_lkbl5yD2HfplJe/view?usp=drivesdk
2601,2025/12/4（週四） 21:53,21:53,724,724-08342062learner,12月小作文-散裝,https://drive.google.com/file/d/1Qso_VksNuSf6uNN-te_h0TDRv-J1-sCZ/view?usp=drive_link
2602,2025/12/4（週四） 23:30,23:30,633,633-0547293Link,12月小作文 上詮（3363）,https://docs.google.com/document/d/10K4Lj_9rVk7THDFuIOx7BF0h4PZ2VuZm/edit?usp=drivesdk&ouid=117453146904423090482&rtpof=true&sd=true
2603,2025/12/5（週五） 01:39,01:39,553,553-0720939東東,11月小作文 台股-家登,https://docs.google.com/document/d/1kEeF7HPJbh7f_MXXM7WN9R7uXKmRIzX2CPnhoC5izfw/edit?usp=sharing
2604,2025/12/5（週五） 09:26,09:26,565,565-0741387Boy(58E),11月小作文 阿魯米說書分享(影片-超級績效1、2+笑傲股市),https://1drv.ms/w/c/8076a8f18a0af7b7/IQBnwR-Dfn16R6hBtXbIyImeAWho-ZAEjElKwww3r1re6gY?e=9syyo9
2605,2025/12/5（週五） 15:12,15:12,850,850-0902854Tobe,12月小作文,https://docs.google.com/document/d/1hJQ0gbm8lLEzMku1GLIOpTARGI524F7pgZeXBpI7JH4/edit?usp=drive_link
2606,2025/12/5（週五） 15:13,15:13,851,851-0913856殯葬小哥,12月小作文,https://docs.google.com/document/d/1FzN0dvLlJl9R-WZ4BRYqueuJUHwePrKWVrTLGY-HoNA/edit?usp=drivesdk
